VisitID	Start	End	Side	SideCondition	SideError	TimeError	ConditionError	LickNumber	LickContactTime	LickDuration	AirState	DoorState	LED1State	LED2State	LED3State	LickStartTime
0	2026-05-07 15:06:01.335	2026-05-07 15:06:01.413	1	0	0	0	0	0	0	0	0	0	0	0	0	
1	2026-05-07 15:06:15.734	2026-05-07 15:06:15.921	3	0	0	0	0	0	0	0	0	0	0	0	0	
1	2026-05-07 15:06:15.937	2026-05-07 15:06:16.140	4	0	0	0	0	0	0	0	0	0	0	0	0	
3	2026-05-07 15:07:00.522	2026-05-07 15:07:00.553	8	0	0	0	0	0	0	0	0	0	0	0	0	
3	2026-05-07 15:07:07.012	2026-05-07 15:07:07.199	7	0	0	0	0	0	0	0	0	0	0	0	0	
3	2026-05-07 15:07:07.183	2026-05-07 15:07:07.433	8	0	0	0	0	0	0	0	0	0	0	0	0	
4	2026-05-07 15:07:22.315	2026-05-07 15:07:22.580	1	0	0	0	0	0	0	0	0	0	0	0	0	
5	2026-05-07 15:10:18.611	2026-05-07 15:10:19.032	4	0	0	0	0	0	0	0	0	0	0	0	0	
5	2026-05-07 15:10:20.764	2026-05-07 15:10:20.951	3	0	0	0	0	0	0	0	0	0	0	0	0	
5	2026-05-07 15:10:20.998	2026-05-07 15:10:22.324	3	0	0	0	0	1	0.0419999994337559	0.2184004	0	0	0	0	0	2026-05-07 15:10:21.591
5	2026-05-07 15:10:24.508	2026-05-07 15:10:25.085	3	0	0	0	0	0	0	0	0	0	0	0	0	
6	2026-05-07 15:10:46.816	2026-05-07 15:10:47.674	5	0	0	0	0	1	0.0419999994337559	0.2184003	0	0	0	0	0	2026-05-07 15:10:47.331
6	2026-05-07 15:10:51.543	2026-05-07 15:10:52.869	5	0	0	0	0	0	0	0	0	0	0	0	0	
7	2026-05-07 15:11:04.382	2026-05-07 15:11:04.491	7	0	0	0	0	0	0	0	0	0	0	0	0	
7	2026-05-07 15:11:07.548	2026-05-07 15:11:09.280	8	0	0	0	0	4	0.0560000017285347	0.4680008	0	0	0	0	0	2026-05-07 15:11:08.297
7	2026-05-07 15:11:10.278	2026-05-07 15:11:10.700	7	0	0	0	0	0	0	0	0	0	0	0	0	
7	2026-05-07 15:11:10.559	2026-05-07 15:11:10.918	8	0	0	0	0	0	0	0	0	0	0	0	0	
8	2026-05-07 15:11:25.442	2026-05-07 15:11:25.551	1	0	0	0	0	0	0	0	0	0	0	0	0	
8	2026-05-07 15:11:25.707	2026-05-07 15:11:26.487	1	0	0	0	0	0	0	0	0	0	0	0	0	
8	2026-05-07 15:11:28.062	2026-05-07 15:11:28.593	1	0	0	0	0	0	0	0	0	0	0	0	0	
8	2026-05-07 15:11:31.073	2026-05-07 15:11:31.401	1	0	0	0	0	0	0	0	0	0	0	0	0	
9	2026-05-07 15:15:19.286	2026-05-07 15:15:19.582	3	0	0	0	0	0	0	0	0	0	0	0	0	
10	2026-05-07 15:15:27.164	2026-05-07 15:15:31.594	2	0	0	0	0	7	0.30799999833107	1.3572024	0	0	0	0	0	2026-05-07 15:15:28.131
10	2026-05-07 15:15:35.650	2026-05-07 15:15:38.505	2	0	0	0	0	5	0.0700000021606684	1.0820019	0	0	0	0	0	2026-05-07 15:15:36.477
10	2026-05-07 15:16:00.844	2026-05-07 15:16:00.969	1	0	0	0	0	0	0	0	0	0	0	0	0	
10	2026-05-07 15:17:21.762	2026-05-07 15:17:21.840	2	0	0	0	0	0	0	0	0	0	0	0	0	
10	2026-05-07 15:17:21.965	2026-05-07 15:17:29.780	2	0	0	0	0	43	1.83399996161461	4.9090086	0	0	0	0	0	2026-05-07 15:17:23.353
10	2026-05-07 15:18:35.550	2026-05-07 15:18:37.750	2	0	0	0	0	17	0.825999975204468	1.9848035	0	0	0	0	0	2026-05-07 15:18:35.753
10	2026-05-07 15:20:19.774	2026-05-07 15:20:19.852	1	0	0	0	0	0	0	0	0	0	0	0	0	
10	2026-05-07 15:20:20.179	2026-05-07 15:20:21.100	1	0	0	0	0	0	0	0	0	0	0	0	0	
10	2026-05-07 15:20:22.317	2026-05-07 15:20:23.596	1	0	0	0	0	0	0	0	0	0	0	0	0	
10	2026-05-07 15:20:25.015	2026-05-07 15:20:25.483	1	0	0	0	0	0	0	0	0	0	0	0	0	
10	2026-05-07 15:20:25.905	2026-05-07 15:20:26.513	1	0	0	0	0	0	0	0	0	0	0	0	0	
10	2026-05-07 15:20:28.026	2026-05-07 15:20:28.213	1	0	0	0	0	0	0	0	0	0	0	0	0	
10	2026-05-07 15:20:28.603	2026-05-07 15:20:29.259	1	0	0	0	0	0	0	0	0	0	0	0	0	
10	2026-05-07 15:20:29.461	2026-05-07 15:20:30.101	1	0	0	0	0	0	0	0	0	0	0	0	0	
11	2026-05-07 15:22:03.639	2026-05-07 15:22:04.060	2	0	0	0	0	0	0	0	0	0	0	0	0	
12	2026-05-07 15:23:01.359	2026-05-07 15:23:01.421	6	0	0	0	0	0	0	0	0	0	0	0	0	
12	2026-05-07 15:23:01.484	2026-05-07 15:23:01.593	6	0	0	0	0	0	0	0	0	0	0	0	0	
14	2026-05-07 15:24:28.360	2026-05-07 15:24:28.735	1	0	0	0	0	0	0	0	0	0	0	0	0	
14	2026-05-07 15:24:30.825	2026-05-07 15:24:33.883	2	0	0	0	0	3	0.042000001296401	0.6552012	0	0	0	0	0	2026-05-07 15:24:32.229
14	2026-05-07 15:24:35.271	2026-05-07 15:24:35.489	1	0	0	0	0	0	0	0	0	0	0	0	0	
15	2026-05-07 15:24:50.075	2026-05-07 15:24:50.309	1	0	0	0	0	0	0	0	0	0	0	0	0	
16	2026-05-07 15:26:11.040	2026-05-07 15:26:12.787	8	0	0	0	0	1	0.0140000004321337	0.2184004	0	0	0	0	0	2026-05-07 15:26:11.617
16	2026-05-07 15:26:17.950	2026-05-07 15:26:19.105	8	0	0	0	0	0	0	0	0	0	0	0	0	
17	2026-05-07 15:26:36.405	2026-05-07 15:26:36.889	5	0	0	0	0	0	0	0	0	0	0	0	0	
17	2026-05-07 15:26:44.580	2026-05-07 15:26:45.079	6	0	0	0	0	0	0	0	0	0	0	0	0	
19	2026-05-07 15:27:34.328	2026-05-07 15:27:34.468	1	0	0	0	0	0	0	0	0	0	0	0	0	
20	2026-05-07 15:27:56.121	2026-05-07 15:27:56.402	6	0	0	0	0	0	0	0	0	0	0	0	0	
21	2026-05-07 15:28:03.079	2026-05-07 15:28:03.297	5	0	0	0	0	0	0	0	0	0	0	0	0	
21	2026-05-07 15:28:11.019	2026-05-07 15:28:11.129	6	0	0	0	0	0	0	0	0	0	0	0	0	
21	2026-05-07 15:28:11.160	2026-05-07 15:28:13.578	6	0	0	0	0	0	0	0	0	0	0	0	0	
21	2026-05-07 15:28:14.732	2026-05-07 15:28:15.575	6	0	0	0	0	0	0	0	0	0	0	0	0	
23	2026-05-07 15:28:19.662	2026-05-07 15:28:19.943	4	0	0	0	0	0	0	0	0	0	0	0	0	
23	2026-05-07 15:28:20.364	2026-05-07 15:28:20.629	3	0	0	0	0	0	0	0	0	0	0	0	0	
23	2026-05-07 15:28:22.064	2026-05-07 15:28:22.220	4	0	0	0	0	0	0	0	0	0	0	0	0	
23	2026-05-07 15:28:22.189	2026-05-07 15:28:22.298	3	0	0	0	0	0	0	0	0	0	0	0	0	
23	2026-05-07 15:28:22.392	2026-05-07 15:28:23.375	3	0	0	0	0	0	0	0	0	0	0	0	0	
23	2026-05-07 15:28:23.437	2026-05-07 15:28:23.624	3	0	0	0	0	0	0	0	0	0	0	0	0	
24	2026-05-07 15:28:25.340	2026-05-07 15:28:25.449	7	0	0	0	0	0	0	0	0	0	0	0	0	
25	2026-05-07 15:28:46.244	2026-05-07 15:28:46.790	7	0	0	0	0	0	0	0	0	0	0	0	0	
25	2026-05-07 15:28:47.586	2026-05-07 15:28:47.804	8	0	0	0	0	0	0	0	0	0	0	0	0	
25	2026-05-07 15:28:47.945	2026-05-07 15:28:47.960	7	0	0	0	0	0	0	0	0	0	0	0	0	
27	2026-05-07 15:29:08.911	2026-05-07 15:29:09.395	2	0	0	0	0	0	0	0	0	0	0	0	0	
27	2026-05-07 15:29:09.582	2026-05-07 15:29:09.753	1	0	0	0	0	0	0	0	0	0	0	0	0	
27	2026-05-07 15:29:10.221	2026-05-07 15:29:10.331	1	0	0	0	0	0	0	0	0	0	0	0	0	
27	2026-05-07 15:29:10.580	2026-05-07 15:29:10.845	1	0	0	0	0	0	0	0	0	0	0	0	0	
28	2026-05-07 15:29:13.591	2026-05-07 15:29:13.794	1	0	0	0	0	0	0	0	0	0	0	0	0	
30	2026-05-07 15:29:35.213	2026-05-07 15:29:35.259	4	0	0	0	0	0	0	0	0	0	0	0	0	
32	2026-05-07 15:30:35.538	2026-05-07 15:30:36.131	3	0	0	0	0	0	0	0	0	0	0	0	0	
32	2026-05-07 15:30:37.675	2026-05-07 15:30:39.188	4	0	0	0	0	0	0	0	0	0	0	0	0	
32	2026-05-07 15:30:40.858	2026-05-07 15:30:41.263	3	0	0	0	0	0	0	0	0	0	0	0	0	
33	2026-05-07 15:30:59.687	2026-05-07 15:31:00.623	1	0	0	0	0	0	0	0	0	0	0	0	0	
33	2026-05-07 15:31:02.978	2026-05-07 15:31:03.665	1	0	0	0	0	0	0	0	0	0	0	0	0	
33	2026-05-07 15:31:04.882	2026-05-07 15:31:05.147	2	0	0	0	0	0	0	0	0	0	0	0	0	
33	2026-05-07 15:31:05.537	2026-05-07 15:31:05.724	1	0	0	0	0	0	0	0	0	0	0	0	0	
34	2026-05-07 15:31:12.323	2026-05-07 15:31:12.557	2	0	0	0	0	0	0	0	0	0	0	0	0	
34	2026-05-07 15:31:13.664	2026-05-07 15:31:13.696	2	0	0	0	0	0	0	0	0	0	0	0	0	
34	2026-05-07 15:31:13.805	2026-05-07 15:31:14.304	1	0	0	0	0	0	0	0	0	0	0	0	0	
35	2026-05-07 15:31:26.722	2026-05-07 15:31:26.909	7	0	0	0	0	0	0	0	0	0	0	0	0	
35	2026-05-07 15:31:29.420	2026-05-07 15:31:29.935	8	0	0	0	0	0	0	0	0	0	0	0	0	
37	2026-05-07 15:31:54.849	2026-05-07 15:31:54.927	6	0	0	0	0	0	0	0	0	0	0	0	0	
37	2026-05-07 15:31:55.426	2026-05-07 15:31:56.268	6	0	0	0	0	0	0	0	0	0	0	0	0	
37	2026-05-07 15:32:03.553	2026-05-07 15:32:03.585	5	0	0	0	0	0	0	0	0	0	0	0	0	
37	2026-05-07 15:32:13.101	2026-05-07 15:32:13.179	6	0	0	0	0	0	0	0	0	0	0	0	0	
37	2026-05-07 15:32:14.629	2026-05-07 15:32:14.895	6	0	0	0	0	0	0	0	0	0	0	0	0	
38	2026-05-07 15:32:15.519	2026-05-07 15:32:16.423	7	0	0	0	0	0	0	0	0	0	0	0	0	
38	2026-05-07 15:32:16.595	2026-05-07 15:32:17.032	7	0	0	0	0	0	0	0	0	0	0	0	0	
39	2026-05-07 15:32:28.607	2026-05-07 15:32:28.841	4	0	0	0	0	0	0	0	0	0	0	0	0	
39	2026-05-07 15:32:28.981	2026-05-07 15:32:29.122	4	0	0	0	0	0	0	0	0	0	0	0	0	
39	2026-05-07 15:32:29.293	2026-05-07 15:32:29.574	3	0	0	0	0	0	0	0	0	0	0	0	0	
40	2026-05-07 15:34:10.382	2026-05-07 15:34:10.912	5	0	0	0	0	0	0	0	0	0	0	0	0	
41	2026-05-07 15:34:29.195	2026-05-07 15:34:30.896	5	0	0	0	0	1	0.0419999994337559	0.2184004	0	0	0	0	0	2026-05-07 15:34:29.757
41	2026-05-07 15:34:31.052	2026-05-07 15:34:31.410	5	0	0	0	0	0	0	0	0	0	0	0	0	
42	2026-05-07 15:34:46.246	2026-05-07 15:34:46.792	7	0	0	0	0	0	0	0	0	0	0	0	0	
42	2026-05-07 15:34:47.603	2026-05-07 15:34:47.978	8	0	0	0	0	0	0	0	0	0	0	0	0	
42	2026-05-07 15:34:50.240	2026-05-07 15:34:50.333	7	0	0	0	0	0	0	0	0	0	0	0	0	
43	2026-05-07 15:35:10.644	2026-05-07 15:35:11.128	1	0	0	0	0	0	0	0	0	0	0	0	0	
43	2026-05-07 15:35:12.485	2026-05-07 15:35:12.548	1	0	0	0	0	0	0	0	0	0	0	0	0	
43	2026-05-07 15:35:12.969	2026-05-07 15:35:13.000	1	0	0	0	0	0	0	0	0	0	0	0	0	
44	2026-05-07 15:36:37.583	2026-05-07 15:36:37.771	3	0	0	0	0	0	0	0	0	0	0	0	0	
44	2026-05-07 15:36:41.983	2026-05-07 15:36:42.310	4	0	0	0	0	0	0	0	0	0	0	0	0	
44	2026-05-07 15:36:42.232	2026-05-07 15:36:42.482	3	0	0	0	0	0	0	0	0	0	0	0	0	
46	2026-05-07 15:37:27.129	2026-05-07 15:37:27.940	1	0	0	0	0	0	0	0	0	0	0	0	0	
47	2026-05-07 15:37:36.614	2026-05-07 15:37:36.676	8	0	0	0	0	0	0	0	0	0	0	0	0	
45	2026-05-07 15:36:57.614	2026-05-07 15:36:58.004	3	0	0	0	0	0	0	0	0	0	0	0	0	
45	2026-05-07 15:36:59.018	2026-05-07 15:36:59.314	3	0	0	0	0	0	0	0	0	0	0	0	0	
45	2026-05-07 15:37:03.667	2026-05-07 15:37:08.503	3	0	0	0	0	26	1.13399997353554	3.2136056	0	0	0	0	0	2026-05-07 15:37:04.150
45	2026-05-07 15:38:05.724	2026-05-07 15:38:05.786	4	0	0	0	0	0	0	0	0	0	0	0	0	
45	2026-05-07 15:40:00.072	2026-05-07 15:40:00.103	4	0	0	0	0	0	0	0	0	0	0	0	0	
45	2026-05-07 15:40:00.134	2026-05-07 15:40:00.243	4	0	0	0	0	0	0	0	0	0	0	0	0	
45	2026-05-07 15:40:00.306	2026-05-07 15:40:00.399	4	0	0	0	0	0	0	0	0	0	0	0	0	
45	2026-05-07 15:40:00.493	2026-05-07 15:40:00.789	4	0	0	0	0	0	0	0	0	0	0	0	0	
45	2026-05-07 15:40:00.836	2026-05-07 15:40:02.849	4	0	0	0	0	0	0	0	0	0	0	0	0	
45	2026-05-07 15:40:11.663	2026-05-07 15:40:11.943	4	0	0	0	0	0	0	0	0	0	0	0	0	
45	2026-05-07 15:40:12.006	2026-05-07 15:40:12.489	4	0	0	0	0	0	0	0	0	0	0	0	0	
45	2026-05-07 15:40:12.583	2026-05-07 15:40:12.942	4	0	0	0	0	0	0	0	0	0	0	0	0	
45	2026-05-07 15:40:13.269	2026-05-07 15:40:13.363	4	0	0	0	0	0	0	0	0	0	0	0	0	
45	2026-05-07 15:40:28.277	2026-05-07 15:40:28.667	4	0	0	0	0	0	0	0	0	0	0	0	0	
45	2026-05-07 15:40:31.771	2026-05-07 15:40:32.208	4	0	0	0	0	0	0	0	0	0	0	0	0	
45	2026-05-07 15:40:33.066	2026-05-07 15:40:33.269	4	0	0	0	0	0	0	0	0	0	0	0	0	
45	2026-05-07 15:40:39.789	2026-05-07 15:40:40.195	4	0	0	0	0	0	0	0	0	0	0	0	0	
45	2026-05-07 15:40:41.240	2026-05-07 15:40:41.303	4	0	0	0	0	0	0	0	0	0	0	0	0	
49	2026-05-07 15:41:07.932	2026-05-07 15:41:08.462	6	0	0	0	0	0	0	0	0	0	0	0	0	
49	2026-05-07 15:41:08.556	2026-05-07 15:41:08.571	6	0	0	0	0	0	0	0	0	0	0	0	0	
50	2026-05-07 15:41:18.103	2026-05-07 15:41:18.649	7	0	0	0	0	0	0	0	0	0	0	0	0	
51	2026-05-07 15:42:13.998	2026-05-07 15:42:14.232	4	0	0	0	0	0	0	0	0	0	0	0	0	
51	2026-05-07 15:42:15.293	2026-05-07 15:42:15.527	3	0	0	0	0	0	0	0	0	0	0	0	0	
51	2026-05-07 15:42:23.062	2026-05-07 15:42:23.686	4	0	0	0	0	0	0	0	0	0	0	0	0	
52	2026-05-07 15:42:52.499	2026-05-07 15:42:52.670	8	0	0	0	0	0	0	0	0	0	0	0	0	
52	2026-05-07 15:42:52.514	2026-05-07 15:42:52.733	7	0	0	0	0	0	0	0	0	0	0	0	0	
53	2026-05-07 15:44:36.364	2026-05-07 15:44:36.769	3	0	0	0	0	0	0	0	0	0	0	0	0	
53	2026-05-07 15:44:38.922	2026-05-07 15:44:39.172	4	0	0	0	0	0	0	0	0	0	0	0	0	
53	2026-05-07 15:44:40.108	2026-05-07 15:44:43.259	3	0	0	0	0	18	0.811999976634979	2.0592036	0	0	0	0	0	2026-05-07 15:44:41.200
53	2026-05-07 15:44:48.610	2026-05-07 15:44:48.719	3	0	0	0	0	0	0	0	0	0	0	0	0	
53	2026-05-07 15:44:51.433	2026-05-07 15:44:51.558	4	0	0	0	0	0	0	0	0	0	0	0	0	
53	2026-05-07 15:44:59.390	2026-05-07 15:44:59.670	4	0	0	0	0	0	0	0	0	0	0	0	0	
48	2026-05-07 15:41:33.266	2026-05-07 15:41:34.514	2	0	0	0	0	0	0	0	0	0	0	0	0	
48	2026-05-07 15:41:34.639	2026-05-07 15:41:34.733	2	0	0	0	0	0	0	0	0	0	0	0	0	
48	2026-05-07 15:41:38.882	2026-05-07 15:41:38.914	2	0	0	0	0	0	0	0	0	0	0	0	0	
48	2026-05-07 15:42:25.433	2026-05-07 15:42:25.464	2	0	0	0	0	0	0	0	0	0	0	0	0	
48	2026-05-07 15:42:34.387	2026-05-07 15:42:37.445	2	0	0	0	0	21	1.00800001621246	2.5584045	0	0	0	0	0	2026-05-07 15:42:34.684
48	2026-05-07 15:45:36.954	2026-05-07 15:45:41.775	1	0	0	0	0	6	0.084000002592802	1.123202	0	0	0	0	0	2026-05-07 15:45:37.890
48	2026-05-07 15:45:51.743	2026-05-07 15:45:51.946	2	0	0	0	0	0	0	0	0	0	0	0	0	
48	2026-05-07 15:45:51.962	2026-05-07 15:45:54.504	2	0	0	0	0	11	0.546000003814697	1.3104023	0	0	0	0	0	2026-05-07 15:45:52.258
55	2026-05-07 15:50:10.969	2026-05-07 15:50:11.094	6	0	0	0	0	0	0	0	0	0	0	0	0	
55	2026-05-07 15:50:11.140	2026-05-07 15:50:11.546	6	0	0	0	0	0	0	0	0	0	0	0	0	
55	2026-05-07 15:50:14.541	2026-05-07 15:50:14.572	5	0	0	0	0	0	0	0	0	0	0	0	0	
54	2026-05-07 15:45:07.689	2026-05-07 15:45:07.829	3	0	0	0	0	0	0	0	0	0	0	0	0	
54	2026-05-07 15:45:08.422	2026-05-07 15:45:08.750	3	0	0	0	0	0	0	0	0	0	0	0	0	
54	2026-05-07 15:45:12.884	2026-05-07 15:45:13.960	3	0	0	0	0	0	0	0	0	0	0	0	0	
54	2026-05-07 15:45:14.132	2026-05-07 15:45:16.721	3	0	0	0	0	16	0.727999985218048	1.7940031	0	0	0	0	0	2026-05-07 15:45:14.802
54	2026-05-07 15:45:18.921	2026-05-07 15:45:18.952	4	0	0	0	0	0	0	0	0	0	0	0	0	
54	2026-05-07 15:45:19.046	2026-05-07 15:45:19.170	4	0	0	0	0	0	0	0	0	0	0	0	0	
54	2026-05-07 15:45:39.778	2026-05-07 15:45:39.934	4	0	0	0	0	0	0	0	0	0	0	0	0	
54	2026-05-07 15:45:40.636	2026-05-07 15:45:41.728	4	0	0	0	0	0	0	0	0	0	0	0	0	
54	2026-05-07 15:45:42.305	2026-05-07 15:45:49.388	4	0	0	0	0	0	0	0	0	0	0	0	0	
54	2026-05-07 15:45:52.102	2026-05-07 15:45:56.954	4	0	0	0	0	0	0	0	0	0	0	0	0	
54	2026-05-07 15:45:58.576	2026-05-07 15:45:59.106	3	0	0	0	0	0	0	0	0	0	0	0	0	
54	2026-05-07 15:45:59.200	2026-05-07 15:45:59.574	4	0	0	0	0	0	0	0	0	0	0	0	0	
54	2026-05-07 15:46:10.260	2026-05-07 15:46:10.354	3	0	0	0	0	0	0	0	0	0	0	0	0	
54	2026-05-07 15:46:10.510	2026-05-07 15:46:10.572	3	0	0	0	0	0	0	0	0	0	0	0	0	
54	2026-05-07 15:46:10.713	2026-05-07 15:46:10.744	3	0	0	0	0	0	0	0	0	0	0	0	0	
54	2026-05-07 15:46:26.906	2026-05-07 15:46:26.968	3	0	0	0	0	0	0	0	0	0	0	0	0	
54	2026-05-07 15:46:27.093	2026-05-07 15:46:27.186	3	0	0	0	0	0	0	0	0	0	0	0	0	
54	2026-05-07 15:46:28.278	2026-05-07 15:46:28.575	3	0	0	0	0	0	0	0	0	0	0	0	0	
54	2026-05-07 15:46:28.980	2026-05-07 15:46:29.058	3	0	0	0	0	0	0	0	0	0	0	0	0	
54	2026-05-07 15:46:30.119	2026-05-07 15:46:30.384	3	0	0	0	0	0	0	0	0	0	0	0	0	
54	2026-05-07 15:46:30.494	2026-05-07 15:46:30.665	3	0	0	0	0	0	0	0	0	0	0	0	0	
54	2026-05-07 15:46:31.554	2026-05-07 15:46:31.788	3	0	0	0	0	0	0	0	0	0	0	0	0	
54	2026-05-07 15:46:32.303	2026-05-07 15:46:32.412	3	0	0	0	0	0	0	0	0	0	0	0	0	
54	2026-05-07 15:46:32.678	2026-05-07 15:46:32.724	3	0	0	0	0	0	0	0	0	0	0	0	0	
54	2026-05-07 15:47:23.846	2026-05-07 15:47:24.392	3	0	0	0	0	0	0	0	0	0	0	0	0	
54	2026-05-07 15:51:14.726	2026-05-07 15:51:14.757	4	0	0	0	0	0	0	0	0	0	0	0	0	
54	2026-05-07 15:51:14.851	2026-05-07 15:51:15.038	4	0	0	0	0	0	0	0	0	0	0	0	0	
54	2026-05-07 15:51:15.069	2026-05-07 15:51:15.116	4	0	0	0	0	0	0	0	0	0	0	0	0	
54	2026-05-07 15:51:15.163	2026-05-07 15:51:15.459	4	0	0	0	0	0	0	0	0	0	0	0	0	
54	2026-05-07 15:51:19.141	2026-05-07 15:51:27.237	4	0	0	0	0	0	0	0	0	0	0	0	0	
54	2026-05-07 15:51:58.032	2026-05-07 15:51:58.047	3	0	0	0	0	0	0	0	0	0	0	0	0	
54	2026-05-07 15:51:58.313	2026-05-07 15:51:58.453	3	0	0	0	0	0	0	0	0	0	0	0	0	
54	2026-05-07 15:51:58.656	2026-05-07 15:51:58.812	3	0	0	0	0	0	0	0	0	0	0	0	0	
54	2026-05-07 15:52:25.737	2026-05-07 15:52:26.112	3	0	0	0	0	0	0	0	0	0	0	0	0	
54	2026-05-07 15:52:43.646	2026-05-07 15:52:44.785	3	0	0	0	0	0	0	0	0	0	0	0	0	
54	2026-05-07 15:52:53.147	2026-05-07 15:52:53.552	3	0	0	0	0	0	0	0	0	0	0	0	0	
54	2026-05-07 15:52:55.253	2026-05-07 15:52:55.721	3	0	0	0	0	0	0	0	0	0	0	0	0	
54	2026-05-07 15:57:21.062	2026-05-07 15:57:21.732	4	0	0	0	0	0	0	0	0	0	0	0	0	
54	2026-05-07 15:57:22.419	2026-05-07 15:57:22.466	4	0	0	0	0	0	0	0	0	0	0	0	0	
54	2026-05-07 15:57:22.544	2026-05-07 15:57:22.606	4	0	0	0	0	0	0	0	0	0	0	0	0	
54	2026-05-07 15:57:22.731	2026-05-07 15:57:23.058	4	0	0	0	0	0	0	0	0	0	0	0	0	
54	2026-05-07 15:57:35.897	2026-05-07 15:57:38.502	4	0	0	0	0	0	0	0	0	0	0	0	0	
54	2026-05-07 15:57:39.766	2026-05-07 15:57:40.452	4	0	0	0	0	0	0	0	0	0	0	0	0	
54	2026-05-07 15:57:41.451	2026-05-07 15:57:42.605	4	0	0	0	0	0	0	0	0	0	0	0	0	
54	2026-05-07 15:57:42.855	2026-05-07 15:57:43.588	4	0	0	0	0	0	0	0	0	0	0	0	0	
54	2026-05-07 15:57:44.134	2026-05-07 15:57:51.450	4	0	0	0	0	0	0	0	0	0	0	0	0	
54	2026-05-07 15:57:54.087	2026-05-07 15:57:58.408	4	0	0	0	0	0	0	0	0	0	0	0	0	
54	2026-05-07 15:57:58.486	2026-05-07 15:57:59.250	4	0	0	0	0	0	0	0	0	0	0	0	0	
54	2026-05-07 15:58:00.654	2026-05-07 15:58:01.013	4	0	0	0	0	0	0	0	0	0	0	0	0	
54	2026-05-07 15:58:01.310	2026-05-07 15:58:01.700	4	0	0	0	0	0	0	0	0	0	0	0	0	
54	2026-05-07 15:58:02.698	2026-05-07 15:58:03.634	4	0	0	0	0	0	0	0	0	0	0	0	0	
54	2026-05-07 15:58:05.116	2026-05-07 15:58:06.458	4	0	0	0	0	0	0	0	0	0	0	0	0	
54	2026-05-07 15:58:09.297	2026-05-07 15:58:10.997	4	0	0	0	0	0	0	0	0	0	0	0	0	
54	2026-05-07 15:58:32.931	2026-05-07 15:58:34.772	4	0	0	0	0	0	0	0	0	0	0	0	0	
56	2026-05-07 15:53:42.973	2026-05-07 15:53:43.363	1	0	0	0	0	0	0	0	0	0	0	0	0	
56	2026-05-07 15:53:47.326	2026-05-07 15:53:50.742	2	0	0	0	0	13	0.196000002324581	2.1312038	0	0	0	0	0	2026-05-07 15:53:47.684
56	2026-05-07 15:54:08.760	2026-05-07 15:54:09.836	2	0	0	0	0	0	0	0	0	0	0	0	0	
56	2026-05-07 15:54:19.477	2026-05-07 15:54:19.555	1	0	0	0	0	0	0	0	0	0	0	0	0	
56	2026-05-07 15:54:34.797	2026-05-07 15:54:36.310	1	0	0	0	0	0	0	0	0	0	0	0	0	
56	2026-05-07 15:54:37.152	2026-05-07 15:54:37.683	1	0	0	0	0	0	0	0	0	0	0	0	0	
56	2026-05-07 15:55:12.954	2026-05-07 15:55:14.280	1	0	0	0	0	0	0	0	0	0	0	0	0	
56	2026-05-07 15:55:14.483	2026-05-07 15:55:15.497	1	0	0	0	0	0	0	0	0	0	0	0	0	
56	2026-05-07 15:55:15.528	2026-05-07 15:55:16.137	1	0	0	0	0	0	0	0	0	0	0	0	0	
56	2026-05-07 15:55:16.199	2026-05-07 15:55:16.277	1	0	0	0	0	0	0	0	0	0	0	0	0	
56	2026-05-07 15:55:16.355	2026-05-07 15:55:16.449	1	0	0	0	0	0	0	0	0	0	0	0	0	
56	2026-05-07 15:55:16.495	2026-05-07 15:55:22.782	1	0	0	0	0	0	0	0	0	0	0	0	0	
56	2026-05-07 15:55:25.216	2026-05-07 15:55:25.434	1	0	0	0	0	0	0	0	0	0	0	0	0	
56	2026-05-07 15:55:25.497	2026-05-07 15:55:27.415	1	0	0	0	0	0	0	0	0	0	0	0	0	
56	2026-05-07 15:55:28.585	2026-05-07 15:55:28.617	1	0	0	0	0	0	0	0	0	0	0	0	0	
56	2026-05-07 15:55:31.877	2026-05-07 15:55:32.142	1	0	0	0	0	0	0	0	0	0	0	0	0	
56	2026-05-07 15:55:43.171	2026-05-07 15:55:43.203	1	0	0	0	0	0	0	0	0	0	0	0	0	
56	2026-05-07 15:55:59.302	2026-05-07 15:55:59.333	2	0	0	0	0	0	0	0	0	0	0	0	0	
56	2026-05-07 15:55:59.598	2026-05-07 15:55:59.629	2	0	0	0	0	0	0	0	0	0	0	0	0	
56	2026-05-07 15:55:59.785	2026-05-07 15:55:59.832	2	0	0	0	0	0	0	0	0	0	0	0	0	
56	2026-05-07 15:56:05.308	2026-05-07 15:56:05.386	2	0	0	0	0	0	0	0	0	0	0	0	0	
56	2026-05-07 15:56:05.433	2026-05-07 15:56:05.448	2	0	0	0	0	0	0	0	0	0	0	0	0	
56	2026-05-07 15:56:05.479	2026-05-07 15:56:05.526	2	0	0	0	0	0	0	0	0	0	0	0	0	
56	2026-05-07 15:56:06.868	2026-05-07 15:56:06.899	2	0	0	0	0	0	0	0	0	0	0	0	0	
56	2026-05-07 15:56:07.024	2026-05-07 15:56:07.055	2	0	0	0	0	0	0	0	0	0	0	0	0	
56	2026-05-07 15:56:09.255	2026-05-07 15:56:09.364	2	0	0	0	0	0	0	0	0	0	0	0	0	
57	2026-05-07 15:59:21.073	2026-05-07 15:59:21.525	4	0	0	0	0	0	0	0	0	0	0	0	0	
57	2026-05-07 15:59:23.803	2026-05-07 15:59:24.083	4	0	0	0	0	0	0	0	0	0	0	0	0	
57	2026-05-07 15:59:27.437	2026-05-07 15:59:27.484	4	0	0	0	0	0	0	0	0	0	0	0	0	
59	2026-05-07 15:59:52.085	2026-05-07 15:59:52.226	5	0	0	0	0	0	0	0	0	0	0	0	0	
59	2026-05-07 15:59:52.912	2026-05-07 15:59:53.006	6	0	0	0	0	0	0	0	0	0	0	0	0	
59	2026-05-07 15:59:53.817	2026-05-07 15:59:54.082	5	0	0	0	0	0	0	0	0	0	0	0	0	
58	2026-05-07 15:59:51.602	2026-05-07 15:59:51.664	4	0	0	0	0	0	0	0	0	0	0	0	0	
58	2026-05-07 15:59:54.925	2026-05-07 15:59:55.502	3	0	0	0	0	0	0	0	0	0	0	0	0	
58	2026-05-07 15:59:57.811	2026-05-07 15:59:58.045	4	0	0	0	0	0	0	0	0	0	0	0	0	
58	2026-05-07 15:59:58.013	2026-05-07 15:59:58.403	3	0	0	0	0	0	0	0	0	0	0	0	0	
58	2026-05-07 15:59:58.154	2026-05-07 15:59:58.513	4	0	0	0	0	0	0	0	0	0	0	0	0	
58	2026-05-07 15:59:58.497	2026-05-07 15:59:58.528	3	0	0	0	0	0	0	0	0	0	0	0	0	
58	2026-05-07 15:59:58.653	2026-05-07 15:59:58.747	4	0	0	0	0	0	0	0	0	0	0	0	0	
60	2026-05-07 16:00:14.815	2026-05-07 16:00:15.548	1	0	0	0	0	0	0	0	0	0	0	0	0	
60	2026-05-07 16:00:16.172	2026-05-07 16:00:16.219	2	0	0	0	0	0	0	0	0	0	0	0	0	
60	2026-05-07 16:00:16.671	2026-05-07 16:00:17.155	1	0	0	0	0	0	0	0	0	0	0	0	0	
61	2026-05-07 16:00:23.098	2026-05-07 16:00:23.348	1	0	0	0	0	0	0	0	0	0	0	0	0	
61	2026-05-07 16:00:26.702	2026-05-07 16:00:28.777	2	0	0	0	0	0	0	0	0	0	0	0	0	
61	2026-05-07 16:00:29.962	2026-05-07 16:00:31.210	2	0	0	0	0	0	0	0	0	0	0	0	0	
62	2026-05-07 16:00:44.392	2026-05-07 16:00:44.626	8	0	0	0	0	0	0	0	0	0	0	0	0	
62	2026-05-07 16:00:46.264	2026-05-07 16:00:46.405	7	0	0	0	0	0	0	0	0	0	0	0	0	
68	2026-05-07 16:01:32.550	2026-05-07 16:01:32.565	3	0	0	0	0	0	0	0	0	0	0	0	0	
68	2026-05-07 16:01:32.628	2026-05-07 16:01:32.846	3	0	0	0	0	0	0	0	0	0	0	0	0	
68	2026-05-07 16:01:33.439	2026-05-07 16:01:34.078	3	0	0	0	0	0	0	0	0	0	0	0	0	
69	2026-05-07 16:02:29.927	2026-05-07 16:02:30.410	1	0	0	0	0	0	0	0	0	0	0	0	0	
65	2026-05-07 16:00:55.609	2026-05-07 16:00:57.450	5	0	0	0	0	1	0.0560000017285347	0.2652005	0	0	0	0	0	2026-05-07 16:00:56.560
65	2026-05-07 16:00:57.528	2026-05-07 16:00:57.730	5	0	0	0	0	0	0	0	0	0	0	0	0	
65	2026-05-07 16:00:57.746	2026-05-07 16:00:58.261	5	0	0	0	0	0	0	0	0	0	0	0	0	
65	2026-05-07 16:00:58.339	2026-05-07 16:00:58.370	5	0	0	0	0	0	0	0	0	0	0	0	0	
65	2026-05-07 16:00:58.401	2026-05-07 16:01:01.240	5	0	0	0	0	0	0	0	0	0	0	0	0	
65	2026-05-07 16:01:05.421	2026-05-07 16:01:07.621	6	0	0	0	0	1	0.0280000008642673	0.2184004	0	0	0	0	0	2026-05-07 16:01:05.858
65	2026-05-07 16:01:08.120	2026-05-07 16:01:10.242	6	0	0	0	0	0	0	0	0	0	0	0	0	
65	2026-05-07 16:01:44.920	2026-05-07 16:01:45.061	6	0	0	0	0	0	0	0	0	0	0	0	0	
65	2026-05-07 16:02:25.527	2026-05-07 16:02:25.637	5	0	0	0	0	0	0	0	0	0	0	0	0	
71	2026-05-07 16:02:50.425	2026-05-07 16:02:50.581	4	0	0	0	0	0	0	0	0	0	0	0	0	
71	2026-05-07 16:02:52.609	2026-05-07 16:02:53.061	3	0	0	0	0	0	0	0	0	0	0	0	0	
72	2026-05-07 16:03:10.502	2026-05-07 16:03:10.549	6	0	0	0	0	0	0	0	0	0	0	0	0	
74	2026-05-07 16:04:25.304	2026-05-07 16:04:25.460	8	0	0	0	0	0	0	0	0	0	0	0	0	
74	2026-05-07 16:04:25.538	2026-05-07 16:04:25.975	7	0	0	0	0	0	0	0	0	0	0	0	0	
73	2026-05-07 16:03:29.877	2026-05-07 16:03:37.443	5	0	0	0	0	50	2.61799996718764	7.0044122	0	0	0	0	0	2026-05-07 16:03:30.267
73	2026-05-07 16:03:43.637	2026-05-07 16:03:43.777	5	0	0	0	0	0	0	0	0	0	0	0	0	
73	2026-05-07 16:05:04.320	2026-05-07 16:05:10.201	5	0	0	0	0	29	3.1360000371933	5.3196093	0	0	0	0	0	2026-05-07 16:05:04.741
73	2026-05-07 16:05:21.839	2026-05-07 16:05:22.338	6	0	0	0	0	0	0	0	0	0	0	0	0	
73	2026-05-07 16:05:22.416	2026-05-07 16:05:26.441	6	0	0	0	0	11	0.462000012397766	1.7784031	0	0	0	0	0	2026-05-07 16:05:22.837
77	2026-05-07 16:06:06.237	2026-05-07 16:06:06.767	3	0	0	0	0	0	0	0	0	0	0	0	0	
77	2026-05-07 16:06:10.339	2026-05-07 16:06:10.636	3	0	0	0	0	0	0	0	0	0	0	0	0	
78	2026-05-07 16:08:29.133	2026-05-07 16:08:29.648	7	0	0	0	0	0	0	0	0	0	0	0	0	
78	2026-05-07 16:08:31.145	2026-05-07 16:08:38.633	8	0	0	0	0	48	1.80600004456937	6.0760107	0	0	0	0	0	2026-05-07 16:08:32.050
78	2026-05-07 16:08:43.844	2026-05-07 16:08:43.968	7	0	0	0	0	0	0	0	0	0	0	0	0	
78	2026-05-07 16:08:45.840	2026-05-07 16:08:46.074	8	0	0	0	0	0	0	0	0	0	0	0	0	
78	2026-05-07 16:08:51.020	2026-05-07 16:08:51.160	8	0	0	0	0	0	0	0	0	0	0	0	0	
78	2026-05-07 16:08:59.210	2026-05-07 16:09:00.021	8	0	0	0	0	0	0	0	0	0	0	0	0	
78	2026-05-07 16:09:02.720	2026-05-07 16:09:02.798	7	0	0	0	0	0	0	0	0	0	0	0	0	
78	2026-05-07 16:09:08.866	2026-05-07 16:09:09.147	8	0	0	0	0	0	0	0	0	0	0	0	0	
78	2026-05-07 16:09:09.599	2026-05-07 16:09:09.662	8	0	0	0	0	0	0	0	0	0	0	0	0	
78	2026-05-07 16:09:11.128	2026-05-07 16:09:11.315	8	0	0	0	0	0	0	0	0	0	0	0	0	
78	2026-05-07 16:09:11.549	2026-05-07 16:09:12.173	8	0	0	0	0	0	0	0	0	0	0	0	0	
78	2026-05-07 16:09:15.605	2026-05-07 16:09:15.668	8	0	0	0	0	0	0	0	0	0	0	0	0	
78	2026-05-07 16:09:15.746	2026-05-07 16:09:15.995	8	0	0	0	0	0	0	0	0	0	0	0	0	
78	2026-05-07 16:09:19.770	2026-05-07 16:09:19.817	7	0	0	0	0	0	0	0	0	0	0	0	0	
78	2026-05-07 16:09:20.504	2026-05-07 16:09:21.362	7	0	0	0	0	1	0.0560000017285347	0.2718005	0	0	0	0	0	2026-05-07 16:09:21.081
78	2026-05-07 16:09:21.486	2026-05-07 16:09:21.533	7	0	0	0	0	0	0	0	0	0	0	0	0	
78	2026-05-07 16:09:21.611	2026-05-07 16:09:21.642	7	0	0	0	0	0	0	0	0	0	0	0	0	
78	2026-05-07 16:09:21.689	2026-05-07 16:09:21.752	7	0	0	0	0	0	0	0	0	0	0	0	0	
78	2026-05-07 16:09:21.830	2026-05-07 16:09:21.845	7	0	0	0	0	0	0	0	0	0	0	0	0	
78	2026-05-07 16:09:21.892	2026-05-07 16:09:23.265	7	0	0	0	0	1	0.0419999994337559	0.2340005	0	0	0	0	0	2026-05-07 16:09:22.734
78	2026-05-07 16:09:41.626	2026-05-07 16:09:41.673	8	0	0	0	0	0	0	0	0	0	0	0	0	
78	2026-05-07 16:09:50.378	2026-05-07 16:09:50.393	7	0	0	0	0	0	0	0	0	0	0	0	0	
78	2026-05-07 16:09:51.485	2026-05-07 16:09:51.501	7	0	0	0	0	0	0	0	0	0	0	0	0	
78	2026-05-07 16:09:51.517	2026-05-07 16:09:51.657	7	0	0	0	0	0	0	0	0	0	0	0	0	
78	2026-05-07 16:09:51.719	2026-05-07 16:09:51.953	8	0	0	0	0	0	0	0	0	0	0	0	0	
78	2026-05-07 16:09:51.985	2026-05-07 16:09:52.265	8	0	0	0	0	0	0	0	0	0	0	0	0	
78	2026-05-07 16:09:52.562	2026-05-07 16:09:52.640	8	0	0	0	0	0	0	0	0	0	0	0	0	
78	2026-05-07 16:09:52.671	2026-05-07 16:09:52.749	8	0	0	0	0	0	0	0	0	0	0	0	0	
78	2026-05-07 16:09:53.342	2026-05-07 16:09:54.293	8	0	0	0	0	0	0	0	0	0	0	0	0	
78	2026-05-07 16:09:54.465	2026-05-07 16:09:54.512	8	0	0	0	0	0	0	0	0	0	0	0	0	
76	2026-05-07 16:06:09.013	2026-05-07 16:06:09.201	5	0	0	0	0	0	0	0	0	0	0	0	0	
76	2026-05-07 16:06:33.537	2026-05-07 16:06:33.599	5	0	0	0	0	0	0	0	0	0	0	0	0	
76	2026-05-07 16:06:38.575	2026-05-07 16:06:40.612	5	0	0	0	0	10	0.517999991774559	1.3190023	0	0	0	0	0	2026-05-07 16:06:38.841
76	2026-05-07 16:08:38.820	2026-05-07 16:08:38.836	5	0	0	0	0	0	0	0	0	0	0	0	0	
76	2026-05-07 16:09:32.672	2026-05-07 16:09:34.778	5	0	0	0	0	16	0.71399998664856	1.7940032	0	0	0	0	0	2026-05-07 16:09:32.984
76	2026-05-07 16:10:06.368	2026-05-07 16:10:07.132	5	0	0	0	0	0	0	0	0	0	0	0	0	
76	2026-05-07 16:10:07.179	2026-05-07 16:10:07.351	5	0	0	0	0	0	0	0	0	0	0	0	0	
79	2026-05-07 16:10:10.018	2026-05-07 16:10:10.798	8	0	0	0	0	0	0	0	0	0	0	0	0	
79	2026-05-07 16:10:22.420	2026-05-07 16:10:22.451	7	0	0	0	0	0	0	0	0	0	0	0	0	
79	2026-05-07 16:10:22.607	2026-05-07 16:10:22.935	7	0	0	0	0	0	0	0	0	0	0	0	0	
79	2026-05-07 16:10:23.044	2026-05-07 16:10:23.169	7	0	0	0	0	0	0	0	0	0	0	0	0	
79	2026-05-07 16:10:23.465	2026-05-07 16:10:23.918	7	0	0	0	0	0	0	0	0	0	0	0	0	
79	2026-05-07 16:10:23.980	2026-05-07 16:10:24.074	7	0	0	0	0	0	0	0	0	0	0	0	0	
79	2026-05-07 16:10:27.287	2026-05-07 16:10:27.412	7	0	0	0	0	0	0	0	0	0	0	0	0	
79	2026-05-07 16:10:28.161	2026-05-07 16:10:28.582	7	0	0	0	0	0	0	0	0	0	0	0	0	
79	2026-05-07 16:10:28.660	2026-05-07 16:10:28.691	7	0	0	0	0	0	0	0	0	0	0	0	0	
79	2026-05-07 16:10:28.754	2026-05-07 16:10:29.924	7	0	0	0	0	0	0	0	0	0	0	0	0	
79	2026-05-07 16:10:29.971	2026-05-07 16:10:30.283	7	0	0	0	0	0	0	0	0	0	0	0	0	
79	2026-05-07 16:10:30.392	2026-05-07 16:10:30.517	7	0	0	0	0	0	0	0	0	0	0	0	0	
81	2026-05-07 16:11:59.842	2026-05-07 16:12:00.264	7	0	0	0	0	0	0	0	0	0	0	0	0	
81	2026-05-07 16:12:01.184	2026-05-07 16:12:01.808	8	0	0	0	0	0	0	0	0	0	0	0	0	
81	2026-05-07 16:12:02.916	2026-05-07 16:12:06.160	7	0	0	0	0	15	0.629999995231628	1.669203	0	0	0	0	0	2026-05-07 16:12:04.476
82	2026-05-07 16:12:46.486	2026-05-07 16:12:46.549	5	0	0	0	0	0	0	0	0	0	0	0	0	
82	2026-05-07 16:12:47.376	2026-05-07 16:12:48.031	5	0	0	0	0	0	0	0	0	0	0	0	0	
82	2026-05-07 16:12:50.527	2026-05-07 16:12:51.400	5	0	0	0	0	0	0	0	0	0	0	0	0	
82	2026-05-07 16:12:52.477	2026-05-07 16:12:52.586	5	0	0	0	0	0	0	0	0	0	0	0	0	
82	2026-05-07 16:12:56.049	2026-05-07 16:12:56.455	5	0	0	0	0	0	0	0	0	0	0	0	0	
82	2026-05-07 16:12:57.718	2026-05-07 16:12:59.528	6	0	0	0	0	0	0	0	0	0	0	0	0	
83	2026-05-07 16:13:57.607	2026-05-07 16:13:57.716	5	0	0	0	0	0	0	0	0	0	0	0	0	
83	2026-05-07 16:13:58.122	2026-05-07 16:13:58.855	5	0	0	0	0	0	0	0	0	0	0	0	0	
84	2026-05-07 16:14:53.798	2026-05-07 16:14:54.422	5	0	0	0	0	0	0	0	0	0	0	0	0	
84	2026-05-07 16:14:54.719	2026-05-07 16:14:57.464	5	0	0	0	0	18	0.867999985814095	2.277604	0	0	0	0	0	2026-05-07 16:14:55.015
84	2026-05-07 16:15:49.007	2026-05-07 16:15:49.054	5	0	0	0	0	0	0	0	0	0	0	0	0	
84	2026-05-07 16:15:53.016	2026-05-07 16:15:55.325	6	0	0	0	0	11	0.322000000625849	1.5444028	0	0	0	0	0	2026-05-07 16:15:53.702
84	2026-05-07 16:18:05.164	2026-05-07 16:18:05.242	5	0	0	0	0	0	0	0	0	0	0	0	0	
84	2026-05-07 16:18:05.289	2026-05-07 16:18:05.928	5	0	0	0	0	0	0	0	0	0	0	0	0	
84	2026-05-07 16:18:40.077	2026-05-07 16:18:40.108	6	0	0	0	0	0	0	0	0	0	0	0	0	
84	2026-05-07 16:19:13.383	2026-05-07 16:19:13.398	5	0	0	0	0	0	0	0	0	0	0	0	0	
85	2026-05-07 16:20:45.423	2026-05-07 16:20:45.704	7	0	0	0	0	0	0	0	0	0	0	0	0	
85	2026-05-07 16:20:46.265	2026-05-07 16:20:47.373	7	0	0	0	0	0	0	0	0	0	0	0	0	
86	2026-05-07 16:20:58.589	2026-05-07 16:20:58.620	6	0	0	0	0	0	0	0	0	0	0	0	0	
86	2026-05-07 16:21:01.522	2026-05-07 16:21:01.616	5	0	0	0	0	0	0	0	0	0	0	0	0	
86	2026-05-07 16:21:03.254	2026-05-07 16:21:05.485	5	0	0	0	0	2	0.0839999988675117	0.3588006	0	0	0	0	0	2026-05-07 16:21:04.174
88	2026-05-07 16:22:17.135	2026-05-07 16:22:17.369	5	0	0	0	0	0	0	0	0	0	0	0	0	
87	2026-05-07 16:22:05.654	2026-05-07 16:22:20.677	7	0	0	0	0	0	0	0	0	0	0	0	0	
89	2026-05-07 16:23:06.291	2026-05-07 16:23:06.354	8	0	0	0	0	0	0	0	0	0	0	0	0	
89	2026-05-07 16:23:08.288	2026-05-07 16:23:09.271	7	0	0	0	0	0	0	0	0	0	0	0	0	
90	2026-05-07 16:23:43.840	2026-05-07 16:23:44.137	6	0	0	0	0	0	0	0	0	0	0	0	0	
91	2026-05-07 16:24:11.764	2026-05-07 16:24:12.295	7	0	0	0	0	0	0	0	0	0	0	0	0	
91	2026-05-07 16:24:12.388	2026-05-07 16:24:12.607	7	0	0	0	0	0	0	0	0	0	0	0	0	
91	2026-05-07 16:24:14.385	2026-05-07 16:24:14.494	7	0	0	0	0	0	0	0	0	0	0	0	0	
91	2026-05-07 16:24:15.025	2026-05-07 16:24:15.196	7	0	0	0	0	0	0	0	0	0	0	0	0	
91	2026-05-07 16:24:15.446	2026-05-07 16:24:15.524	7	0	0	0	0	0	0	0	0	0	0	0	0	
91	2026-05-07 16:24:18.769	2026-05-07 16:24:19.018	8	0	0	0	0	0	0	0	0	0	0	0	0	
91	2026-05-07 16:24:19.549	2026-05-07 16:24:19.611	8	0	0	0	0	0	0	0	0	0	0	0	0	
93	2026-05-07 16:27:12.600	2026-05-07 16:27:12.772	8	0	0	0	0	0	0	0	0	0	0	0	0	
93	2026-05-07 16:27:14.051	2026-05-07 16:27:14.285	7	0	0	0	0	0	0	0	0	0	0	0	0	
94	2026-05-07 16:28:37.417	2026-05-07 16:28:41.536	8	0	0	0	0	13	0.182000003755093	2.1010037	0	0	0	0	0	2026-05-07 16:28:37.870
94	2026-05-07 16:28:43.813	2026-05-07 16:28:44.796	7	0	0	0	0	0	0	0	0	0	0	0	0	
95	2026-05-07 16:29:54.388	2026-05-07 16:29:54.747	7	0	0	0	0	0	0	0	0	0	0	0	0	
95	2026-05-07 16:29:54.778	2026-05-07 16:29:54.825	7	0	0	0	0	0	0	0	0	0	0	0	0	
96	2026-05-07 16:30:37.538	2026-05-07 16:30:37.616	8	0	0	0	0	0	0	0	0	0	0	0	0	
96	2026-05-07 16:30:37.647	2026-05-07 16:30:41.469	8	0	0	0	0	12	0.168000001460314	1.6848027	0	0	0	0	0	2026-05-07 16:30:38.193
96	2026-05-07 16:30:42.717	2026-05-07 16:30:43.902	7	0	0	0	0	0	0	0	0	0	0	0	0	
97	2026-05-07 16:32:08.720	2026-05-07 16:32:08.969	8	0	0	0	0	0	0	0	0	0	0	0	0	
97	2026-05-07 16:32:17.346	2026-05-07 16:32:17.362	7	0	0	0	0	0	0	0	0	0	0	0	0	
97	2026-05-07 16:32:17.658	2026-05-07 16:32:18.298	7	0	0	0	0	0	0	0	0	0	0	0	0	
97	2026-05-07 16:32:21.387	2026-05-07 16:32:25.162	8	0	0	0	0	28	1.16199994087219	3.1356055	0	0	0	0	0	2026-05-07 16:32:22.026
97	2026-05-07 16:32:30.404	2026-05-07 16:32:35.474	8	0	0	0	0	38	1.66600000858307	4.4460078	0	0	0	0	0	2026-05-07 16:32:30.981
97	2026-05-07 16:33:05.629	2026-05-07 16:33:05.660	8	0	0	0	0	0	0	0	0	0	0	0	0	
97	2026-05-07 16:33:05.831	2026-05-07 16:33:05.925	8	0	0	0	0	0	0	0	0	0	0	0	0	
97	2026-05-07 16:33:06.003	2026-05-07 16:33:06.190	8	0	0	0	0	0	0	0	0	0	0	0	0	
97	2026-05-07 16:33:06.284	2026-05-07 16:33:06.331	8	0	0	0	0	0	0	0	0	0	0	0	0	
97	2026-05-07 16:33:06.518	2026-05-07 16:33:07.313	8	0	0	0	0	0	0	0	0	0	0	0	0	
97	2026-05-07 16:33:07.376	2026-05-07 16:33:08.140	8	0	0	0	0	0	0	0	0	0	0	0	0	
97	2026-05-07 16:33:08.343	2026-05-07 16:33:21.541	8	0	0	0	0	0	0	0	0	0	0	0	0	
92	2026-05-07 16:26:14.271	2026-05-07 16:26:14.677	5	0	0	0	0	0	0	0	0	0	0	0	0	
92	2026-05-07 16:26:21.057	2026-05-07 16:26:24.661	6	0	0	0	0	28	0.770000010728836	2.9640052	0	0	0	0	0	2026-05-07 16:26:21.557
92	2026-05-07 16:27:52.552	2026-05-07 16:27:52.567	5	0	0	0	0	0	0	0	0	0	0	0	0	
92	2026-05-07 16:28:29.243	2026-05-07 16:28:29.305	6	0	0	0	0	0	0	0	0	0	0	0	0	
92	2026-05-07 16:28:29.399	2026-05-07 16:28:29.539	6	0	0	0	0	0	0	0	0	0	0	0	0	
92	2026-05-07 16:28:56.637	2026-05-07 16:28:57.120	6	0	0	0	0	0	0	0	0	0	0	0	0	
92	2026-05-07 16:29:01.473	2026-05-07 16:29:01.535	5	0	0	0	0	0	0	0	0	0	0	0	0	
92	2026-05-07 16:29:02.689	2026-05-07 16:29:02.814	5	0	0	0	0	0	0	0	0	0	0	0	0	
92	2026-05-07 16:29:06.075	2026-05-07 16:29:06.090	5	0	0	0	0	0	0	0	0	0	0	0	0	
92	2026-05-07 16:29:06.106	2026-05-07 16:29:06.293	5	0	0	0	0	0	0	0	0	0	0	0	0	
92	2026-05-07 16:29:07.463	2026-05-07 16:29:07.479	5	0	0	0	0	0	0	0	0	0	0	0	0	
92	2026-05-07 16:29:18.804	2026-05-07 16:29:18.898	5	0	0	0	0	0	0	0	0	0	0	0	0	
92	2026-05-07 16:29:19.350	2026-05-07 16:29:19.413	5	0	0	0	0	0	0	0	0	0	0	0	0	
92	2026-05-07 16:29:19.459	2026-05-07 16:29:19.631	5	0	0	0	0	0	0	0	0	0	0	0	0	
92	2026-05-07 16:29:20.115	2026-05-07 16:29:20.333	5	0	0	0	0	0	0	0	0	0	0	0	0	
92	2026-05-07 16:29:20.629	2026-05-07 16:29:20.957	5	0	0	0	0	0	0	0	0	0	0	0	0	
92	2026-05-07 16:29:22.673	2026-05-07 16:29:22.751	5	0	0	0	0	0	0	0	0	0	0	0	0	
92	2026-05-07 16:29:22.860	2026-05-07 16:29:23.047	5	0	0	0	0	0	0	0	0	0	0	0	0	
92	2026-05-07 16:29:24.670	2026-05-07 16:29:24.857	5	0	0	0	0	0	0	0	0	0	0	0	0	
92	2026-05-07 16:29:33.297	2026-05-07 16:29:34.779	5	0	0	0	0	9	0.476000010967255	1.123202	0	0	0	0	0	2026-05-07 16:29:33.655
92	2026-05-07 16:29:37.306	2026-05-07 16:29:37.384	5	0	0	0	0	0	0	0	0	0	0	0	0	
92	2026-05-07 16:33:20.542	2026-05-07 16:33:23.803	6	0	0	0	0	0	0	0	0	0	0	0	0	
92	2026-05-07 16:33:52.054	2026-05-07 16:33:52.210	5	0	0	0	0	0	0	0	0	0	0	0	0	
92	2026-05-07 16:33:52.304	2026-05-07 16:33:52.397	5	0	0	0	0	0	0	0	0	0	0	0	0	
92	2026-05-07 16:33:54.332	2026-05-07 16:33:56.781	5	0	0	0	0	0	0	0	0	0	0	0	0	
92	2026-05-07 16:34:14.752	2026-05-07 16:34:15.017	6	0	0	0	0	0	0	0	0	0	0	0	0	
92	2026-05-07 16:34:15.158	2026-05-07 16:34:15.220	6	0	0	0	0	0	0	0	0	0	0	0	0	
99	2026-05-07 16:34:26.094	2026-05-07 16:34:26.406	7	0	0	0	0	0	0	0	0	0	0	0	0	
99	2026-05-07 16:34:27.092	2026-05-07 16:34:27.342	8	0	0	0	0	0	0	0	0	0	0	0	0	
99	2026-05-07 16:34:28.465	2026-05-07 16:34:30.040	7	0	0	0	0	0	0	0	0	0	0	0	0	
98	2026-05-07 16:34:21.928	2026-05-07 16:34:23.722	6	0	0	0	0	0	0	0	0	0	0	0	0	
98	2026-05-07 16:34:26.983	2026-05-07 16:34:38.964	6	0	0	0	0	0	0	0	0	0	0	0	0	
100	2026-05-07 16:34:42.302	2026-05-07 16:34:42.583	7	0	0	0	0	0	0	0	0	0	0	0	0	
101	2026-05-07 16:35:01.740	2026-05-07 16:35:05.562	7	0	0	0	0	21	0.895999971777201	2.6364046	0	0	0	0	0	2026-05-07 16:35:02.738
101	2026-05-07 16:35:11.380	2026-05-07 16:35:12.285	7	0	0	0	0	0	0	0	0	0	0	0	0	
101	2026-05-07 16:35:15.062	2026-05-07 16:35:15.093	7	0	0	0	0	0	0	0	0	0	0	0	0	
102	2026-05-07 16:36:35.589	2026-05-07 16:36:35.761	7	0	0	0	0	0	0	0	0	0	0	0	0	
102	2026-05-07 16:36:37.212	2026-05-07 16:36:37.524	8	0	0	0	0	0	0	0	0	0	0	0	0	
102	2026-05-07 16:36:38.335	2026-05-07 16:36:44.825	8	0	0	0	0	51	3.0239999294281	6.1932109	0	0	0	0	0	2026-05-07 16:36:38.538
103	2026-05-07 16:36:36.151	2026-05-07 16:37:12.593	6	0	0	0	0	0	0	0	0	0	0	0	0	
103	2026-05-07 16:37:12.905	2026-05-07 16:37:31.281	6	0	0	0	0	0	0	0	0	0	0	0	0	
103	2026-05-07 16:37:31.328	2026-05-07 16:37:31.375	6	0	0	0	0	0	0	0	0	0	0	0	0	
70	2026-05-07 16:02:49.458	2026-05-07 16:02:49.676	1	0	0	0	0	0	0	0	0	0	0	0	0	
70	2026-05-07 16:02:49.801	2026-05-07 16:02:50.051	2	0	0	0	0	0	0	0	0	0	0	0	0	
70	2026-05-07 16:03:17.709	2026-05-07 16:03:21.141	2	0	0	0	0	25	1.35800004005432	3.1200054	0	0	0	0	0	2026-05-07 16:03:18.021
70	2026-05-07 16:03:39.222	2026-05-07 16:03:39.471	2	0	0	0	0	0	0	0	0	0	0	0	0	
70	2026-05-07 16:03:42.030	2026-05-07 16:04:32.293	2	0	0	0	0	0	0	0	0	0	0	0	0	
70	2026-05-07 16:04:34.930	2026-05-07 16:04:35.257	2	0	0	0	0	0	0	0	0	0	0	0	0	
70	2026-05-07 16:04:35.569	2026-05-07 16:04:36.131	2	0	0	0	0	0	0	0	0	0	0	0	0	
70	2026-05-07 16:04:55.584	2026-05-07 16:04:55.896	2	0	0	0	0	0	0	0	0	0	0	0	0	
70	2026-05-07 16:10:38.488	2026-05-07 16:10:38.490	1	0	0	0	0	0	0	0	0	0	0	0	0	
70	2026-05-07 16:13:30.385	2026-05-07 16:13:30.666	1	0	0	0	0	0	0	0	0	0	0	0	0	
70	2026-05-07 16:13:30.744	2026-05-07 16:13:31.134	1	0	0	0	0	0	0	0	0	0	0	0	0	
70	2026-05-07 16:11:51.980	2026-05-07 16:22:02.253	2	0	0	0	0	0	0	0	0	0	0	0	0	
70	2026-05-07 16:22:40.598	2026-05-07 16:23:00.550	2	0	0	0	0	0	0	0	0	0	0	0	0	
70	2026-05-07 16:23:00.878	2026-05-07 16:25:10.327	2	0	0	0	0	0	0	0	0	0	0	0	0	
70	2026-05-07 16:25:26.364	2026-05-07 16:25:26.738	2	0	0	0	0	0	0	0	0	0	0	0	0	
70	2026-05-07 16:25:38.953	2026-05-07 16:29:27.649	2	0	0	0	0	0	0	0	0	0	0	0	0	
70	2026-05-07 16:29:28.133	2026-05-07 16:29:28.492	2	0	0	0	0	0	0	0	0	0	0	0	0	
70	2026-05-07 16:29:30.052	2026-05-07 16:29:30.457	2	0	0	0	0	0	0	0	0	0	0	0	0	
70	2026-05-07 16:30:08.053	2026-05-07 16:30:12.499	2	0	0	0	0	0	0	0	0	0	0	0	0	
70	2026-05-07 16:30:12.905	2026-05-07 16:31:02.778	2	0	0	0	0	0	0	0	0	0	0	0	0	
70	2026-05-07 16:31:33.464	2026-05-07 16:33:29.138	2	0	0	0	0	0	0	0	0	0	0	0	0	
70	2026-05-07 16:33:59.870	2026-05-07 16:34:02.631	2	0	0	0	0	0	0	0	0	0	0	0	0	
70	2026-05-07 16:34:15.532	2026-05-07 16:34:40.165	2	0	0	0	0	0	0	0	0	0	0	0	0	
70	2026-05-07 16:34:47.107	2026-05-07 16:34:47.138	2	0	0	0	0	0	0	0	0	0	0	0	0	
70	2026-05-07 16:34:47.856	2026-05-07 16:34:48.651	2	0	0	0	0	0	0	0	0	0	0	0	0	
70	2026-05-07 16:35:01.038	2026-05-07 16:36:58.646	2	0	0	0	0	0	0	0	0	0	0	0	0	
70	2026-05-07 16:36:59.067	2026-05-07 16:37:02.390	2	0	0	0	0	0	0	0	0	0	0	0	0	
70	2026-05-07 16:37:17.803	2026-05-07 16:37:19.691	2	0	0	0	0	0	0	0	0	0	0	0	0	
70	2026-05-07 16:37:20.580	2026-05-07 16:37:23.559	2	0	0	0	0	0	0	0	0	0	0	0	0	
70	2026-05-07 16:37:24.823	2026-05-07 16:37:28.926	2	0	0	0	0	0	0	0	0	0	0	0	0	
104	2026-05-07 16:37:54.510	2026-05-07 16:37:57.333	2	0	0	0	0	0	0	0	0	0	0	0	0	
104	2026-05-07 16:37:57.708	2026-05-07 16:37:58.004	2	0	0	0	0	0	0	0	0	0	0	0	0	
105	2026-05-07 16:38:07.583	2026-05-07 16:38:08.098	7	0	0	0	0	0	0	0	0	0	0	0	0	
107	2026-05-07 16:39:39.794	2026-05-07 16:39:41.339	5	0	0	0	0	0	0	0	0	0	0	0	0	
106	2026-05-07 16:39:09.811	2026-05-07 16:39:09.905	8	0	0	0	0	0	0	0	0	0	0	0	0	
106	2026-05-07 16:39:11.044	2026-05-07 16:39:14.616	7	0	0	0	0	4	0.0560000017285347	0.7554014	0	0	0	0	0	2026-05-07 16:39:12.182
106	2026-05-07 16:39:14.641	2026-05-07 16:39:14.663	7	0	0	0	0	1	0.0140000004321337	0.2184004	0	0	0	0	0	2026-05-07 16:39:14.429
106	2026-05-07 16:39:17.830	2026-05-07 16:39:24.974	8	0	0	0	0	51	2.8000001013279	6.1308108	0	0	0	0	0	2026-05-07 16:39:18.110
106	2026-05-07 16:39:57.438	2026-05-07 16:40:00.059	7	0	0	0	0	0	0	0	0	0	0	0	0	
108	2026-05-07 16:40:08.592	2026-05-07 16:40:09.513	8	0	0	0	0	0	0	0	0	0	0	0	0	
108	2026-05-07 16:40:11.853	2026-05-07 16:40:18.529	8	0	0	0	0	53	2.89800000190735	6.4584114	0	0	0	0	0	2026-05-07 16:40:12.071
109	2026-05-07 16:41:23.722	2026-05-07 16:41:23.862	2	0	0	0	0	0	0	0	0	0	0	0	0	
80	2026-05-07 16:10:46.507	2026-05-07 16:10:46.553	3	0	0	0	0	0	0	0	0	0	0	0	0	
80	2026-05-07 16:10:54.353	2026-05-07 16:10:54.541	4	0	0	0	0	0	0	0	0	0	0	0	0	
80	2026-05-07 16:10:55.898	2026-05-07 16:10:55.929	4	0	0	0	0	0	0	0	0	0	0	0	0	
80	2026-05-07 16:10:56.210	2026-05-07 16:10:56.459	4	0	0	0	0	0	0	0	0	0	0	0	0	
80	2026-05-07 16:10:56.756	2026-05-07 16:11:01.186	4	0	0	0	0	0	0	0	0	0	0	0	0	
80	2026-05-07 16:11:02.153	2026-05-07 16:11:02.341	4	0	0	0	0	0	0	0	0	0	0	0	0	
80	2026-05-07 16:11:02.372	2026-05-07 16:11:02.450	4	0	0	0	0	0	0	0	0	0	0	0	0	
80	2026-05-07 16:11:02.715	2026-05-07 16:11:03.355	4	0	0	0	0	0	0	0	0	0	0	0	0	
80	2026-05-07 16:11:03.464	2026-05-07 16:11:03.511	4	0	0	0	0	0	0	0	0	0	0	0	0	
80	2026-05-07 16:11:03.635	2026-05-07 16:11:04.493	4	0	0	0	0	0	0	0	0	0	0	0	0	
80	2026-05-07 16:11:04.571	2026-05-07 16:11:05.320	4	0	0	0	0	0	0	0	0	0	0	0	0	
80	2026-05-07 16:11:05.929	2026-05-07 16:11:06.615	4	0	0	0	0	0	0	0	0	0	0	0	0	
80	2026-05-07 16:11:07.925	2026-05-07 16:11:08.487	4	0	0	0	0	0	0	0	0	0	0	0	0	
80	2026-05-07 16:11:08.581	2026-05-07 16:11:08.721	4	0	0	0	0	0	0	0	0	0	0	0	0	
80	2026-05-07 16:11:19.376	2026-05-07 16:11:20.047	3	0	0	0	0	2	0.0280000008642673	0.2184004	0	0	0	0	0	2026-05-07 16:11:19.828
80	2026-05-07 16:11:21.965	2026-05-07 16:11:22.589	3	0	0	0	0	0	0	0	0	0	0	0	0	
80	2026-05-07 16:11:35.475	2026-05-07 16:11:35.959	4	0	0	0	0	0	0	0	0	0	0	0	0	
80	2026-05-07 16:11:42.714	2026-05-07 16:11:42.760	4	0	0	0	0	0	0	0	0	0	0	0	0	
80	2026-05-07 16:12:04.179	2026-05-07 16:12:04.273	4	0	0	0	0	0	0	0	0	0	0	0	0	
80	2026-05-07 16:12:07.580	2026-05-07 16:12:07.658	4	0	0	0	0	0	0	0	0	0	0	0	0	
80	2026-05-07 16:12:14.896	2026-05-07 16:12:15.099	4	0	0	0	0	0	0	0	0	0	0	0	0	
80	2026-05-07 16:12:47.547	2026-05-07 16:12:50.199	4	0	0	0	0	11	0.433999985456467	1.3104023	0	0	0	0	0	2026-05-07 16:12:48.546
80	2026-05-07 16:13:55.704	2026-05-07 16:14:12.708	3	0	0	0	0	0	0	0	0	0	0	0	0	
80	2026-05-07 16:14:15.079	2026-05-07 16:14:15.687	3	0	0	0	0	0	0	0	0	0	0	0	0	
80	2026-05-07 16:14:15.750	2026-05-07 16:14:15.843	3	0	0	0	0	0	0	0	0	0	0	0	0	
80	2026-05-07 16:14:15.906	2026-05-07 16:14:16.046	3	0	0	0	0	0	0	0	0	0	0	0	0	
80	2026-05-07 16:14:16.093	2026-05-07 16:14:18.807	3	0	0	0	0	0	0	0	0	0	0	0	0	
80	2026-05-07 16:14:18.917	2026-05-07 16:14:23.597	3	0	0	0	0	0	0	0	0	0	0	0	0	
80	2026-05-07 16:14:29.649	2026-05-07 16:14:29.727	3	0	0	0	0	0	0	0	0	0	0	0	0	
80	2026-05-07 16:14:29.837	2026-05-07 16:14:30.055	3	0	0	0	0	0	0	0	0	0	0	0	0	
80	2026-05-07 16:14:30.429	2026-05-07 16:14:32.036	3	0	0	0	0	0	0	0	0	0	0	0	0	
80	2026-05-07 16:14:32.348	2026-05-07 16:14:36.654	3	0	0	0	0	0	0	0	0	0	0	0	0	
80	2026-05-07 16:14:36.701	2026-05-07 16:14:36.763	3	0	0	0	0	0	0	0	0	0	0	0	0	
80	2026-05-07 16:14:36.872	2026-05-07 16:14:39.821	3	0	0	0	0	0	0	0	0	0	0	0	0	
80	2026-05-07 16:14:40.086	2026-05-07 16:14:40.429	3	0	0	0	0	0	0	0	0	0	0	0	0	
80	2026-05-07 16:14:42.551	2026-05-07 16:14:44.157	3	0	0	0	0	0	0	0	0	0	0	0	0	
80	2026-05-07 16:14:47.418	2026-05-07 16:15:01.941	3	0	0	0	0	0	0	0	0	0	0	0	0	
80	2026-05-07 16:15:10.818	2026-05-07 16:15:11.145	4	0	0	0	0	0	0	0	0	0	0	0	0	
80	2026-05-07 16:15:13.173	2026-05-07 16:15:13.782	3	0	0	0	0	0	0	0	0	0	0	0	0	
80	2026-05-07 16:15:19.086	2026-05-07 16:15:21.036	3	0	0	0	0	0	0	0	0	0	0	0	0	
80	2026-05-07 16:16:13.702	2026-05-07 16:16:14.294	4	0	0	0	0	0	0	0	0	0	0	0	0	
80	2026-05-07 16:16:15.215	2026-05-07 16:16:33.014	4	0	0	0	0	0	0	0	0	0	0	0	0	
80	2026-05-07 16:16:36.025	2026-05-07 16:16:36.072	4	0	0	0	0	0	0	0	0	0	0	0	0	
80	2026-05-07 16:16:42.328	2026-05-07 16:16:42.343	4	0	0	0	0	0	0	0	0	0	0	0	0	
80	2026-05-07 16:16:49.753	2026-05-07 16:17:06.086	4	0	0	0	0	0	0	0	0	0	0	0	0	
80	2026-05-07 16:17:15.649	2026-05-07 16:17:15.961	4	0	0	0	0	0	0	0	0	0	0	0	0	
80	2026-05-07 16:17:16.086	2026-05-07 16:17:18.379	4	0	0	0	0	0	0	0	0	0	0	0	0	
80	2026-05-07 16:19:29.622	2026-05-07 16:19:29.778	4	0	0	0	0	0	0	0	0	0	0	0	0	
80	2026-05-07 16:19:29.825	2026-05-07 16:19:29.888	4	0	0	0	0	0	0	0	0	0	0	0	0	
80	2026-05-07 16:19:30.324	2026-05-07 16:19:30.683	4	0	0	0	0	0	0	0	0	0	0	0	0	
80	2026-05-07 16:19:30.808	2026-05-07 16:19:31.666	4	0	0	0	0	0	0	0	0	0	0	0	0	
80	2026-05-07 16:19:33.585	2026-05-07 16:22:02.206	4	0	0	0	0	0	0	0	0	0	0	0	0	
80	2026-05-07 16:22:42.142	2026-05-07 16:22:44.732	4	0	0	0	0	0	0	0	0	0	0	0	0	
80	2026-05-07 16:22:44.903	2026-05-07 16:22:46.198	4	0	0	0	0	0	0	0	0	0	0	0	0	
80	2026-05-07 16:22:56.276	2026-05-07 16:24:11.250	4	0	0	0	0	0	0	0	0	0	0	0	0	
80	2026-05-07 16:24:24.728	2026-05-07 16:24:29.049	4	0	0	0	0	0	0	0	0	0	0	0	0	
80	2026-05-07 16:24:29.080	2026-05-07 16:24:29.595	4	0	0	0	0	0	0	0	0	0	0	0	0	
80	2026-05-07 16:24:30.172	2026-05-07 16:24:30.796	4	0	0	0	0	0	0	0	0	0	0	0	0	
80	2026-05-07 16:24:34.057	2026-05-07 16:24:34.728	4	0	0	0	0	0	0	0	0	0	0	0	0	
80	2026-05-07 16:24:42.777	2026-05-07 16:24:42.886	4	0	0	0	0	0	0	0	0	0	0	0	0	
80	2026-05-07 16:24:43.011	2026-05-07 16:24:43.198	4	0	0	0	0	0	0	0	0	0	0	0	0	
80	2026-05-07 16:24:43.230	2026-05-07 16:24:43.308	4	0	0	0	0	0	0	0	0	0	0	0	0	
80	2026-05-07 16:29:19.085	2026-05-07 16:29:19.444	3	0	0	0	0	0	0	0	0	0	0	0	0	
80	2026-05-07 16:24:43.495	2026-05-07 16:33:28.155	4	0	0	0	0	0	0	0	0	0	0	0	0	
80	2026-05-07 16:33:40.791	2026-05-07 16:33:45.970	4	0	0	0	0	0	0	0	0	0	0	0	0	
80	2026-05-07 16:33:50.354	2026-05-07 16:36:16.589	4	0	0	0	0	0	0	0	0	0	0	0	0	
80	2026-05-07 16:36:16.869	2026-05-07 16:37:05.822	4	0	0	0	0	0	0	0	0	0	0	0	0	
80	2026-05-07 16:37:06.212	2026-05-07 16:38:08.129	4	0	0	0	0	0	0	0	0	0	0	0	0	
80	2026-05-07 16:38:16.272	2026-05-07 16:41:23.868	4	0	0	0	0	0	0	0	0	0	0	0	0	
80	2026-05-07 16:41:24.127	2026-05-07 16:41:25.126	3	0	0	0	0	0	0	0	0	0	0	0	0	
80	2026-05-07 16:41:23.878	2026-05-07 16:41:25.360	4	0	0	0	0	0	0	0	0	0	0	0	0	
80	2026-05-07 16:41:26.545	2026-05-07 16:41:26.608	3	0	0	0	0	0	0	0	0	0	0	0	0	
80	2026-05-07 16:41:27.138	2026-05-07 16:41:27.403	3	0	0	0	0	0	0	0	0	0	0	0	0	
80	2026-05-07 16:41:27.419	2026-05-07 16:41:40.944	3	0	0	0	0	0	0	0	0	0	0	0	0	
80	2026-05-07 16:41:42.598	2026-05-07 16:41:43.315	3	0	0	0	0	0	0	0	0	0	0	0	0	
80	2026-05-07 16:41:25.422	2026-05-07 16:41:48.666	4	0	0	0	0	0	0	0	0	0	0	0	0	
80	2026-05-07 16:41:50.195	2026-05-07 16:41:59.758	4	0	0	0	0	0	0	0	0	0	0	0	0	
113	2026-05-07 16:42:18.915	2026-05-07 16:42:19.196	3	0	0	0	0	0	0	0	0	0	0	0	0	
113	2026-05-07 16:42:27.074	2026-05-07 16:42:27.261	3	0	0	0	0	0	0	0	0	0	0	0	0	
113	2026-05-07 16:42:28.540	2026-05-07 16:42:28.977	3	0	0	0	0	0	0	0	0	0	0	0	0	
113	2026-05-07 16:42:30.615	2026-05-07 16:42:43.048	3	0	0	0	0	0	0	0	0	0	0	0	0	
113	2026-05-07 16:42:44.530	2026-05-07 16:43:06.386	3	0	0	0	0	0	0	0	0	0	0	0	0	
113	2026-05-07 16:43:10.130	2026-05-07 16:44:18.411	3	0	0	0	0	0	0	0	0	0	0	0	0	
113	2026-05-07 16:44:18.598	2026-05-07 16:44:18.629	3	0	0	0	0	0	0	0	0	0	0	0	0	
116	2026-05-07 16:44:31.499	2026-05-07 16:44:31.546	4	0	0	0	0	0	0	0	0	0	0	0	0	
116	2026-05-07 16:44:32.123	2026-05-07 16:44:32.810	3	0	0	0	0	0	0	0	0	0	0	0	0	
117	2026-05-07 16:44:52.622	2026-05-07 16:44:52.809	3	0	0	0	0	0	0	0	0	0	0	0	0	
117	2026-05-07 16:45:09.407	2026-05-07 16:45:09.439	3	0	0	0	0	0	0	0	0	0	0	0	0	
117	2026-05-07 16:45:09.626	2026-05-07 16:45:09.657	3	0	0	0	0	0	0	0	0	0	0	0	0	
117	2026-05-07 16:45:10.063	2026-05-07 16:45:11.607	3	0	0	0	0	0	0	0	0	0	0	0	0	
117	2026-05-07 16:45:11.669	2026-05-07 16:45:11.794	3	0	0	0	0	0	0	0	0	0	0	0	0	
117	2026-05-07 16:45:14.165	2026-05-07 16:45:15.117	3	0	0	0	0	0	0	0	0	0	0	0	0	
117	2026-05-07 16:46:22.728	2026-05-07 16:46:25.161	4	0	0	0	0	0	0	0	0	0	0	0	0	
117	2026-05-07 16:46:34.911	2026-05-07 16:46:35.130	4	0	0	0	0	0	0	0	0	0	0	0	0	
117	2026-05-07 16:46:37.017	2026-05-07 16:46:39.576	4	0	0	0	0	0	0	0	0	0	0	0	0	
117	2026-05-07 16:46:55.363	2026-05-07 16:46:55.441	4	0	0	0	0	0	0	0	0	0	0	0	0	
111	2026-05-07 16:41:44.454	2026-05-07 16:41:45.733	5	0	0	0	0	0	0	0	0	0	0	0	0	
111	2026-05-07 16:42:13.767	2026-05-07 16:42:14.032	6	0	0	0	0	0	0	0	0	0	0	0	0	
111	2026-05-07 16:46:10.045	2026-05-07 16:46:10.185	6	0	0	0	0	0	0	0	0	0	0	0	0	
111	2026-05-07 16:41:45.858	2026-05-07 16:47:29.761	5	0	0	0	0	0	0	0	0	0	0	0	0	
119	2026-05-07 16:48:16.733	2026-05-07 16:48:52.223	5	0	0	0	0	0	0	0	0	0	0	0	0	
118	2026-05-07 16:47:43.692	2026-05-07 16:47:44.191	4	0	0	0	0	0	0	0	0	0	0	0	0	
118	2026-05-07 16:47:45.626	2026-05-07 16:47:46.313	4	0	0	0	0	0	0	0	0	0	0	0	0	
118	2026-05-07 16:47:50.041	2026-05-07 16:47:50.244	3	0	0	0	0	0	0	0	0	0	0	0	0	
118	2026-05-07 16:48:25.890	2026-05-07 16:48:31.381	3	0	0	0	0	44	2.38000011444092	5.2884093	0	0	0	0	0	2026-05-07 16:48:26.093
118	2026-05-07 16:49:01.364	2026-05-07 16:49:02.690	3	0	0	0	0	9	0.433999985456467	1.0764019	0	0	0	0	0	2026-05-07 16:49:01.614
120	2026-05-07 16:49:12.721	2026-05-07 16:49:12.830	4	0	0	0	0	0	0	0	0	0	0	0	0	
120	2026-05-07 16:49:14.141	2026-05-07 16:49:14.203	4	0	0	0	0	0	0	0	0	0	0	0	0	
120	2026-05-07 16:49:17.651	2026-05-07 16:49:17.682	4	0	0	0	0	0	0	0	0	0	0	0	0	
120	2026-05-07 16:49:19.866	2026-05-07 16:49:20.115	4	0	0	0	0	0	0	0	0	0	0	0	0	
121	2026-05-07 16:49:24.234	2026-05-07 16:49:31.285	6	0	0	0	0	14	0.504000008106232	1.7472031	0	0	0	0	0	2026-05-07 16:49:25.482
124	2026-05-07 16:50:09.630	2026-05-07 16:50:09.786	3	0	0	0	0	0	0	0	0	0	0	0	0	
124	2026-05-07 16:50:12.922	2026-05-07 16:50:13.327	3	0	0	0	0	0	0	0	0	0	0	0	0	
126	2026-05-07 16:50:55.915	2026-05-07 16:50:56.633	6	0	0	0	0	0	0	0	0	0	0	0	0	
126	2026-05-07 16:50:57.787	2026-05-07 16:50:57.865	6	0	0	0	0	0	0	0	0	0	0	0	0	
126	2026-05-07 16:50:58.708	2026-05-07 16:50:59.222	6	0	0	0	0	0	0	0	0	0	0	0	0	
114	2026-05-07 16:42:32.050	2026-05-07 16:42:32.206	7	0	0	0	0	0	0	0	0	0	0	0	0	
114	2026-05-07 16:42:38.259	2026-05-07 16:42:39.054	8	0	0	0	0	0	0	0	0	0	0	0	0	
114	2026-05-07 16:42:41.816	2026-05-07 16:42:42.096	7	0	0	0	0	0	0	0	0	0	0	0	0	
114	2026-05-07 16:42:43.220	2026-05-07 16:42:43.391	7	0	0	0	0	0	0	0	0	0	0	0	0	
114	2026-05-07 16:42:43.407	2026-05-07 16:42:44.717	7	0	0	0	0	0	0	0	0	0	0	0	0	
114	2026-05-07 16:46:25.504	2026-05-07 16:46:25.957	8	0	0	0	0	0	0	0	0	0	0	0	0	
114	2026-05-07 16:46:26.066	2026-05-07 16:46:26.362	8	0	0	0	0	0	0	0	0	0	0	0	0	
114	2026-05-07 16:46:26.550	2026-05-07 16:46:27.501	8	0	0	0	0	0	0	0	0	0	0	0	0	
114	2026-05-07 16:46:27.564	2026-05-07 16:46:27.610	8	0	0	0	0	0	0	0	0	0	0	0	0	
114	2026-05-07 16:46:27.704	2026-05-07 16:46:27.798	8	0	0	0	0	0	0	0	0	0	0	0	0	
114	2026-05-07 16:46:27.844	2026-05-07 16:46:27.907	8	0	0	0	0	0	0	0	0	0	0	0	0	
114	2026-05-07 16:46:28.032	2026-05-07 16:46:28.110	8	0	0	0	0	0	0	0	0	0	0	0	0	
114	2026-05-07 16:46:28.141	2026-05-07 16:46:29.030	8	0	0	0	0	0	0	0	0	0	0	0	0	
114	2026-05-07 16:46:29.061	2026-05-07 16:46:30.231	8	0	0	0	0	0	0	0	0	0	0	0	0	
114	2026-05-07 16:46:30.684	2026-05-07 16:46:30.793	8	0	0	0	0	0	0	0	0	0	0	0	0	
114	2026-05-07 16:46:30.855	2026-05-07 16:46:31.682	8	0	0	0	0	0	0	0	0	0	0	0	0	
114	2026-05-07 16:46:31.729	2026-05-07 16:46:31.791	8	0	0	0	0	0	0	0	0	0	0	0	0	
114	2026-05-07 16:46:31.885	2026-05-07 16:46:31.947	8	0	0	0	0	0	0	0	0	0	0	0	0	
114	2026-05-07 16:46:32.010	2026-05-07 16:46:38.359	8	0	0	0	0	0	0	0	0	0	0	0	0	
114	2026-05-07 16:47:31.352	2026-05-07 16:47:31.368	8	0	0	0	0	0	0	0	0	0	0	0	0	
114	2026-05-07 16:48:25.547	2026-05-07 16:48:25.562	8	0	0	0	0	0	0	0	0	0	0	0	0	
114	2026-05-07 16:48:26.904	2026-05-07 16:48:32.816	8	0	0	0	0	0	0	0	0	0	0	0	0	
114	2026-05-07 16:48:32.957	2026-05-07 16:48:33.035	8	0	0	0	0	0	0	0	0	0	0	0	0	
114	2026-05-07 16:48:42.878	2026-05-07 16:48:45.125	8	0	0	0	0	15	0.629999995231628	1.7940031	0	0	0	0	0	2026-05-07 16:48:43.190
114	2026-05-07 16:48:45.702	2026-05-07 16:51:11.546	8	0	0	0	0	0	0	0	0	0	0	0	0	
114	2026-05-07 16:51:11.702	2026-05-07 16:51:17.646	8	0	0	0	0	0	0	0	0	0	0	0	0	
125	2026-05-07 16:50:39.832	2026-05-07 16:50:39.878	3	0	0	0	0	0	0	0	0	0	0	0	0	
125	2026-05-07 16:51:04.682	2026-05-07 16:51:07.178	3	0	0	0	0	19	0.825999975204468	2.2308039	0	0	0	0	0	2026-05-07 16:51:04.901
125	2026-05-07 16:51:07.319	2026-05-07 16:51:07.428	3	0	0	0	0	0	0	0	0	0	0	0	0	
125	2026-05-07 16:51:07.709	2026-05-07 16:51:09.659	4	0	0	0	0	0	0	0	0	0	0	0	0	
125	2026-05-07 16:51:09.409	2026-05-07 16:51:09.877	3	0	0	0	0	0	0	0	0	0	0	0	0	
125	2026-05-07 16:51:14.339	2026-05-07 16:51:14.432	4	0	0	0	0	0	0	0	0	0	0	0	0	
127	2026-05-07 16:51:18.910	2026-05-07 16:51:26.491	8	0	0	0	0	0	0	0	0	0	0	0	0	
127	2026-05-07 16:51:32.123	2026-05-07 16:51:34.775	7	0	0	0	0	0	0	0	0	0	0	0	0	
131	2026-05-07 16:51:46.693	2026-05-07 16:51:46.927	3	0	0	0	0	0	0	0	0	0	0	0	0	
131	2026-05-07 16:51:46.990	2026-05-07 16:51:47.442	3	0	0	0	0	0	0	0	0	0	0	0	0	
131	2026-05-07 16:51:47.583	2026-05-07 16:51:47.692	3	0	0	0	0	0	0	0	0	0	0	0	0	
128	2026-05-07 16:51:19.658	2026-05-07 16:51:20.220	6	0	0	0	0	0	0	0	0	0	0	0	0	
128	2026-05-07 16:51:21.359	2026-05-07 16:51:21.374	6	0	0	0	0	0	0	0	0	0	0	0	0	
128	2026-05-07 16:51:30.937	2026-05-07 16:51:31.078	5	0	0	0	0	0	0	0	0	0	0	0	0	
128	2026-05-07 16:51:31.140	2026-05-07 16:51:31.187	5	0	0	0	0	0	0	0	0	0	0	0	0	
128	2026-05-07 16:51:32.154	2026-05-07 16:51:32.201	5	0	0	0	0	0	0	0	0	0	0	0	0	
128	2026-05-07 16:51:34.416	2026-05-07 16:51:34.447	5	0	0	0	0	0	0	0	0	0	0	0	0	
128	2026-05-07 16:51:35.415	2026-05-07 16:51:35.617	5	0	0	0	0	0	0	0	0	0	0	0	0	
128	2026-05-07 16:51:39.861	2026-05-07 16:51:39.907	6	0	0	0	0	0	0	0	0	0	0	0	0	
128	2026-05-07 16:51:36.772	2026-05-07 16:51:57.551	5	0	0	0	0	0	0	0	0	0	0	0	0	
128	2026-05-07 16:51:58.300	2026-05-07 16:51:58.581	5	0	0	0	0	0	0	0	0	0	0	0	0	
132	2026-05-07 16:52:06.927	2026-05-07 16:52:07.005	6	0	0	0	0	0	0	0	0	0	0	0	0	
132	2026-05-07 16:52:07.878	2026-05-07 16:52:08.885	5	0	0	0	0	0	0	0	0	0	0	0	0	
132	2026-05-07 16:52:09.469	2026-05-07 16:52:10.234	5	0	0	0	0	0	0	0	0	0	0	0	0	
133	2026-05-07 16:52:07.145	2026-05-07 16:52:07.176	4	0	0	0	0	0	0	0	0	0	0	0	0	
133	2026-05-07 16:52:08.736	2026-05-07 16:52:08.892	4	0	0	0	0	0	0	0	0	0	0	0	0	
133	2026-05-07 16:52:12.527	2026-05-07 16:52:12.652	3	0	0	0	0	0	0	0	0	0	0	0	0	
133	2026-05-07 16:52:13.151	2026-05-07 16:52:13.354	3	0	0	0	0	0	0	0	0	0	0	0	0	
135	2026-05-07 16:52:23.837	2026-05-07 16:52:31.029	3	0	0	0	0	72	2.43600010871887	6.864012	0	0	0	0	0	2026-05-07 16:52:24.165
135	2026-05-07 16:52:35.194	2026-05-07 16:52:35.412	4	0	0	0	0	0	0	0	0	0	0	0	0	
134	2026-05-07 16:52:21.403	2026-05-07 16:52:21.559	6	0	0	0	0	0	0	0	0	0	0	0	0	
134	2026-05-07 16:52:24.508	2026-05-07 16:52:25.054	5	0	0	0	0	0	0	0	0	0	0	0	0	
134	2026-05-07 16:52:26.723	2026-05-07 16:52:28.782	5	0	0	0	0	0	0	0	0	0	0	0	0	
130	2026-05-07 16:51:51.857	2026-05-07 16:51:52.107	7	0	0	0	0	0	0	0	0	0	0	0	0	
130	2026-05-07 16:51:56.085	2026-05-07 16:51:57.145	8	0	0	0	0	0	0	0	0	0	0	0	0	
130	2026-05-07 16:52:07.551	2026-05-07 16:52:10.249	7	0	0	0	0	0	0	0	0	0	0	0	0	
137	2026-05-07 16:52:56.644	2026-05-07 16:52:56.737	7	0	0	0	0	0	0	0	0	0	0	0	0	
137	2026-05-07 16:52:56.862	2026-05-07 16:52:57.049	7	0	0	0	0	0	0	0	0	0	0	0	0	
137	2026-05-07 16:52:58.001	2026-05-07 16:52:59.717	8	0	0	0	0	0	0	0	0	0	0	0	0	
137	2026-05-07 16:53:00.169	2026-05-07 16:53:00.637	7	0	0	0	0	0	0	0	0	0	0	0	0	
137	2026-05-07 16:53:01.480	2026-05-07 16:53:01.573	8	0	0	0	0	0	0	0	0	0	0	0	0	
137	2026-05-07 16:53:01.776	2026-05-07 16:53:07.205	8	0	0	0	0	0	0	0	0	0	0	0	0	
137	2026-05-07 16:53:07.236	2026-05-07 16:53:07.860	8	0	0	0	0	0	0	0	0	0	0	0	0	
137	2026-05-07 16:53:08.079	2026-05-07 16:53:08.110	8	0	0	0	0	0	0	0	0	0	0	0	0	
137	2026-05-07 16:53:08.157	2026-05-07 16:53:08.406	8	0	0	0	0	0	0	0	0	0	0	0	0	
137	2026-05-07 16:53:08.515	2026-05-07 16:53:08.796	8	0	0	0	0	0	0	0	0	0	0	0	0	
137	2026-05-07 16:53:08.890	2026-05-07 16:53:10.403	8	0	0	0	0	0	0	0	0	0	0	0	0	
137	2026-05-07 16:53:11.370	2026-05-07 16:53:18.812	7	0	0	0	0	0	0	0	0	0	0	0	0	
138	2026-05-07 16:53:09.795	2026-05-07 16:53:09.841	5	0	0	0	0	0	0	0	0	0	0	0	0	
138	2026-05-07 16:53:10.715	2026-05-07 16:53:11.058	5	0	0	0	0	0	0	0	0	0	0	0	0	
138	2026-05-07 16:53:17.407	2026-05-07 16:53:17.829	5	0	0	0	0	0	0	0	0	0	0	0	0	
138	2026-05-07 16:53:18.343	2026-05-07 16:53:18.453	6	0	0	0	0	0	0	0	0	0	0	0	0	
138	2026-05-07 16:53:19.077	2026-05-07 16:53:19.389	5	0	0	0	0	0	0	0	0	0	0	0	0	
138	2026-05-07 16:53:19.545	2026-05-07 16:53:19.654	6	0	0	0	0	0	0	0	0	0	0	0	0	
139	2026-05-07 16:53:26.331	2026-05-07 16:53:27.173	6	0	0	0	0	0	0	0	0	0	0	0	0	
139	2026-05-07 16:53:27.064	2026-05-07 16:53:27.735	5	0	0	0	0	0	0	0	0	0	0	0	0	
139	2026-05-07 16:53:29.201	2026-05-07 16:53:29.856	6	0	0	0	0	0	0	0	0	0	0	0	0	
139	2026-05-07 16:53:30.028	2026-05-07 16:53:30.075	6	0	0	0	0	0	0	0	0	0	0	0	0	
139	2026-05-07 16:54:16.844	2026-05-07 16:54:17.920	5	0	0	0	0	0	0	0	0	0	0	0	0	
139	2026-05-07 16:54:24.690	2026-05-07 16:54:32.849	5	0	0	0	0	52	2.57499994337559	6.4740115	0	0	0	0	0	2026-05-07 16:54:25.798
139	2026-05-07 16:55:03.222	2026-05-07 16:56:03.205	6	0	0	0	0	0	0	0	0	0	0	0	0	
136	2026-05-07 16:52:47.518	2026-05-07 16:52:47.799	3	0	0	0	0	0	0	0	0	0	0	0	0	
136	2026-05-07 16:52:58.734	2026-05-07 16:52:58.797	4	0	0	0	0	0	0	0	0	0	0	0	0	
136	2026-05-07 16:52:59.202	2026-05-07 16:52:59.421	4	0	0	0	0	0	0	0	0	0	0	0	0	
136	2026-05-07 16:53:00.013	2026-05-07 16:53:02.853	4	0	0	0	0	22	1.25999999046326	2.5896045	0	0	0	0	0	2026-05-07 16:53:00.247
136	2026-05-07 16:54:23.130	2026-05-07 16:54:23.193	3	0	0	0	0	0	0	0	0	0	0	0	0	
136	2026-05-07 16:54:23.318	2026-05-07 16:54:23.380	3	0	0	0	0	0	0	0	0	0	0	0	0	
141	2026-05-07 16:56:03.361	2026-05-07 16:56:07.027	4	0	0	0	0	0	0	0	0	0	0	0	0	
142	2026-05-07 16:56:11.488	2026-05-07 16:56:12.643	5	0	0	0	0	0	0	0	0	0	0	0	0	
142	2026-05-07 16:56:14.156	2026-05-07 16:56:14.281	6	0	0	0	0	0	0	0	0	0	0	0	0	
142	2026-05-07 16:56:14.405	2026-05-07 16:56:14.483	5	0	0	0	0	0	0	0	0	0	0	0	0	
142	2026-05-07 16:56:19.163	2026-05-07 16:56:24.171	5	0	0	0	0	15	0.685999993234873	1.8252033	0	0	0	0	0	2026-05-07 16:56:19.444
142	2026-05-07 16:56:29.350	2026-05-07 16:56:29.413	5	0	0	0	0	0	0	0	0	0	0	0	0	
142	2026-05-07 16:56:31.909	2026-05-07 16:56:32.221	5	0	0	0	0	0	0	0	0	0	0	0	0	
142	2026-05-07 16:56:52.657	2026-05-07 16:56:52.735	5	0	0	0	0	0	0	0	0	0	0	0	0	
142	2026-05-07 16:56:55.636	2026-05-07 16:57:00.051	5	0	0	0	0	29	1.49800002574921	3.4632061	0	0	0	0	0	2026-05-07 16:56:56.557
142	2026-05-07 16:57:22.687	2026-05-07 16:57:25.744	5	0	0	0	0	2	0.0839999988675117	0.4056008	0	0	0	0	0	2026-05-07 16:57:23.046
142	2026-05-07 16:57:31.516	2026-05-07 16:57:34.075	5	0	0	0	0	0	0	0	0	0	0	0	0	
142	2026-05-07 16:57:42.202	2026-05-07 16:58:28.675	5	0	0	0	0	0	0	0	0	0	0	0	0	
144	2026-05-07 16:57:31.251	2026-05-07 16:57:31.360	4	0	0	0	0	0	0	0	0	0	0	0	0	
144	2026-05-07 16:57:45.822	2026-05-07 16:57:46.867	4	0	0	0	0	4	0.154000002890825	0.6084011	0	0	0	0	0	2026-05-07 16:57:46.227
144	2026-05-07 16:57:51.157	2026-05-07 16:57:51.204	4	0	0	0	0	0	0	0	0	0	0	0	0	
144	2026-05-07 16:58:07.740	2026-05-07 16:58:07.958	4	0	0	0	0	0	0	0	0	0	0	0	0	
144	2026-05-07 16:58:08.239	2026-05-07 16:58:09.050	4	0	0	0	0	1	0.0280000008642673	0.2184003	0	0	0	0	0	2026-05-07 16:58:08.832
144	2026-05-07 16:58:13.933	2026-05-07 16:58:23.418	3	0	0	0	0	51	2.57600003480911	6.5988117	0	0	0	0	0	2026-05-07 16:58:14.182
145	2026-05-07 16:58:29.923	2026-05-07 16:58:30.172	6	0	0	0	0	0	0	0	0	0	0	0	0	
145	2026-05-07 16:58:31.233	2026-05-07 16:58:31.249	5	0	0	0	0	0	0	0	0	0	0	0	0	
145	2026-05-07 16:58:31.280	2026-05-07 16:58:32.091	5	0	0	0	0	0	0	0	0	0	0	0	0	
145	2026-05-07 16:58:40.141	2026-05-07 16:58:42.013	5	0	0	0	0	0	0	0	0	0	0	0	0	
145	2026-05-07 16:58:48.705	2026-05-07 16:58:52.652	6	0	0	0	0	0	0	0	0	0	0	0	0	
145	2026-05-07 16:58:42.434	2026-05-07 16:58:53.104	5	0	0	0	0	0	0	0	0	0	0	0	0	
145	2026-05-07 16:58:53.182	2026-05-07 16:58:53.229	5	0	0	0	0	0	0	0	0	0	0	0	0	
145	2026-05-07 16:58:53.245	2026-05-07 16:58:53.666	6	0	0	0	0	0	0	0	0	0	0	0	0	
145	2026-05-07 16:58:53.806	2026-05-07 16:58:54.290	6	0	0	0	0	0	0	0	0	0	0	0	0	
145	2026-05-07 16:58:54.430	2026-05-07 16:58:55.382	6	0	0	0	0	0	0	0	0	0	0	0	0	
145	2026-05-07 16:58:53.370	2026-05-07 16:58:55.491	5	0	0	0	0	0	0	0	0	0	0	0	0	
145	2026-05-07 16:58:55.507	2026-05-07 16:58:55.522	5	0	0	0	0	0	0	0	0	0	0	0	0	
145	2026-05-07 16:58:55.541	2026-05-07 16:58:55.569	5	0	0	0	0	0	0	0	0	0	0	0	0	
145	2026-05-07 16:58:55.585	2026-05-07 16:58:55.694	5	0	0	0	0	1	0.293999999761581	0.4836009	0	0	0	0	0	2026-05-07 16:58:55.210
145	2026-05-07 16:58:56.240	2026-05-07 16:58:57.597	5	0	0	0	0	0	0	0	0	0	0	0	0	
145	2026-05-07 16:58:58.237	2026-05-07 16:58:59.329	5	0	0	0	0	0	0	0	0	0	0	0	0	
145	2026-05-07 16:58:59.438	2026-05-07 16:58:59.578	5	0	0	0	0	0	0	0	0	0	0	0	0	
145	2026-05-07 16:58:59.703	2026-05-07 16:59:00.296	5	0	0	0	0	0	0	0	0	0	0	0	0	
145	2026-05-07 16:59:00.421	2026-05-07 16:59:01.326	5	0	0	0	0	0	0	0	0	0	0	0	0	
145	2026-05-07 16:59:01.435	2026-05-07 16:59:01.497	5	0	0	0	0	0	0	0	0	0	0	0	0	
145	2026-05-07 16:58:55.554	2026-05-07 16:59:02.231	6	0	0	0	0	0	0	0	0	0	0	0	0	
146	2026-05-07 16:58:35.679	2026-05-07 16:58:36.100	3	0	0	0	0	0	0	0	0	0	0	0	0	
146	2026-05-07 16:58:42.496	2026-05-07 16:58:44.056	3	0	0	0	0	1	0.266000002622604	0.4680008	0	0	0	0	0	2026-05-07 16:58:43.308
146	2026-05-07 16:58:46.178	2026-05-07 16:58:46.506	3	0	0	0	0	0	0	0	0	0	0	0	0	
147	2026-05-07 16:59:02.855	2026-05-07 16:59:04.087	6	0	0	0	0	0	0	0	0	0	0	0	0	
147	2026-05-07 16:59:04.539	2026-05-07 16:59:04.633	6	0	0	0	0	0	0	0	0	0	0	0	0	
148	2026-05-07 16:59:52.119	2026-05-07 16:59:53.430	4	0	0	0	0	0	0	0	0	0	0	0	0	
148	2026-05-07 16:59:55.614	2026-05-07 16:59:59.717	3	0	0	0	0	23	0.672000013291836	2.9912052	0	0	0	0	0	2026-05-07 16:59:56.019
115	2026-05-07 16:43:55.339	2026-05-07 16:46:00.654	2	0	0	0	0	0	0	0	0	0	0	0	0	
115	2026-05-07 16:46:04.117	2026-05-07 16:46:04.148	2	0	0	0	0	0	0	0	0	0	0	0	0	
115	2026-05-07 16:46:06.114	2026-05-07 16:46:06.410	2	0	0	0	0	0	0	0	0	0	0	0	0	
115	2026-05-07 16:46:08.360	2026-05-07 16:47:52.225	2	0	0	0	0	0	0	0	0	0	0	0	0	
115	2026-05-07 16:48:01.148	2026-05-07 16:48:01.944	2	0	0	0	0	0	0	0	0	0	0	0	0	
115	2026-05-07 16:49:39.007	2026-05-07 16:50:19.895	2	0	0	0	0	0	0	0	0	0	0	0	0	
115	2026-05-07 16:50:27.788	2026-05-07 16:50:28.943	1	0	0	0	0	0	0	0	0	0	0	0	0	
115	2026-05-07 16:50:20.082	2026-05-07 16:51:18.473	2	0	0	0	0	0	0	0	0	0	0	0	0	
115	2026-05-07 16:51:45.617	2026-05-07 16:51:45.991	2	0	0	0	0	0	0	0	0	0	0	0	0	
115	2026-05-07 16:52:00.718	2026-05-07 16:52:29.188	2	0	0	0	0	0	0	0	0	0	0	0	0	
115	2026-05-07 16:52:29.313	2026-05-07 16:52:30.217	2	0	0	0	0	0	0	0	0	0	0	0	0	
115	2026-05-07 16:53:17.298	2026-05-07 16:53:18.281	1	0	0	0	0	0	0	0	0	0	0	0	0	
115	2026-05-07 16:53:22.400	2026-05-07 16:53:22.930	2	0	0	0	0	0	0	0	0	0	0	0	0	
115	2026-05-07 16:53:23.242	2026-05-07 16:53:28.094	2	0	0	0	0	6	0.084000002592802	1.2636021	0	0	0	0	0	2026-05-07 16:53:23.960
115	2026-05-07 16:53:29.310	2026-05-07 16:53:31.120	2	0	0	0	0	0	0	0	0	0	0	0	0	
115	2026-05-07 16:53:52.851	2026-05-07 16:53:53.100	2	0	0	0	0	0	0	0	0	0	0	0	0	
115	2026-05-07 16:54:25.299	2026-05-07 16:54:25.330	2	0	0	0	0	0	0	0	0	0	0	0	0	
115	2026-05-07 16:57:50.236	2026-05-07 16:57:50.283	1	0	0	0	0	0	0	0	0	0	0	0	0	
115	2026-05-07 16:57:50.299	2026-05-07 16:57:50.970	1	0	0	0	0	0	0	0	0	0	0	0	0	
115	2026-05-07 16:54:25.439	2026-05-07 16:58:28.503	2	0	0	0	0	0	0	0	0	0	0	0	0	
150	2026-05-07 17:00:19.809	2026-05-07 17:00:20.246	3	0	0	0	0	0	0	0	0	0	0	0	0	
151	2026-05-07 17:00:23.538	2026-05-07 17:00:24.817	2	0	0	0	0	0	0	0	0	0	0	0	0	
151	2026-05-07 17:00:29.793	2026-05-07 17:00:30.386	2	0	0	0	0	0	0	0	0	0	0	0	0	
151	2026-05-07 17:00:30.464	2026-05-07 17:00:32.773	2	0	0	0	0	7	0.0980000011622906	1.2480022	0	0	0	0	0	2026-05-07 17:00:30.839
152	2026-05-07 17:00:29.934	2026-05-07 17:00:30.355	3	0	0	0	0	0	0	0	0	0	0	0	0	
152	2026-05-07 17:00:34.661	2026-05-07 17:00:34.770	4	0	0	0	0	0	0	0	0	0	0	0	0	
152	2026-05-07 17:00:46.501	2026-05-07 17:00:46.719	3	0	0	0	0	0	0	0	0	0	0	0	0	
154	2026-05-07 17:01:24.222	2026-05-07 17:01:26.390	3	0	0	0	0	0	0	0	0	0	0	0	0	
154	2026-05-07 17:01:27.607	2026-05-07 17:01:27.763	3	0	0	0	0	0	0	0	0	0	0	0	0	
154	2026-05-07 17:01:28.294	2026-05-07 17:01:31.133	3	0	0	0	0	0	0	0	0	0	0	0	0	
154	2026-05-07 17:01:32.412	2026-05-07 17:01:32.443	3	0	0	0	0	0	0	0	0	0	0	0	0	
154	2026-05-07 17:01:32.662	2026-05-07 17:01:32.896	3	0	0	0	0	0	0	0	0	0	0	0	0	
154	2026-05-07 17:01:34.471	2026-05-07 17:01:34.970	4	0	0	0	0	0	0	0	0	0	0	0	0	
154	2026-05-07 17:02:03.846	2026-05-07 17:02:09.259	3	0	0	0	0	19	0.979999974370003	2.5428045	0	0	0	0	0	2026-05-07 17:02:05.780
156	2026-05-07 17:02:54.343	2026-05-07 17:02:54.375	4	0	0	0	0	0	0	0	0	0	0	0	0	
156	2026-05-07 17:02:54.484	2026-05-07 17:02:58.275	4	0	0	0	0	2	0.0979999974370003	0.2964005	0	0	0	0	0	2026-05-07 17:02:56.808
156	2026-05-07 17:03:12.861	2026-05-07 17:03:15.091	4	0	0	0	0	0	0	0	0	0	0	0	0	
149	2026-05-07 16:59:11.669	2026-05-07 16:59:13.509	5	0	0	0	0	11	0.546000003814697	1.3728025	0	0	0	0	0	2026-05-07 16:59:12.137
149	2026-05-07 16:59:17.519	2026-05-07 16:59:17.768	6	0	0	0	0	0	0	0	0	0	0	0	0	
149	2026-05-07 16:59:22.838	2026-05-07 16:59:23.415	5	0	0	0	0	0	0	0	0	0	0	0	0	
149	2026-05-07 16:59:31.325	2026-05-07 16:59:31.356	6	0	0	0	0	0	0	0	0	0	0	0	0	
149	2026-05-07 16:59:46.550	2026-05-07 16:59:46.675	5	0	0	0	0	0	0	0	0	0	0	0	0	
149	2026-05-07 16:59:47.455	2026-05-07 16:59:48.235	5	0	0	0	0	0	0	0	0	0	0	0	0	
149	2026-05-07 16:59:48.843	2026-05-07 16:59:49.062	5	0	0	0	0	0	0	0	0	0	0	0	0	
149	2026-05-07 17:01:25.198	2026-05-07 17:01:29.245	6	0	0	0	0	23	1.15299999713898	3.0888054	0	0	0	0	0	2026-05-07 17:01:25.579
149	2026-05-07 17:01:33.878	2026-05-07 17:01:33.925	6	0	0	0	0	0	0	0	0	0	0	0	0	
149	2026-05-07 17:01:33.956	2026-05-07 17:01:35.641	6	0	0	0	0	10	0.61599999666214	1.4594026	0	0	0	0	0	2026-05-07 17:01:34.175
149	2026-05-07 17:02:38.509	2026-05-07 17:02:38.603	5	0	0	0	0	0	0	0	0	0	0	0	0	
149	2026-05-07 17:02:39.227	2026-05-07 17:02:39.570	5	0	0	0	0	0	0	0	0	0	0	0	0	
149	2026-05-07 17:02:48.057	2026-05-07 17:02:54.328	6	0	0	0	0	26	1.48399997502565	3.6348064	0	0	0	0	0	2026-05-07 17:02:48.743
149	2026-05-07 17:03:09.257	2026-05-07 17:03:09.288	5	0	0	0	0	0	0	0	0	0	0	0	0	
149	2026-05-07 17:03:09.569	2026-05-07 17:03:09.647	5	0	0	0	0	0	0	0	0	0	0	0	0	
149	2026-05-07 17:03:09.772	2026-05-07 17:03:09.834	5	0	0	0	0	0	0	0	0	0	0	0	0	
149	2026-05-07 17:03:09.990	2026-05-07 17:03:10.053	5	0	0	0	0	0	0	0	0	0	0	0	0	
149	2026-05-07 17:03:12.283	2026-05-07 17:03:14.249	5	0	0	0	0	0	0	0	0	0	0	0	0	
149	2026-05-07 17:03:52.734	2026-05-07 17:03:53.046	6	0	0	0	0	0	0	0	0	0	0	0	0	
149	2026-05-07 17:03:53.265	2026-05-07 17:03:53.296	6	0	0	0	0	0	0	0	0	0	0	0	0	
153	2026-05-07 17:01:10.853	2026-05-07 17:01:11.056	2	0	0	0	0	0	0	0	0	0	0	0	0	
153	2026-05-07 17:01:11.087	2026-05-07 17:01:11.149	2	0	0	0	0	0	0	0	0	0	0	0	0	
153	2026-05-07 17:01:11.492	2026-05-07 17:01:18.575	2	0	0	0	0	0	0	0	0	0	0	0	0	
153	2026-05-07 17:01:18.684	2026-05-07 17:01:19.121	2	0	0	0	0	0	0	0	0	0	0	0	0	
153	2026-05-07 17:01:19.838	2026-05-07 17:01:20.338	2	0	0	0	0	0	0	0	0	0	0	0	0	
153	2026-05-07 17:01:20.447	2026-05-07 17:01:20.525	2	0	0	0	0	0	0	0	0	0	0	0	0	
153	2026-05-07 17:01:20.603	2026-05-07 17:01:25.205	2	0	0	0	0	0	0	0	0	0	0	0	0	
153	2026-05-07 17:01:26.344	2026-05-07 17:01:26.375	2	0	0	0	0	0	0	0	0	0	0	0	0	
153	2026-05-07 17:01:43.051	2026-05-07 17:01:43.223	1	0	0	0	0	0	0	0	0	0	0	0	0	
153	2026-05-07 17:01:27.092	2026-05-07 17:02:00.274	2	0	0	0	0	0	0	0	0	0	0	0	0	
153	2026-05-07 17:02:00.679	2026-05-07 17:03:52.719	2	0	0	0	0	0	0	0	0	0	0	0	0	
153	2026-05-07 17:03:54.419	2026-05-07 17:03:54.731	1	0	0	0	0	0	0	0	0	0	0	0	0	
153	2026-05-07 17:03:54.435	2026-05-07 17:04:03.592	2	0	0	0	0	0	0	0	0	0	0	0	0	
159	2026-05-07 17:04:12.733	2026-05-07 17:04:13.591	2	0	0	0	0	0	0	0	0	0	0	0	0	
158	2026-05-07 17:04:00.659	2026-05-07 17:04:01.283	4	0	0	0	0	0	0	0	0	0	0	0	0	
158	2026-05-07 17:04:07.476	2026-05-07 17:04:15.307	3	0	0	0	0	0	0	0	0	0	0	0	0	
158	2026-05-07 17:04:15.682	2026-05-07 17:04:20.970	3	0	0	0	0	0	0	0	0	0	0	0	0	
158	2026-05-07 17:04:21.251	2026-05-07 17:04:22.343	4	0	0	0	0	0	0	0	0	0	0	0	0	
158	2026-05-07 17:04:26.789	2026-05-07 17:04:34.449	4	0	0	0	0	0	0	0	0	0	0	0	0	
161	2026-05-07 17:04:51.250	2026-05-07 17:04:53.356	3	0	0	0	0	0	0	0	0	0	0	0	0	
157	2026-05-07 17:03:54.856	2026-05-07 17:03:54.887	5	0	0	0	0	0	0	0	0	0	0	0	0	
157	2026-05-07 17:03:54.903	2026-05-07 17:03:54.965	5	0	0	0	0	0	0	0	0	0	0	0	0	
157	2026-05-07 17:04:31.890	2026-05-07 17:04:32.249	6	0	0	0	0	0	0	0	0	0	0	0	0	
157	2026-05-07 17:04:33.294	2026-05-07 17:04:33.887	6	0	0	0	0	0	0	0	0	0	0	0	0	
157	2026-05-07 17:04:35.197	2026-05-07 17:04:35.260	6	0	0	0	0	0	0	0	0	0	0	0	0	
157	2026-05-07 17:04:04.091	2026-05-07 17:04:39.721	5	0	0	0	0	0	0	0	0	0	0	0	0	
157	2026-05-07 17:04:39.909	2026-05-07 17:04:46.367	5	0	0	0	0	0	0	0	0	0	0	0	0	
157	2026-05-07 17:04:46.804	2026-05-07 17:04:49.266	5	0	0	0	0	0	0	0	0	0	0	0	0	
157	2026-05-07 17:04:49.472	2026-05-07 17:04:55.861	5	0	0	0	0	0	0	0	0	0	0	0	0	
157	2026-05-07 17:04:56.070	2026-05-07 17:04:56.975	5	0	0	0	0	0	0	0	0	0	0	0	0	
157	2026-05-07 17:04:57.178	2026-05-07 17:05:05.883	5	0	0	0	0	0	0	0	0	0	0	0	0	
157	2026-05-07 17:05:07.209	2026-05-07 17:05:11.390	5	0	0	0	0	0	0	0	0	0	0	0	0	
157	2026-05-07 17:05:21.202	2026-05-07 17:05:21.358	5	0	0	0	0	0	0	0	0	0	0	0	0	
157	2026-05-07 17:05:21.857	2026-05-07 17:05:23.136	5	0	0	0	0	0	0	0	0	0	0	0	0	
157	2026-05-07 17:05:23.979	2026-05-07 17:05:24.041	5	0	0	0	0	0	0	0	0	0	0	0	0	
157	2026-05-07 17:05:24.665	2026-05-07 17:05:24.790	5	0	0	0	0	0	0	0	0	0	0	0	0	
157	2026-05-07 17:05:25.788	2026-05-07 17:05:26.880	5	0	0	0	0	0	0	0	0	0	0	0	0	
157	2026-05-07 17:05:27.660	2026-05-07 17:05:27.676	5	0	0	0	0	0	0	0	0	0	0	0	0	
157	2026-05-07 17:05:27.848	2026-05-07 17:05:28.035	5	0	0	0	0	0	0	0	0	0	0	0	0	
157	2026-05-07 17:05:30.812	2026-05-07 17:05:30.874	5	0	0	0	0	0	0	0	0	0	0	0	0	
157	2026-05-07 17:05:33.152	2026-05-07 17:05:33.308	5	0	0	0	0	0	0	0	0	0	0	0	0	
157	2026-05-07 17:05:36.256	2026-05-07 17:05:43.791	5	0	0	0	0	58	3.27599990367889	6.8952121	0	0	0	0	0	2026-05-07 17:05:36.740
165	2026-05-07 17:05:48.003	2026-05-07 17:05:48.268	5	0	0	0	0	0	0	0	0	0	0	0	0	
165	2026-05-07 17:05:54.149	2026-05-07 17:06:02.417	5	0	0	0	0	60	3.73800003528595	7.7064135	0	0	0	0	0	2026-05-07 17:05:54.617
165	2026-05-07 17:06:07.815	2026-05-07 17:06:11.028	5	0	0	0	0	19	1.09200000762939	2.3556041	0	0	0	0	0	2026-05-07 17:06:08.298
165	2026-05-07 17:06:14.866	2026-05-07 17:06:15.240	6	0	0	0	0	0	0	0	0	0	0	0	0	
165	2026-05-07 17:06:18.626	2026-05-07 17:06:18.813	5	0	0	0	0	0	0	0	0	0	0	0	0	
162	2026-05-07 17:04:55.868	2026-05-07 17:05:00.969	1	0	0	0	0	30	1.2460000179708	4.2438074	0	0	0	0	0	2026-05-07 17:04:56.258
162	2026-05-07 17:05:15.695	2026-05-07 17:05:17.614	1	0	0	0	0	13	0.546000003814697	1.4196025	0	0	0	0	0	2026-05-07 17:05:15.945
162	2026-05-07 17:05:45.959	2026-05-07 17:05:50.499	1	0	0	0	0	36	1.96000003814697	4.2432075	0	0	0	0	0	2026-05-07 17:05:46.162
166	2026-05-07 17:06:28.937	2026-05-07 17:06:29.031	6	0	0	0	0	0	0	0	0	0	0	0	0	
166	2026-05-07 17:06:30.466	2026-05-07 17:06:32.120	6	0	0	0	0	0	0	0	0	0	0	0	0	
166	2026-05-07 17:06:40.653	2026-05-07 17:06:45.146	5	0	0	0	0	9	0.532000005245209	1.2480022	0	0	0	0	0	2026-05-07 17:06:43.882
166	2026-05-07 17:06:48.484	2026-05-07 17:06:48.796	5	0	0	0	0	0	0	0	0	0	0	0	0	
166	2026-05-07 17:06:49.451	2026-05-07 17:06:50.621	5	0	0	0	0	0	0	0	0	0	0	0	0	
166	2026-05-07 17:06:53.741	2026-05-07 17:06:54.334	5	0	0	0	0	0	0	0	0	0	0	0	0	
166	2026-05-07 17:06:58.468	2026-05-07 17:07:00.543	6	0	0	0	0	0	0	0	0	0	0	0	0	
166	2026-05-07 17:07:02.618	2026-05-07 17:07:03.476	6	0	0	0	0	0	0	0	0	0	0	0	0	
168	2026-05-07 17:07:10.418	2026-05-07 17:07:10.527	5	0	0	0	0	0	0	0	0	0	0	0	0	
169	2026-05-07 17:07:12.243	2026-05-07 17:07:12.337	6	0	0	0	0	0	0	0	0	0	0	0	0	
169	2026-05-07 17:07:12.539	2026-05-07 17:07:12.617	6	0	0	0	0	0	0	0	0	0	0	0	0	
169	2026-05-07 17:07:19.840	2026-05-07 17:07:19.903	6	0	0	0	0	0	0	0	0	0	0	0	0	
169	2026-05-07 17:07:21.541	2026-05-07 17:07:21.587	6	0	0	0	0	0	0	0	0	0	0	0	0	
169	2026-05-07 17:07:23.615	2026-05-07 17:07:23.709	6	0	0	0	0	0	0	0	0	0	0	0	0	
163	2026-05-07 17:05:23.511	2026-05-07 17:05:24.119	3	0	0	0	0	0	0	0	0	0	0	0	0	
163	2026-05-07 17:05:41.529	2026-05-07 17:05:45.242	3	0	0	0	0	0	0	0	0	0	0	0	0	
163	2026-05-07 17:06:37.049	2026-05-07 17:06:40.138	3	0	0	0	0	0	0	0	0	0	0	0	0	
163	2026-05-07 17:07:01.651	2026-05-07 17:07:01.885	3	0	0	0	0	0	0	0	0	0	0	0	0	
163	2026-05-07 17:07:01.947	2026-05-07 17:07:01.994	3	0	0	0	0	0	0	0	0	0	0	0	0	
163	2026-05-07 17:07:03.460	2026-05-07 17:07:05.457	3	0	0	0	0	0	0	0	0	0	0	0	0	
163	2026-05-07 17:07:08.499	2026-05-07 17:07:08.936	3	0	0	0	0	0	0	0	0	0	0	0	0	
163	2026-05-07 17:07:14.224	2026-05-07 17:07:18.389	3	0	0	0	0	0	0	0	0	0	0	0	0	
163	2026-05-07 17:07:18.670	2026-05-07 17:07:22.835	3	0	0	0	0	0	0	0	0	0	0	0	0	
163	2026-05-07 17:07:23.803	2026-05-07 17:07:36.782	3	0	0	0	0	0	0	0	0	0	0	0	0	
170	2026-05-07 17:07:45.128	2026-05-07 17:07:54.503	3	0	0	0	0	0	0	0	0	0	0	0	0	
167	2026-05-07 17:06:50.075	2026-05-07 17:06:50.107	1	0	0	0	0	0	0	0	0	0	0	0	0	
167	2026-05-07 17:08:23.972	2026-05-07 17:08:24.814	2	0	0	0	0	0	0	0	0	0	0	0	0	
167	2026-05-07 17:07:55.580	2026-05-07 17:08:35.485	1	0	0	0	0	0	0	0	0	0	0	0	0	
173	2026-05-07 17:09:18.728	2026-05-07 17:09:18.806	6	0	0	0	0	0	0	0	0	0	0	0	0	
173	2026-05-07 17:09:19.633	2026-05-07 17:09:19.680	5	0	0	0	0	0	0	0	0	0	0	0	0	
140	2026-05-07 16:56:05.389	2026-05-07 16:58:27.692	8	0	0	0	0	0	0	0	0	0	0	0	0	
140	2026-05-07 16:58:27.754	2026-05-07 16:58:28.347	8	0	0	0	0	0	0	0	0	0	0	0	0	
140	2026-05-07 16:58:28.394	2026-05-07 16:58:28.644	8	0	0	0	0	0	0	0	0	0	0	0	0	
140	2026-05-07 16:59:22.261	2026-05-07 16:59:26.099	7	0	0	0	0	0	0	0	0	0	0	0	0	
140	2026-05-07 16:59:28.361	2026-05-07 17:02:44.890	7	0	0	0	0	0	0	0	0	0	0	0	0	
140	2026-05-07 17:02:46.138	2026-05-07 17:03:52.126	7	0	0	0	0	0	0	0	0	0	0	0	0	
140	2026-05-07 17:04:13.264	2026-05-07 17:04:14.980	7	0	0	0	0	0	0	0	0	0	0	0	0	
140	2026-05-07 17:04:31.001	2026-05-07 17:04:32.639	8	0	0	0	0	0	0	0	0	0	0	0	0	
140	2026-05-07 17:04:33.637	2026-05-07 17:04:34.495	8	0	0	0	0	0	0	0	0	0	0	0	0	
140	2026-05-07 17:04:34.558	2026-05-07 17:04:35.275	8	0	0	0	0	0	0	0	0	0	0	0	0	
140	2026-05-07 17:04:40.252	2026-05-07 17:08:27.950	8	0	0	0	0	0	0	0	0	0	0	0	0	
140	2026-05-07 17:08:28.028	2026-05-07 17:08:33.067	8	0	0	0	0	0	0	0	0	0	0	0	0	
140	2026-05-07 17:04:16.181	2026-05-07 17:08:57.044	7	0	0	0	0	0	0	0	0	0	0	0	0	
174	2026-05-07 17:09:25.452	2026-05-07 17:09:25.608	8	0	0	0	0	0	0	0	0	0	0	0	0	
175	2026-05-07 17:10:09.428	2026-05-07 17:10:09.865	7	0	0	0	0	0	0	0	0	0	0	0	0	
171	2026-05-07 17:08:51.475	2026-05-07 17:08:53.175	2	0	0	0	0	10	0.377999991178513	1.123202	0	0	0	0	0	2026-05-07 17:08:51.974
171	2026-05-07 17:08:55.156	2026-05-07 17:08:57.590	2	0	0	0	0	0	0	0	0	0	0	0	0	
171	2026-05-07 17:08:57.746	2026-05-07 17:08:58.245	2	0	0	0	0	0	0	0	0	0	0	0	0	
171	2026-05-07 17:08:58.510	2026-05-07 17:09:41.254	2	0	0	0	0	0	0	0	0	0	0	0	0	
171	2026-05-07 17:10:11.706	2026-05-07 17:10:25.028	2	0	0	0	0	0	0	0	0	0	0	0	0	
177	2026-05-07 17:10:47.679	2026-05-07 17:10:47.945	7	0	0	0	0	0	0	0	0	0	0	0	0	
176	2026-05-07 17:10:10.348	2026-05-07 17:10:12.938	5	0	0	0	0	0	0	0	0	0	0	0	0	
181	2026-05-07 17:11:19.862	2026-05-07 17:11:20.190	1	0	0	0	0	0	0	0	0	0	0	0	0	
181	2026-05-07 17:11:21.188	2026-05-07 17:11:21.687	2	0	0	0	0	0	0	0	0	0	0	0	0	
178	2026-05-07 17:10:54.637	2026-05-07 17:10:54.777	7	0	0	0	0	0	0	0	0	0	0	0	0	
178	2026-05-07 17:10:54.809	2026-05-07 17:10:54.824	7	0	0	0	0	0	0	0	0	0	0	0	0	
178	2026-05-07 17:11:08.849	2026-05-07 17:11:09.285	7	0	0	0	0	0	0	0	0	0	0	0	0	
178	2026-05-07 17:11:09.426	2026-05-07 17:11:09.551	7	0	0	0	0	0	0	0	0	0	0	0	0	
178	2026-05-07 17:11:09.675	2026-05-07 17:11:09.831	7	0	0	0	0	0	0	0	0	0	0	0	0	
178	2026-05-07 17:11:09.909	2026-05-07 17:11:10.159	7	0	0	0	0	0	0	0	0	0	0	0	0	
178	2026-05-07 17:11:10.315	2026-05-07 17:11:17.085	7	0	0	0	0	57	2.96799993515015	6.3804112	0	0	0	0	0	2026-05-07 17:11:10.549
178	2026-05-07 17:11:19.316	2026-05-07 17:11:19.347	7	0	0	0	0	0	0	0	0	0	0	0	0	
178	2026-05-07 17:11:20.517	2026-05-07 17:11:21.391	7	0	0	0	0	5	0.238000005483627	0.6240011	0	0	0	0	0	2026-05-07 17:11:20.767
184	2026-05-07 17:11:44.994	2026-05-07 17:11:45.212	4	0	0	0	0	0	0	0	0	0	0	0	0	
184	2026-05-07 17:11:51.109	2026-05-07 17:11:51.717	4	0	0	0	0	0	0	0	0	0	0	0	0	
185	2026-05-07 17:12:02.029	2026-05-07 17:12:02.185	1	0	0	0	0	0	0	0	0	0	0	0	0	
185	2026-05-07 17:12:20.437	2026-05-07 17:12:20.468	2	0	0	0	0	0	0	0	0	0	0	0	0	
185	2026-05-07 17:12:42.964	2026-05-07 17:12:46.942	2	0	0	0	0	32	1.59599995613098	3.5604063	0	0	0	0	0	2026-05-07 17:12:43.369
185	2026-05-07 17:12:58.486	2026-05-07 17:12:58.595	2	0	0	0	0	0	0	0	0	0	0	0	0	
185	2026-05-07 17:12:58.938	2026-05-07 17:12:59.546	2	0	0	0	0	0	0	0	0	0	0	0	0	
185	2026-05-07 17:12:59.640	2026-05-07 17:12:59.968	2	0	0	0	0	0	0	0	0	0	0	0	0	
187	2026-05-07 17:12:45.054	2026-05-07 17:12:48.517	8	0	0	0	0	23	1.21799999848008	2.6052045	0	0	0	0	0	2026-05-07 17:12:45.803
188	2026-05-07 17:13:35.021	2026-05-07 17:13:35.192	7	0	0	0	0	0	0	0	0	0	0	0	0	
188	2026-05-07 17:13:35.239	2026-05-07 17:13:35.286	7	0	0	0	0	0	0	0	0	0	0	0	0	
189	2026-05-07 17:13:56.518	2026-05-07 17:13:56.736	1	0	0	0	0	0	0	0	0	0	0	0	0	
191	2026-05-07 17:15:21.803	2026-05-07 17:15:22.084	7	0	0	0	0	0	0	0	0	0	0	0	0	
191	2026-05-07 17:16:22.908	2026-05-07 17:16:23.813	8	0	0	0	0	0	0	0	0	0	0	0	0	
191	2026-05-07 17:16:25.966	2026-05-07 17:16:28.852	8	0	0	0	0	0	0	0	0	0	0	0	0	
191	2026-05-07 17:16:33.220	2026-05-07 17:16:34.905	8	0	0	0	0	0	0	0	0	0	0	0	0	
191	2026-05-07 17:16:37.947	2026-05-07 17:16:39.600	8	0	0	0	0	0	0	0	0	0	0	0	0	
191	2026-05-07 17:16:41.535	2026-05-07 17:16:48.477	8	0	0	0	0	51	2.39399999380112	6.3804113	0	0	0	0	0	2026-05-07 17:16:41.878
194	2026-05-07 17:18:04.605	2026-05-07 17:18:04.636	7	0	0	0	0	0	0	0	0	0	0	0	0	
192	2026-05-07 17:16:32.690	2026-05-07 17:16:33.204	1	0	0	0	0	0	0	0	0	0	0	0	0	
192	2026-05-07 17:17:33.670	2026-05-07 17:17:33.686	2	0	0	0	0	0	0	0	0	0	0	0	0	
192	2026-05-07 17:17:35.246	2026-05-07 17:17:35.261	2	0	0	0	0	0	0	0	0	0	0	0	0	
192	2026-05-07 17:17:35.480	2026-05-07 17:17:35.526	2	0	0	0	0	0	0	0	0	0	0	0	0	
192	2026-05-07 17:17:36.072	2026-05-07 17:17:36.088	2	0	0	0	0	0	0	0	0	0	0	0	0	
192	2026-05-07 17:17:40.300	2026-05-07 17:17:40.378	2	0	0	0	0	0	0	0	0	0	0	0	0	
192	2026-05-07 17:17:45.698	2026-05-07 17:17:46.088	2	0	0	0	0	0	0	0	0	0	0	0	0	
192	2026-05-07 17:17:46.150	2026-05-07 17:17:46.680	2	0	0	0	0	0	0	0	0	0	0	0	0	
192	2026-05-07 17:17:52.920	2026-05-07 17:17:53.482	2	0	0	0	0	0	0	0	0	0	0	0	0	
192	2026-05-07 17:17:53.576	2026-05-07 17:17:53.716	2	0	0	0	0	0	0	0	0	0	0	0	0	
192	2026-05-07 17:17:55.104	2026-05-07 17:17:55.292	2	0	0	0	0	0	0	0	0	0	0	0	0	
192	2026-05-07 17:17:55.541	2026-05-07 17:17:55.760	2	0	0	0	0	0	0	0	0	0	0	0	0	
192	2026-05-07 17:17:59.941	2026-05-07 17:18:00.065	2	0	0	0	0	0	0	0	0	0	0	0	0	
192	2026-05-07 17:18:01.095	2026-05-07 17:18:01.189	2	0	0	0	0	0	0	0	0	0	0	0	0	
192	2026-05-07 17:18:05.510	2026-05-07 17:18:05.666	2	0	0	0	0	0	0	0	0	0	0	0	0	
192	2026-05-07 17:18:06.009	2026-05-07 17:18:06.196	2	0	0	0	0	0	0	0	0	0	0	0	0	
192	2026-05-07 17:18:06.695	2026-05-07 17:18:06.789	2	0	0	0	0	0	0	0	0	0	0	0	0	
192	2026-05-07 17:18:06.867	2026-05-07 17:18:06.929	2	0	0	0	0	0	0	0	0	0	0	0	0	
192	2026-05-07 17:18:08.458	2026-05-07 17:18:08.567	2	0	0	0	0	0	0	0	0	0	0	0	0	
192	2026-05-07 17:18:09.067	2026-05-07 17:18:09.113	2	0	0	0	0	0	0	0	0	0	0	0	0	
192	2026-05-07 17:18:10.720	2026-05-07 17:18:11.797	2	0	0	0	0	0	0	0	0	0	0	0	0	
192	2026-05-07 17:18:12.795	2026-05-07 17:18:12.967	2	0	0	0	0	0	0	0	0	0	0	0	0	
192	2026-05-07 17:18:13.201	2026-05-07 17:18:13.372	2	0	0	0	0	0	0	0	0	0	0	0	0	
192	2026-05-07 17:18:13.450	2026-05-07 17:18:13.513	2	0	0	0	0	0	0	0	0	0	0	0	0	
192	2026-05-07 17:18:13.622	2026-05-07 17:18:13.715	2	0	0	0	0	0	0	0	0	0	0	0	0	
192	2026-05-07 17:18:18.130	2026-05-07 17:18:18.146	2	0	0	0	0	0	0	0	0	0	0	0	0	
192	2026-05-07 17:18:18.598	2026-05-07 17:18:18.645	2	0	0	0	0	0	0	0	0	0	0	0	0	
192	2026-05-07 17:18:18.785	2026-05-07 17:18:18.817	2	0	0	0	0	0	0	0	0	0	0	0	0	
192	2026-05-07 17:18:18.848	2026-05-07 17:18:18.863	2	0	0	0	0	0	0	0	0	0	0	0	0	
192	2026-05-07 17:18:19.581	2026-05-07 17:18:19.643	2	0	0	0	0	0	0	0	0	0	0	0	0	
192	2026-05-07 17:18:19.690	2026-05-07 17:18:19.721	2	0	0	0	0	0	0	0	0	0	0	0	0	
192	2026-05-07 17:18:19.737	2026-05-07 17:18:19.784	2	0	0	0	0	0	0	0	0	0	0	0	0	
192	2026-05-07 17:18:20.361	2026-05-07 17:18:20.455	2	0	0	0	0	0	0	0	0	0	0	0	0	
192	2026-05-07 17:18:21.718	2026-05-07 17:18:21.734	2	0	0	0	0	0	0	0	0	0	0	0	0	
192	2026-05-07 17:18:21.749	2026-05-07 17:18:21.859	2	0	0	0	0	0	0	0	0	0	0	0	0	
192	2026-05-07 17:18:21.905	2026-05-07 17:18:21.937	2	0	0	0	0	0	0	0	0	0	0	0	0	
192	2026-05-07 17:18:22.139	2026-05-07 17:18:22.155	2	0	0	0	0	0	0	0	0	0	0	0	0	
192	2026-05-07 17:18:22.249	2026-05-07 17:18:22.264	2	0	0	0	0	0	0	0	0	0	0	0	0	
192	2026-05-07 17:18:22.311	2026-05-07 17:18:22.342	2	0	0	0	0	0	0	0	0	0	0	0	0	
192	2026-05-07 17:18:22.545	2026-05-07 17:18:22.592	2	0	0	0	0	0	0	0	0	0	0	0	0	
192	2026-05-07 17:18:22.685	2026-05-07 17:18:22.748	2	0	0	0	0	0	0	0	0	0	0	0	0	
192	2026-05-07 17:18:22.810	2026-05-07 17:18:22.826	2	0	0	0	0	0	0	0	0	0	0	0	0	
192	2026-05-07 17:18:23.138	2026-05-07 17:18:23.216	2	0	0	0	0	0	0	0	0	0	0	0	0	
192	2026-05-07 17:18:23.309	2026-05-07 17:18:23.497	2	0	0	0	0	0	0	0	0	0	0	0	0	
192	2026-05-07 17:18:27.553	2026-05-07 17:18:27.568	2	0	0	0	0	0	0	0	0	0	0	0	0	
192	2026-05-07 17:18:44.541	2026-05-07 17:18:45.415	2	0	0	0	0	0	0	0	0	0	0	0	0	
192	2026-05-07 17:18:46.912	2026-05-07 17:18:46.990	2	0	0	0	0	0	0	0	0	0	0	0	0	
192	2026-05-07 17:18:52.700	2026-05-07 17:18:54.010	2	0	0	0	0	0	0	0	0	0	0	0	0	
192	2026-05-07 17:18:55.960	2026-05-07 17:19:03.261	2	0	0	0	0	53	2.95399990677834	6.3336112	0	0	0	0	0	2026-05-07 17:18:56.506
195	2026-05-07 17:19:27.035	2026-05-07 17:19:27.160	2	0	0	0	0	0	0	0	0	0	0	0	0	
195	2026-05-07 17:19:27.207	2026-05-07 17:19:29.937	2	0	0	0	0	13	0.224000001326203	1.7004029	0	0	0	0	0	2026-05-07 17:19:27.581
195	2026-05-07 17:19:30.826	2026-05-07 17:19:31.154	1	0	0	0	0	0	0	0	0	0	0	0	0	
196	2026-05-07 17:20:42.009	2026-05-07 17:20:52.368	2	0	0	0	0	67	2.64599997550249	7.0498125	0	0	0	0	0	2026-05-07 17:20:43.226
180	2026-05-07 17:11:05.417	2026-05-07 17:11:05.791	5	0	0	0	0	0	0	0	0	0	0	0	0	
180	2026-05-07 17:12:06.459	2026-05-07 17:12:06.834	5	0	0	0	0	0	0	0	0	0	0	0	0	
180	2026-05-07 17:12:22.138	2026-05-07 17:12:28.783	5	0	0	0	0	0	0	0	0	0	0	0	0	
180	2026-05-07 17:12:28.846	2026-05-07 17:12:30.811	5	0	0	0	0	0	0	0	0	0	0	0	0	
180	2026-05-07 17:12:39.048	2026-05-07 17:12:43.634	6	0	0	0	0	0	0	0	0	0	0	0	0	
180	2026-05-07 17:12:43.806	2026-05-07 17:12:44.040	6	0	0	0	0	0	0	0	0	0	0	0	0	
180	2026-05-07 17:12:44.680	2026-05-07 17:12:44.804	6	0	0	0	0	0	0	0	0	0	0	0	0	
180	2026-05-07 17:12:44.882	2026-05-07 17:12:45.116	6	0	0	0	0	0	0	0	0	0	0	0	0	
180	2026-05-07 17:12:46.957	2026-05-07 17:12:47.176	6	0	0	0	0	0	0	0	0	0	0	0	0	
180	2026-05-07 17:12:48.533	2026-05-07 17:12:48.845	6	0	0	0	0	0	0	0	0	0	0	0	0	
180	2026-05-07 17:12:48.892	2026-05-07 17:12:49.843	6	0	0	0	0	0	0	0	0	0	0	0	0	
180	2026-05-07 17:12:38.876	2026-05-07 17:12:53.696	5	0	0	0	0	0	0	0	0	0	0	0	0	
180	2026-05-07 17:12:52.386	2026-05-07 17:12:58.532	6	0	0	0	0	0	0	0	0	0	0	0	0	
180	2026-05-07 17:12:54.227	2026-05-07 17:12:59.203	5	0	0	0	0	0	0	0	0	0	0	0	0	
180	2026-05-07 17:12:59.281	2026-05-07 17:12:59.562	5	0	0	0	0	0	0	0	0	0	0	0	0	
180	2026-05-07 17:12:59.250	2026-05-07 17:12:59.905	6	0	0	0	0	0	0	0	0	0	0	0	0	
180	2026-05-07 17:13:00.233	2026-05-07 17:13:00.732	6	0	0	0	0	0	0	0	0	0	0	0	0	
180	2026-05-07 17:14:11.946	2026-05-07 17:14:12.679	6	0	0	0	0	0	0	0	0	0	0	0	0	
180	2026-05-07 17:14:12.726	2026-05-07 17:14:12.851	6	0	0	0	0	0	0	0	0	0	0	0	0	
180	2026-05-07 17:14:13.101	2026-05-07 17:14:13.210	6	0	0	0	0	0	0	0	0	0	0	0	0	
180	2026-05-07 17:14:44.269	2026-05-07 17:14:44.472	6	0	0	0	0	0	0	0	0	0	0	0	0	
180	2026-05-07 17:14:44.659	2026-05-07 17:14:45.143	6	0	0	0	0	0	0	0	0	0	0	0	0	
180	2026-05-07 17:15:53.830	2026-05-07 17:15:54.220	6	0	0	0	0	0	0	0	0	0	0	0	0	
180	2026-05-07 17:15:58.572	2026-05-07 17:15:58.697	6	0	0	0	0	0	0	0	0	0	0	0	0	
180	2026-05-07 17:16:01.521	2026-05-07 17:16:01.957	6	0	0	0	0	0	0	0	0	0	0	0	0	
180	2026-05-07 17:16:06.341	2026-05-07 17:16:06.669	6	0	0	0	0	0	0	0	0	0	0	0	0	
180	2026-05-07 17:16:06.731	2026-05-07 17:16:51.441	6	0	0	0	0	0	0	0	0	0	0	0	0	
180	2026-05-07 17:16:52.502	2026-05-07 17:16:52.517	6	0	0	0	0	0	0	0	0	0	0	0	0	
180	2026-05-07 17:16:53.952	2026-05-07 17:18:53.371	5	0	0	0	0	0	0	0	0	0	0	0	0	
180	2026-05-07 17:18:53.527	2026-05-07 17:19:31.169	5	0	0	0	0	0	0	0	0	0	0	0	0	
180	2026-05-07 17:19:36.255	2026-05-07 17:20:55.878	6	0	0	0	0	0	0	0	0	0	0	0	0	
198	2026-05-07 17:20:59.419	2026-05-07 17:21:01.993	6	0	0	0	0	0	0	0	0	0	0	0	0	
199	2026-05-07 17:21:11.774	2026-05-07 17:21:11.946	6	0	0	0	0	0	0	0	0	0	0	0	0	
200	2026-05-07 17:21:55.641	2026-05-07 17:21:59.261	2	0	0	0	0	25	1.06400001049042	2.7768049	0	0	0	0	0	2026-05-07 17:21:55.985
200	2026-05-07 17:22:00.743	2026-05-07 17:22:01.554	1	0	0	0	0	0	0	0	0	0	0	0	0	
203	2026-05-07 17:24:59.269	2026-05-07 17:24:59.519	1	0	0	0	0	0	0	0	0	0	0	0	0	
203	2026-05-07 17:25:04.745	2026-05-07 17:25:11.640	2	0	0	0	0	41	1.90400004759431	5.2728092	0	0	0	0	0	2026-05-07 17:25:05.057
203	2026-05-07 17:25:12.966	2026-05-07 17:25:15.821	2	0	0	0	0	17	0.280000003054738	1.9344034	0	0	0	0	0	2026-05-07 17:25:13.434
203	2026-05-07 17:25:21.031	2026-05-07 17:25:21.125	2	0	0	0	0	0	0	0	0	0	0	0	0	
203	2026-05-07 17:25:56.771	2026-05-07 17:25:57.286	2	0	0	0	0	0	0	0	0	0	0	0	0	
203	2026-05-07 17:25:57.364	2026-05-07 17:25:59.267	2	0	0	0	0	14	0.629999995231628	1.7628031	0	0	0	0	0	2026-05-07 17:25:57.489
202	2026-05-07 17:24:35.854	2026-05-07 17:24:36.696	6	0	0	0	0	0	0	0	0	0	0	0	0	
197	2026-05-07 17:20:55.285	2026-05-07 17:21:06.642	8	0	0	0	0	68	1.26000000908971	8.653015	0	0	0	0	0	2026-05-07 17:20:56.018
197	2026-05-07 17:21:09.200	2026-05-07 17:21:11.649	7	0	0	0	0	15	0.798000007867813	2.1886038	0	0	0	0	0	2026-05-07 17:21:09.450
197	2026-05-07 17:21:12.601	2026-05-07 17:21:12.648	7	0	0	0	0	0	0	0	0	0	0	0	0	
197	2026-05-07 17:21:12.960	2026-05-07 17:21:13.256	7	0	0	0	0	0	0	0	0	0	0	0	0	
197	2026-05-07 17:21:13.974	2026-05-07 17:21:15.580	7	0	0	0	0	9	0.504000008106232	1.3416024	0	0	0	0	0	2026-05-07 17:21:14.239
197	2026-05-07 17:21:16.126	2026-05-07 17:21:16.251	8	0	0	0	0	0	0	0	0	0	0	0	0	
197	2026-05-07 17:21:23.287	2026-05-07 17:21:24.004	8	0	0	0	0	0	0	0	0	0	0	0	0	
197	2026-05-07 17:21:24.504	2026-05-07 17:21:24.550	8	0	0	0	0	0	0	0	0	0	0	0	0	
197	2026-05-07 17:21:25.362	2026-05-07 17:21:26.032	8	0	0	0	0	0	0	0	0	0	0	0	0	
197	2026-05-07 17:21:50.805	2026-05-07 17:21:57.919	7	0	0	0	0	48	2.47799998521805	5.9124103	0	0	0	0	0	2026-05-07 17:21:51.055
197	2026-05-07 17:22:50.101	2026-05-07 17:22:54.438	8	0	0	0	0	31	1.41400003433228	3.9780069	0	0	0	0	0	2026-05-07 17:22:50.335
197	2026-05-07 17:23:44.171	2026-05-07 17:23:46.386	8	0	0	0	0	0	0	0	0	0	0	0	0	
197	2026-05-07 17:23:46.433	2026-05-07 17:23:47.743	8	0	0	0	0	0	0	0	0	0	0	0	0	
197	2026-05-07 17:23:47.806	2026-05-07 17:23:47.884	8	0	0	0	0	0	0	0	0	0	0	0	0	
197	2026-05-07 17:23:48.008	2026-05-07 17:23:48.133	8	0	0	0	0	0	0	0	0	0	0	0	0	
197	2026-05-07 17:23:48.180	2026-05-07 17:23:48.258	8	0	0	0	0	0	0	0	0	0	0	0	0	
197	2026-05-07 17:23:48.336	2026-05-07 17:23:48.461	8	0	0	0	0	0	0	0	0	0	0	0	0	
197	2026-05-07 17:23:48.539	2026-05-07 17:23:48.866	8	0	0	0	0	0	0	0	0	0	0	0	0	
197	2026-05-07 17:23:48.913	2026-05-07 17:23:51.097	8	0	0	0	0	0	0	0	0	0	0	0	0	
197	2026-05-07 17:23:51.128	2026-05-07 17:23:51.206	8	0	0	0	0	0	0	0	0	0	0	0	0	
197	2026-05-07 17:23:51.643	2026-05-07 17:23:51.690	8	0	0	0	0	0	0	0	0	0	0	0	0	
197	2026-05-07 17:24:01.643	2026-05-07 17:24:01.674	8	0	0	0	0	0	0	0	0	0	0	0	0	
197	2026-05-07 17:24:01.752	2026-05-07 17:24:01.861	8	0	0	0	0	0	0	0	0	0	0	0	0	
197	2026-05-07 17:25:39.876	2026-05-07 17:25:40.282	8	0	0	0	0	0	0	0	0	0	0	0	0	
197	2026-05-07 17:27:55.066	2026-05-07 17:27:55.784	7	0	0	0	0	0	0	0	0	0	0	0	0	
197	2026-05-07 17:27:56.080	2026-05-07 17:27:56.642	8	0	0	0	0	0	0	0	0	0	0	0	0	
197	2026-05-07 17:27:56.439	2026-05-07 17:27:57.328	7	0	0	0	0	0	0	0	0	0	0	0	0	
197	2026-05-07 17:27:56.813	2026-05-07 17:27:57.344	8	0	0	0	0	0	0	0	0	0	0	0	0	
197	2026-05-07 17:27:57.905	2026-05-07 17:27:59.262	7	0	0	0	0	0	0	0	0	0	0	0	0	
197	2026-05-07 17:27:57.624	2026-05-07 17:27:59.512	8	0	0	0	0	0	0	0	0	0	0	0	0	
204	2026-05-07 17:26:22.324	2026-05-07 17:26:29.796	2	0	0	0	0	21	0.294000007212162	3.6036063	0	0	0	0	0	2026-05-07 17:26:22.854
204	2026-05-07 17:26:31.512	2026-05-07 17:26:31.606	2	0	0	0	0	0	0	0	0	0	0	0	0	
204	2026-05-07 17:26:36.099	2026-05-07 17:26:40.810	1	0	0	0	0	39	1.66600003838539	4.2432075	0	0	0	0	0	2026-05-07 17:26:36.473
204	2026-05-07 17:26:41.980	2026-05-07 17:26:44.257	1	0	0	0	0	16	0.489999994635582	1.731603	0	0	0	0	0	2026-05-07 17:26:42.354
204	2026-05-07 17:27:51.774	2026-05-07 17:27:54.894	1	0	0	0	0	8	0.153999999165535	1.3572023	0	0	0	0	0	2026-05-07 17:27:52.414
205	2026-05-07 17:26:53.290	2026-05-07 17:26:53.727	5	0	0	0	0	0	0	0	0	0	0	0	0	
205	2026-05-07 17:27:05.863	2026-05-07 17:27:06.144	5	0	0	0	0	0	0	0	0	0	0	0	0	
207	2026-05-07 17:28:06.641	2026-05-07 17:28:07.577	8	0	0	0	0	0	0	0	0	0	0	0	0	
207	2026-05-07 17:29:56.325	2026-05-07 17:29:57.604	8	0	0	0	0	0	0	0	0	0	0	0	0	
207	2026-05-07 17:29:57.713	2026-05-07 17:29:57.994	8	0	0	0	0	0	0	0	0	0	0	0	0	
207	2026-05-07 17:28:38.621	2026-05-07 17:32:24.385	7	0	0	0	0	0	0	0	0	0	0	0	0	
207	2026-05-07 17:32:25.399	2026-05-07 17:33:47.939	7	0	0	0	0	0	0	0	0	0	0	0	0	
207	2026-05-07 17:36:37.027	2026-05-07 17:36:37.136	7	0	0	0	0	0	0	0	0	0	0	0	0	
207	2026-05-07 17:36:37.698	2026-05-07 17:37:05.607	7	0	0	0	0	0	0	0	0	0	0	0	0	
210	2026-05-07 17:37:06.418	2026-05-07 17:37:06.449	8	0	0	0	0	0	0	0	0	0	0	0	0	
210	2026-05-07 17:37:06.745	2026-05-07 17:37:06.917	8	0	0	0	0	0	0	0	0	0	0	0	0	
210	2026-05-07 17:37:07.011	2026-05-07 17:37:07.104	8	0	0	0	0	0	0	0	0	0	0	0	0	
210	2026-05-07 17:37:07.182	2026-05-07 17:37:14.857	8	0	0	0	0	12	0.168000005185604	2.340004	0	0	0	0	0	2026-05-07 17:37:07.728
210	2026-05-07 17:37:07.151	2026-05-07 17:37:21.300	7	0	0	0	0	0	0	0	0	0	0	0	0	
210	2026-05-07 17:37:21.675	2026-05-07 17:37:23.172	8	0	0	0	0	0	0	0	0	0	0	0	0	
210	2026-05-07 17:37:21.441	2026-05-07 17:37:23.718	7	0	0	0	0	0	0	0	0	0	0	0	0	
210	2026-05-07 17:39:33.885	2026-05-07 17:39:33.963	8	0	0	0	0	0	0	0	0	0	0	0	0	
210	2026-05-07 17:39:34.041	2026-05-07 17:39:34.181	8	0	0	0	0	0	0	0	0	0	0	0	0	
210	2026-05-07 17:39:34.275	2026-05-07 17:39:53.572	8	0	0	0	0	33	0.4760000128299	6.1540104	0	0	0	0	0	2026-05-07 17:39:35.445
210	2026-05-07 17:39:55.413	2026-05-07 17:39:55.631	8	0	0	0	0	0	0	0	0	0	0	0	0	
210	2026-05-07 17:39:56.614	2026-05-07 17:40:03.228	8	0	0	0	0	17	0.280000004917383	3.0264053	0	0	0	0	0	2026-05-07 17:39:57.269
210	2026-05-07 17:40:04.024	2026-05-07 17:40:05.116	8	0	0	0	0	0	0	0	0	0	0	0	0	
210	2026-05-07 17:38:45.400	2026-05-07 17:40:05.678	7	0	0	0	0	0	0	0	0	0	0	0	0	
210	2026-05-07 17:40:06.192	2026-05-07 17:40:18.360	7	0	0	0	0	0	0	0	0	0	0	0	0	
210	2026-05-07 17:40:18.704	2026-05-07 17:42:31.600	7	0	0	0	0	0	0	0	0	0	0	0	0	
209	2026-05-07 17:31:44.808	2026-05-07 17:31:45.322	2	0	0	0	0	0	0	0	0	0	0	0	0	
209	2026-05-07 17:31:45.525	2026-05-07 17:31:45.759	2	0	0	0	0	0	0	0	0	0	0	0	0	
209	2026-05-07 17:31:47.818	2026-05-07 17:31:47.990	2	0	0	0	0	0	0	0	0	0	0	0	0	
209	2026-05-07 17:31:49.488	2026-05-07 17:31:49.581	2	0	0	0	0	0	0	0	0	0	0	0	0	
209	2026-05-07 17:31:50.096	2026-05-07 17:31:50.673	2	0	0	0	0	0	0	0	0	0	0	0	0	
209	2026-05-07 17:31:52.077	2026-05-07 17:31:52.280	2	0	0	0	0	0	0	0	0	0	0	0	0	
209	2026-05-07 17:31:52.935	2026-05-07 17:31:53.029	2	0	0	0	0	0	0	0	0	0	0	0	0	
209	2026-05-07 17:31:53.138	2026-05-07 17:31:53.200	2	0	0	0	0	0	0	0	0	0	0	0	0	
209	2026-05-07 17:32:12.685	2026-05-07 17:32:12.778	2	0	0	0	0	0	0	0	0	0	0	0	0	
209	2026-05-07 17:32:14.713	2026-05-07 17:32:15.118	2	0	0	0	0	0	0	0	0	0	0	0	0	
209	2026-05-07 17:32:20.703	2026-05-07 17:32:20.812	2	0	0	0	0	0	0	0	0	0	0	0	0	
209	2026-05-07 17:32:21.062	2026-05-07 17:32:28.456	2	0	0	0	0	52	2.66000008583069	6.271211	0	0	0	0	0	2026-05-07 17:32:21.280
209	2026-05-07 17:33:15.959	2026-05-07 17:33:23.618	1	0	0	0	0	60	1.76400003395975	6.251611	0	0	0	0	0	2026-05-07 17:33:16.614
209	2026-05-07 17:34:34.661	2026-05-07 17:34:34.770	1	0	0	0	0	0	0	0	0	0	0	0	0	
209	2026-05-07 17:34:35.160	2026-05-07 17:34:40.417	1	0	0	0	0	39	2.19799995422363	4.6956083	0	0	0	0	0	2026-05-07 17:34:35.425
209	2026-05-07 17:34:47.359	2026-05-07 17:34:47.406	1	0	0	0	0	0	0	0	0	0	0	0	0	
209	2026-05-07 17:34:48.077	2026-05-07 17:34:48.342	1	0	0	0	0	0	0	0	0	0	0	0	0	
209	2026-05-07 17:34:48.482	2026-05-07 17:34:49.746	1	0	0	0	0	0	0	0	0	0	0	0	0	
209	2026-05-07 17:34:49.886	2026-05-07 17:34:50.744	1	0	0	0	0	0	0	0	0	0	0	0	0	
209	2026-05-07 17:34:52.538	2026-05-07 17:34:56.142	1	0	0	0	0	0	0	0	0	0	0	0	0	
209	2026-05-07 17:35:40.664	2026-05-07 17:35:42.942	1	0	0	0	0	0	0	0	0	0	0	0	0	
209	2026-05-07 17:35:43.223	2026-05-07 17:35:56.873	1	0	0	0	0	0	0	0	0	0	0	0	0	
209	2026-05-07 17:35:59.494	2026-05-07 17:36:46.512	1	0	0	0	0	0	0	0	0	0	0	0	0	
209	2026-05-07 17:36:46.543	2026-05-07 17:36:46.652	1	0	0	0	0	0	0	0	0	0	0	0	0	
209	2026-05-07 17:37:09.810	2026-05-07 17:37:09.897	1	0	0	0	0	0	0	0	0	0	0	0	0	
209	2026-05-07 17:39:36.084	2026-05-07 17:39:36.147	1	0	0	0	0	0	0	0	0	0	0	0	0	
209	2026-05-07 17:40:07.596	2026-05-07 17:40:09.484	1	0	0	0	0	0	0	0	0	0	0	0	0	
209	2026-05-07 17:40:09.858	2026-05-07 17:40:10.732	1	0	0	0	0	0	0	0	0	0	0	0	0	
209	2026-05-07 17:40:10.810	2026-05-07 17:40:10.919	1	0	0	0	0	0	0	0	0	0	0	0	0	
209	2026-05-07 17:40:47.579	2026-05-07 17:41:02.150	1	0	0	0	0	0	0	0	0	0	0	0	0	
212	2026-05-07 17:44:32.500	2026-05-07 17:44:35.605	1	0	0	0	0	5	0.0700000002980232	0.7176012	0	0	0	0	0	2026-05-07 17:44:33.437
212	2026-05-07 17:44:37.555	2026-05-07 17:44:37.727	1	0	0	0	0	0	0	0	0	0	0	0	0	
208	2026-05-07 17:33:16.037	2026-05-07 17:33:16.442	6	0	0	0	0	0	0	0	0	0	0	0	0	
208	2026-05-07 17:33:44.741	2026-05-07 17:33:45.677	6	0	0	0	0	0	0	0	0	0	0	0	0	
208	2026-05-07 17:33:15.491	2026-05-07 17:40:49.030	5	0	0	0	0	0	0	0	0	0	0	0	0	
208	2026-05-07 17:41:05.083	2026-05-07 17:41:14.770	5	0	0	0	0	0	0	0	0	0	0	0	0	
208	2026-05-07 17:43:20.132	2026-05-07 17:43:21.661	5	0	0	0	0	0	0	0	0	0	0	0	0	
208	2026-05-07 17:43:47.650	2026-05-07 17:43:47.697	5	0	0	0	0	0	0	0	0	0	0	0	0	
208	2026-05-07 17:44:23.218	2026-05-07 17:44:24.201	5	0	0	0	0	0	0	0	0	0	0	0	0	
208	2026-05-07 17:44:26.089	2026-05-07 17:44:27.228	5	0	0	0	0	0	0	0	0	0	0	0	0	
208	2026-05-07 17:44:29.427	2026-05-07 17:44:29.646	5	0	0	0	0	0	0	0	0	0	0	0	0	
208	2026-05-07 17:44:29.692	2026-05-07 17:44:30.238	5	0	0	0	0	0	0	0	0	0	0	0	0	
208	2026-05-07 17:45:28.817	2026-05-07 17:45:28.957	5	0	0	0	0	0	0	0	0	0	0	0	0	
208	2026-05-07 17:46:34.649	2026-05-07 17:46:34.836	5	0	0	0	0	0	0	0	0	0	0	0	0	
208	2026-05-07 17:47:18.485	2026-05-07 17:47:18.610	5	0	0	0	0	0	0	0	0	0	0	0	0	
208	2026-05-07 17:47:21.932	2026-05-07 17:47:22.447	5	0	0	0	0	0	0	0	0	0	0	0	0	
208	2026-05-07 17:47:22.510	2026-05-07 17:47:23.087	5	0	0	0	0	0	0	0	0	0	0	0	0	
208	2026-05-07 17:50:29.585	2026-05-07 17:50:32.222	5	0	0	0	0	0	0	0	0	0	0	0	0	
208	2026-05-07 17:51:31.268	2026-05-07 17:51:31.626	5	0	0	0	0	0	0	0	0	0	0	0	0	
208	2026-05-07 17:51:32.328	2026-05-07 17:51:32.406	5	0	0	0	0	0	0	0	0	0	0	0	0	
208	2026-05-07 17:51:32.765	2026-05-07 17:51:33.015	5	0	0	0	0	0	0	0	0	0	0	0	0	
208	2026-05-07 17:51:33.062	2026-05-07 17:51:33.077	5	0	0	0	0	0	0	0	0	0	0	0	0	
208	2026-05-07 18:04:29.210	2026-05-07 18:04:51.892	5	0	0	0	0	0	0	0	0	0	0	0	0	
208	2026-05-07 18:08:44.036	2026-05-07 18:08:44.426	5	0	0	0	0	0	0	0	0	0	0	0	0	
208	2026-05-07 18:10:04.049	2026-05-07 18:10:04.111	5	0	0	0	0	0	0	0	0	0	0	0	0	
208	2026-05-07 18:10:04.298	2026-05-07 18:10:04.439	5	0	0	0	0	0	0	0	0	0	0	0	0	
208	2026-05-07 18:10:09.883	2026-05-07 18:10:09.914	5	0	0	0	0	0	0	0	0	0	0	0	0	
208	2026-05-07 18:10:10.008	2026-05-07 18:10:10.211	5	0	0	0	0	0	0	0	0	0	0	0	0	
208	2026-05-07 18:18:11.955	2026-05-07 18:18:16.916	5	0	0	0	0	13	0.727999992668629	2.4804044	0	0	0	0	0	2026-05-07 18:18:13.827
208	2026-05-07 18:18:18.819	2026-05-07 18:18:19.459	5	0	0	0	0	0	0	0	0	0	0	0	0	
208	2026-05-07 18:18:20.847	2026-05-07 18:18:21.612	5	0	0	0	0	0	0	0	0	0	0	0	0	
208	2026-05-07 18:24:53.001	2026-05-07 18:24:53.157	5	0	0	0	0	0	0	0	0	0	0	0	0	
208	2026-05-07 18:24:51.098	2026-05-07 18:24:53.672	6	0	0	0	0	0	0	0	0	0	0	0	0	
208	2026-05-07 18:24:55.622	2026-05-07 18:24:55.809	5	0	0	0	0	0	0	0	0	0	0	0	0	
208	2026-05-07 18:31:00.569	2026-05-07 18:31:03.486	5	0	0	0	0	0	0	0	0	0	0	0	0	
208	2026-05-07 18:35:23.242	2026-05-07 18:35:23.647	5	0	0	0	0	0	0	0	0	0	0	0	0	
208	2026-05-07 18:42:50.105	2026-05-07 18:42:50.136	5	0	0	0	0	0	0	0	0	0	0	0	0	
208	2026-05-07 18:42:50.573	2026-05-07 18:42:51.134	5	0	0	0	0	0	0	0	0	0	0	0	0	
208	2026-05-07 18:42:54.519	2026-05-07 18:42:55.767	5	0	0	0	0	0	0	0	0	0	0	0	0	
208	2026-05-07 18:42:55.845	2026-05-07 18:42:55.970	5	0	0	0	0	0	0	0	0	0	0	0	0	
208	2026-05-07 18:44:54.952	2026-05-07 18:44:56.090	5	0	0	0	0	0	0	0	0	0	0	0	0	
208	2026-05-07 18:48:16.161	2026-05-07 18:48:17.424	5	0	0	0	0	0	0	0	0	0	0	0	0	
208	2026-05-07 18:52:00.879	2026-05-07 18:54:29.282	5	0	0	0	0	0	0	0	0	0	0	0	0	
208	2026-05-07 18:54:31.107	2026-05-07 18:54:31.310	5	0	0	0	0	0	0	0	0	0	0	0	0	
208	2026-05-07 18:54:31.841	2026-05-07 18:57:28.027	5	0	0	0	0	0	0	0	0	0	0	0	0	
214	2026-05-07 19:05:04.983	2026-05-07 19:05:07.089	6	0	0	0	0	0	0	0	0	0	0	0	0	
214	2026-05-07 19:05:08.993	2026-05-07 19:05:09.102	6	0	0	0	0	0	0	0	0	0	0	0	0	
215	2026-05-07 19:12:22.299	2026-05-07 19:12:22.346	5	0	0	0	0	0	0	0	0	0	0	0	0	
215	2026-05-07 19:13:58.723	2026-05-07 19:13:58.879	5	0	0	0	0	0	0	0	0	0	0	0	0	
215	2026-05-07 19:14:00.018	2026-05-07 19:14:00.049	5	0	0	0	0	0	0	0	0	0	0	0	0	
215	2026-05-07 19:14:02.779	2026-05-07 19:14:04.230	5	0	0	0	0	0	0	0	0	0	0	0	0	
215	2026-05-07 19:14:10.282	2026-05-07 19:14:10.532	5	0	0	0	0	0	0	0	0	0	0	0	0	
215	2026-05-07 19:14:10.610	2026-05-07 19:14:10.688	5	0	0	0	0	0	0	0	0	0	0	0	0	
215	2026-05-07 19:14:10.782	2026-05-07 19:14:10.860	5	0	0	0	0	0	0	0	0	0	0	0	0	
215	2026-05-07 19:14:10.962	2026-05-07 19:14:11.031	5	0	0	0	0	0	0	0	0	0	0	0	0	
215	2026-05-07 19:14:11.156	2026-05-07 19:14:11.936	5	0	0	0	0	0	0	0	0	0	0	0	0	
215	2026-05-07 19:14:12.841	2026-05-07 19:14:14.229	5	0	0	0	0	0	0	0	0	0	0	0	0	
215	2026-05-07 19:14:15.196	2026-05-07 19:14:15.664	5	0	0	0	0	0	0	0	0	0	0	0	0	
215	2026-05-07 19:14:15.774	2026-05-07 19:14:15.867	5	0	0	0	0	0	0	0	0	0	0	0	0	
215	2026-05-07 19:14:15.961	2026-05-07 19:14:16.023	5	0	0	0	0	0	0	0	0	0	0	0	0	
215	2026-05-07 19:14:16.522	2026-05-07 19:14:17.599	5	0	0	0	0	0	0	0	0	0	0	0	0	
215	2026-05-07 19:14:17.739	2026-05-07 19:14:19.876	5	0	0	0	0	0	0	0	0	0	0	0	0	
215	2026-05-07 19:15:39.093	2026-05-07 19:16:39.902	5	0	0	0	0	0	0	0	0	0	0	0	0	
215	2026-05-07 19:16:40.167	2026-05-07 19:16:40.245	5	0	0	0	0	0	0	0	0	0	0	0	0	
215	2026-05-07 19:16:40.776	2026-05-07 19:16:44.629	5	0	0	0	0	0	0	0	0	0	0	0	0	
215	2026-05-07 19:18:03.082	2026-05-07 19:18:03.113	5	0	0	0	0	0	0	0	0	0	0	0	0	
215	2026-05-07 19:18:32.207	2026-05-07 19:18:32.254	5	0	0	0	0	0	0	0	0	0	0	0	0	
215	2026-05-07 19:18:32.332	2026-05-07 19:18:32.363	5	0	0	0	0	0	0	0	0	0	0	0	0	
215	2026-05-07 19:18:32.737	2026-05-07 19:18:32.768	5	0	0	0	0	0	0	0	0	0	0	0	0	
215	2026-05-07 19:18:34.734	2026-05-07 19:18:34.765	5	0	0	0	0	0	0	0	0	0	0	0	0	
215	2026-05-07 19:18:42.050	2026-05-07 19:18:42.082	5	0	0	0	0	0	0	0	0	0	0	0	0	
215	2026-05-07 19:18:42.222	2026-05-07 19:18:42.784	5	0	0	0	0	0	0	0	0	0	0	0	0	
215	2026-05-07 19:18:43.392	2026-05-07 19:18:43.454	5	0	0	0	0	0	0	0	0	0	0	0	0	
215	2026-05-07 19:18:44.297	2026-05-07 19:18:44.562	5	0	0	0	0	0	0	0	0	0	0	0	0	
215	2026-05-07 19:18:45.046	2026-05-07 19:18:48.072	5	0	0	0	0	0	0	0	0	0	0	0	0	
215	2026-05-07 19:18:52.502	2026-05-07 19:18:52.752	5	0	0	0	0	0	0	0	0	0	0	0	0	
215	2026-05-07 19:18:55.264	2026-05-07 19:18:56.106	5	0	0	0	0	0	0	0	0	0	0	0	0	
215	2026-05-07 19:18:56.153	2026-05-07 19:19:06.886	5	0	0	0	0	0	0	0	0	0	0	0	0	
215	2026-05-07 19:19:15.544	2026-05-07 19:19:16.074	5	0	0	0	0	0	0	0	0	0	0	0	0	
215	2026-05-07 19:19:17.026	2026-05-07 19:19:17.260	5	0	0	0	0	0	0	0	0	0	0	0	0	
215	2026-05-07 19:19:17.338	2026-05-07 19:19:17.416	5	0	0	0	0	0	0	0	0	0	0	0	0	
215	2026-05-07 19:19:17.540	2026-05-07 19:19:17.587	5	0	0	0	0	0	0	0	0	0	0	0	0	
215	2026-05-07 19:19:17.650	2026-05-07 19:19:19.163	5	0	0	0	0	0	0	0	0	0	0	0	0	
215	2026-05-07 19:19:38.055	2026-05-07 19:19:38.070	5	0	0	0	0	0	0	0	0	0	0	0	0	
215	2026-05-07 19:20:00.893	2026-05-07 19:20:01.018	5	0	0	0	0	0	0	0	0	0	0	0	0	
215	2026-05-07 19:20:04.996	2026-05-07 19:20:05.152	5	0	0	0	0	0	0	0	0	0	0	0	0	
215	2026-05-07 19:20:05.167	2026-05-07 19:20:05.339	5	0	0	0	0	0	0	0	0	0	0	0	0	
215	2026-05-07 19:20:05.386	2026-05-07 19:20:05.401	5	0	0	0	0	0	0	0	0	0	0	0	0	
215	2026-05-07 19:20:05.495	2026-05-07 19:20:05.542	5	0	0	0	0	0	0	0	0	0	0	0	0	
215	2026-05-07 19:20:05.729	2026-05-07 19:20:05.776	5	0	0	0	0	0	0	0	0	0	0	0	0	
215	2026-05-07 19:20:26.836	2026-05-07 19:20:26.945	5	0	0	0	0	0	0	0	0	0	0	0	0	
215	2026-05-07 19:20:27.351	2026-05-07 19:20:27.366	5	0	0	0	0	0	0	0	0	0	0	0	0	
215	2026-05-07 19:20:27.570	2026-05-07 19:20:27.585	5	0	0	0	0	0	0	0	0	0	0	0	0	
215	2026-05-07 19:20:33.747	2026-05-07 19:20:34.074	5	0	0	0	0	0	0	0	0	0	0	0	0	
215	2026-05-07 19:20:34.371	2026-05-07 19:20:34.433	5	0	0	0	0	0	0	0	0	0	0	0	0	
215	2026-05-07 19:20:34.511	2026-05-07 19:20:34.573	5	0	0	0	0	0	0	0	0	0	0	0	0	
215	2026-05-07 19:20:34.589	2026-05-07 19:20:34.605	5	0	0	0	0	0	0	0	0	0	0	0	0	
215	2026-05-07 19:20:34.620	2026-05-07 19:20:34.651	5	0	0	0	0	0	0	0	0	0	0	0	0	
215	2026-05-07 19:20:34.714	2026-05-07 19:20:34.807	5	0	0	0	0	0	0	0	0	0	0	0	0	
215	2026-05-07 19:20:34.839	2026-05-07 19:20:34.854	5	0	0	0	0	0	0	0	0	0	0	0	0	
215	2026-05-07 19:20:34.885	2026-05-07 19:20:34.901	5	0	0	0	0	0	0	0	0	0	0	0	0	
215	2026-05-07 19:20:54.588	2026-05-07 19:20:54.604	5	0	0	0	0	0	0	0	0	0	0	0	0	
211	2026-05-07 17:59:22.264	2026-05-07 17:59:22.638	8	0	0	0	0	0	0	0	0	0	0	0	0	
211	2026-05-07 17:59:32.903	2026-05-07 17:59:33.527	8	0	0	0	0	0	0	0	0	0	0	0	0	
211	2026-05-07 18:00:00.640	2026-05-07 18:00:04.087	8	0	0	0	0	0	0	0	0	0	0	0	0	
211	2026-05-07 18:00:04.914	2026-05-07 18:00:05.523	8	0	0	0	0	0	0	0	0	0	0	0	0	
211	2026-05-07 18:00:05.663	2026-05-07 18:00:05.694	8	0	0	0	0	0	0	0	0	0	0	0	0	
211	2026-05-07 18:02:00.417	2026-05-07 18:02:00.698	8	0	0	0	0	0	0	0	0	0	0	0	0	
211	2026-05-07 18:02:19.340	2026-05-07 18:02:37.748	8	0	0	0	0	0	0	0	0	0	0	0	0	
211	2026-05-07 18:02:44.627	2026-05-07 18:02:44.908	8	0	0	0	0	0	0	0	0	0	0	0	0	
211	2026-05-07 18:10:13.674	2026-05-07 18:10:14.126	8	0	0	0	0	0	0	0	0	0	0	0	0	
211	2026-05-07 18:10:14.158	2026-05-07 18:10:14.922	8	0	0	0	0	0	0	0	0	0	0	0	0	
211	2026-05-07 18:10:54.655	2026-05-07 18:10:55.451	8	0	0	0	0	0	0	0	0	0	0	0	0	
211	2026-05-07 18:11:45.246	2026-05-07 18:12:57.006	8	0	0	0	0	0	0	0	0	0	0	0	0	
211	2026-05-07 18:12:57.303	2026-05-07 18:12:57.973	8	0	0	0	0	0	0	0	0	0	0	0	0	
211	2026-05-07 18:18:48.834	2026-05-07 18:18:48.974	8	0	0	0	0	0	0	0	0	0	0	0	0	
211	2026-05-07 18:25:01.238	2026-05-07 18:25:01.487	8	0	0	0	0	0	0	0	0	0	0	0	0	
211	2026-05-07 18:31:18.431	2026-05-07 18:31:18.992	8	0	0	0	0	0	0	0	0	0	0	0	0	
211	2026-05-07 18:31:19.039	2026-05-07 18:31:19.179	8	0	0	0	0	0	0	0	0	0	0	0	0	
211	2026-05-07 18:31:19.335	2026-05-07 18:31:19.460	8	0	0	0	0	0	0	0	0	0	0	0	0	
211	2026-05-07 18:32:18.163	2026-05-07 18:32:18.210	8	0	0	0	0	0	0	0	0	0	0	0	0	
211	2026-05-07 18:33:09.409	2026-05-07 18:33:18.878	8	0	0	0	0	0	0	0	0	0	0	0	0	
211	2026-05-07 18:33:19.144	2026-05-07 18:36:14.706	8	0	0	0	0	0	0	0	0	0	0	0	0	
211	2026-05-07 18:36:18.294	2026-05-07 18:36:19.386	8	0	0	0	0	0	0	0	0	0	0	0	0	
211	2026-05-07 18:36:20.026	2026-05-07 18:37:39.960	8	0	0	0	0	0	0	0	0	0	0	0	0	
211	2026-05-07 18:37:40.226	2026-05-07 18:38:17.759	8	0	0	0	0	0	0	0	0	0	0	0	0	
211	2026-05-07 18:38:17.775	2026-05-07 18:38:18.368	8	0	0	0	0	0	0	0	0	0	0	0	0	
211	2026-05-07 18:38:20.505	2026-05-07 18:41:08.018	8	0	0	0	0	0	0	0	0	0	0	0	0	
211	2026-05-07 18:41:08.299	2026-05-07 18:43:22.849	8	0	0	0	0	0	0	0	0	0	0	0	0	
211	2026-05-07 18:43:23.317	2026-05-07 18:45:02.065	8	0	0	0	0	0	0	0	0	0	0	0	0	
211	2026-05-07 18:45:02.502	2026-05-07 18:45:53.296	8	0	0	0	0	0	0	0	0	0	0	0	0	
211	2026-05-07 18:45:54.856	2026-05-07 18:45:54.903	8	0	0	0	0	0	0	0	0	0	0	0	0	
211	2026-05-07 18:45:57.040	2026-05-07 18:45:57.180	8	0	0	0	0	0	0	0	0	0	0	0	0	
211	2026-05-07 18:46:03.139	2026-05-07 18:46:03.217	8	0	0	0	0	0	0	0	0	0	0	0	0	
211	2026-05-07 18:46:03.732	2026-05-07 18:46:09.177	8	0	0	0	0	0	0	0	0	0	0	0	0	
211	2026-05-07 18:48:05.303	2026-05-07 18:51:49.819	7	0	0	0	0	0	0	0	0	0	0	0	0	
211	2026-05-07 18:51:50.022	2026-05-07 19:07:37.458	7	0	0	0	0	0	0	0	0	0	0	0	0	
211	2026-05-07 19:07:37.645	2026-05-07 19:13:07.742	7	0	0	0	0	0	0	0	0	0	0	0	0	
211	2026-05-07 19:13:08.428	2026-05-07 19:13:08.537	7	0	0	0	0	0	0	0	0	0	0	0	0	
211	2026-05-07 19:13:17.851	2026-05-07 19:13:18.116	7	0	0	0	0	0	0	0	0	0	0	0	0	
211	2026-05-07 19:13:42.592	2026-05-07 19:13:42.701	7	0	0	0	0	0	0	0	0	0	0	0	0	
211	2026-05-07 19:13:42.826	2026-05-07 19:13:43.138	7	0	0	0	0	0	0	0	0	0	0	0	0	
211	2026-05-07 19:13:43.809	2026-05-07 19:13:43.871	7	0	0	0	0	0	0	0	0	0	0	0	0	
211	2026-05-07 19:13:44.012	2026-05-07 19:13:44.137	7	0	0	0	0	0	0	0	0	0	0	0	0	
211	2026-05-07 19:13:44.152	2026-05-07 19:13:44.761	7	0	0	0	0	0	0	0	0	0	0	0	0	
211	2026-05-07 19:13:55.478	2026-05-07 19:13:55.525	7	0	0	0	0	0	0	0	0	0	0	0	0	
211	2026-05-07 19:14:10.969	2026-05-07 19:14:11.484	7	0	0	0	0	0	0	0	0	0	0	0	0	
211	2026-05-07 19:14:27.318	2026-05-07 19:14:27.489	7	0	0	0	0	0	0	0	0	0	0	0	0	
211	2026-05-07 19:14:27.832	2026-05-07 19:14:27.879	7	0	0	0	0	0	0	0	0	0	0	0	0	
211	2026-05-07 19:14:31.467	2026-05-07 19:14:31.561	7	0	0	0	0	0	0	0	0	0	0	0	0	
211	2026-05-07 19:14:51.186	2026-05-07 19:14:51.326	7	0	0	0	0	0	0	0	0	0	0	0	0	
211	2026-05-07 19:14:51.482	2026-05-07 19:14:51.888	7	0	0	0	0	0	0	0	0	0	0	0	0	
211	2026-05-07 19:14:52.028	2026-05-07 19:14:52.137	7	0	0	0	0	0	0	0	0	0	0	0	0	
211	2026-05-07 19:14:52.184	2026-05-07 19:14:52.746	7	0	0	0	0	0	0	0	0	0	0	0	0	
211	2026-05-07 19:15:11.450	2026-05-07 19:15:18.548	7	0	0	0	0	0	0	0	0	0	0	0	0	
211	2026-05-07 19:15:19.344	2026-05-07 19:15:37.050	7	0	0	0	0	0	0	0	0	0	0	0	0	
211	2026-05-07 19:16:23.000	2026-05-07 19:16:24.240	7	0	0	0	0	0	0	0	0	0	0	0	0	
211	2026-05-07 19:16:39.543	2026-05-07 19:16:39.918	7	0	0	0	0	0	0	0	0	0	0	0	0	
211	2026-05-07 19:16:40.760	2026-05-07 19:16:40.932	7	0	0	0	0	0	0	0	0	0	0	0	0	
211	2026-05-07 19:19:08.929	2026-05-07 19:19:15.918	7	0	0	0	0	0	0	0	0	0	0	0	0	
211	2026-05-07 19:19:16.277	2026-05-07 19:19:16.370	7	0	0	0	0	0	0	0	0	0	0	0	0	
211	2026-05-07 19:19:16.558	2026-05-07 19:19:29.615	7	0	0	0	0	0	0	0	0	0	0	0	0	
211	2026-05-07 19:19:30.145	2026-05-07 19:19:30.816	7	0	0	0	0	0	0	0	0	0	0	0	0	
211	2026-05-07 19:19:31.409	2026-05-07 19:23:43.131	7	0	0	0	0	0	0	0	0	0	0	0	0	
211	2026-05-07 19:23:51.945	2026-05-07 19:23:52.085	7	0	0	0	0	0	0	0	0	0	0	0	0	
211	2026-05-07 19:23:53.349	2026-05-07 19:23:53.583	7	0	0	0	0	0	0	0	0	0	0	0	0	
211	2026-05-07 19:23:54.067	2026-05-07 19:23:54.613	7	0	0	0	0	0	0	0	0	0	0	0	0	
211	2026-05-07 19:24:07.327	2026-05-07 19:24:07.498	7	0	0	0	0	0	0	0	0	0	0	0	0	
211	2026-05-07 19:24:07.623	2026-05-07 19:24:07.654	7	0	0	0	0	0	0	0	0	0	0	0	0	
211	2026-05-07 19:24:09.620	2026-05-07 19:24:10.493	7	0	0	0	0	0	0	0	0	0	0	0	0	
211	2026-05-07 19:24:10.852	2026-05-07 19:24:16.281	7	0	0	0	0	0	0	0	0	0	0	0	0	
211	2026-05-07 19:24:16.531	2026-05-07 19:24:16.577	7	0	0	0	0	0	0	0	0	0	0	0	0	
211	2026-05-07 19:24:16.671	2026-05-07 19:24:17.560	7	0	0	0	0	0	0	0	0	0	0	0	0	
211	2026-05-07 19:24:17.623	2026-05-07 19:24:18.418	7	0	0	0	0	0	0	0	0	0	0	0	0	
211	2026-05-07 19:24:20.337	2026-05-07 19:24:20.477	7	0	0	0	0	0	0	0	0	0	0	0	0	
211	2026-05-07 19:24:21.289	2026-05-07 19:24:22.708	7	0	0	0	0	0	0	0	0	0	0	0	0	
211	2026-05-07 19:24:22.739	2026-05-07 19:24:22.973	7	0	0	0	0	0	0	0	0	0	0	0	0	
211	2026-05-07 19:24:23.192	2026-05-07 19:24:24.268	7	0	0	0	0	0	0	0	0	0	0	0	0	
211	2026-05-07 19:24:24.861	2026-05-07 19:24:27.419	7	0	0	0	0	0	0	0	0	0	0	0	0	
211	2026-05-07 19:24:28.527	2026-05-07 19:24:28.714	7	0	0	0	0	0	0	0	0	0	0	0	0	
211	2026-05-07 19:24:28.792	2026-05-07 19:24:30.290	7	0	0	0	0	0	0	0	0	0	0	0	0	
211	2026-05-07 19:24:30.337	2026-05-07 19:24:30.617	7	0	0	0	0	0	0	0	0	0	0	0	0	
211	2026-05-07 19:24:30.820	2026-05-07 19:24:32.318	7	0	0	0	0	0	0	0	0	0	0	0	0	
211	2026-05-07 19:24:32.411	2026-05-07 19:24:32.474	7	0	0	0	0	0	0	0	0	0	0	0	0	
211	2026-05-07 19:24:32.567	2026-05-07 19:24:32.645	7	0	0	0	0	0	0	0	0	0	0	0	0	
211	2026-05-07 19:24:32.786	2026-05-07 19:24:34.112	7	0	0	0	0	0	0	0	0	0	0	0	0	
211	2026-05-07 19:24:34.174	2026-05-07 19:24:34.346	7	0	0	0	0	0	0	0	0	0	0	0	0	
211	2026-05-07 19:24:34.471	2026-05-07 19:24:34.845	7	0	0	0	0	0	0	0	0	0	0	0	0	
211	2026-05-07 19:24:34.939	2026-05-07 19:24:35.126	7	0	0	0	0	0	0	0	0	0	0	0	0	
211	2026-05-07 19:24:35.188	2026-05-07 19:24:35.547	7	0	0	0	0	0	0	0	0	0	0	0	0	
211	2026-05-07 19:24:36.405	2026-05-07 19:24:36.467	7	0	0	0	0	0	0	0	0	0	0	0	0	
211	2026-05-07 19:24:36.623	2026-05-07 19:24:36.686	7	0	0	0	0	0	0	0	0	0	0	0	0	
211	2026-05-07 19:24:36.764	2026-05-07 19:24:37.279	7	0	0	0	0	0	0	0	0	0	0	0	0	
211	2026-05-07 19:24:37.419	2026-05-07 19:24:40.430	7	0	0	0	0	0	0	0	0	0	0	0	0	
211	2026-05-07 19:24:41.662	2026-05-07 19:24:42.317	7	0	0	0	0	0	0	0	0	0	0	0	0	
211	2026-05-07 19:24:42.364	2026-05-07 19:24:42.785	7	0	0	0	0	0	0	0	0	0	0	0	0	
211	2026-05-07 19:24:43.097	2026-05-07 19:24:43.378	7	0	0	0	0	0	0	0	0	0	0	0	0	
211	2026-05-07 19:24:43.441	2026-05-07 19:24:44.689	7	0	0	0	0	0	0	0	0	0	0	0	0	
211	2026-05-07 19:24:45.375	2026-05-07 19:24:46.186	7	0	0	0	0	0	0	0	0	0	0	0	0	
211	2026-05-07 19:24:46.451	2026-05-07 19:24:46.685	7	0	0	0	0	0	0	0	0	0	0	0	0	
211	2026-05-07 19:25:58.555	2026-05-07 19:25:58.851	7	0	0	0	0	0	0	0	0	0	0	0	0	
211	2026-05-07 19:25:58.929	2026-05-07 19:25:59.522	7	0	0	0	0	0	0	0	0	0	0	0	0	
211	2026-05-07 19:26:00.364	2026-05-07 19:26:00.489	7	0	0	0	0	0	0	0	0	0	0	0	0	
211	2026-05-07 19:26:01.909	2026-05-07 19:26:01.987	7	0	0	0	0	0	0	0	0	0	0	0	0	
211	2026-05-07 19:26:02.002	2026-05-07 19:26:02.018	7	0	0	0	0	0	0	0	0	0	0	0	0	
211	2026-05-07 19:26:03.391	2026-05-07 19:26:27.415	7	0	0	0	0	0	0	0	0	0	0	0	0	
211	2026-05-07 19:26:27.493	2026-05-07 19:26:28.819	7	0	0	0	0	0	0	0	0	0	0	0	0	
211	2026-05-07 19:26:28.881	2026-05-07 19:26:50.721	7	0	0	0	0	0	0	0	0	0	0	0	0	
211	2026-05-07 19:26:51.033	2026-05-07 19:26:51.127	7	0	0	0	0	0	0	0	0	0	0	0	0	
211	2026-05-07 19:26:51.470	2026-05-07 19:26:51.688	7	0	0	0	0	0	0	0	0	0	0	0	0	
211	2026-05-07 19:26:52.858	2026-05-07 19:26:53.170	7	0	0	0	0	0	0	0	0	0	0	0	0	
211	2026-05-07 19:26:53.186	2026-05-07 19:26:53.295	7	0	0	0	0	0	0	0	0	0	0	0	0	
211	2026-05-07 19:26:55.089	2026-05-07 19:26:55.698	7	0	0	0	0	0	0	0	0	0	0	0	0	
211	2026-05-07 19:27:43.169	2026-05-07 19:27:49.518	8	0	0	0	0	0	0	0	0	0	0	0	0	
211	2026-05-07 19:27:49.721	2026-05-07 19:27:50.064	8	0	0	0	0	0	0	0	0	0	0	0	0	
211	2026-05-07 19:28:52.979	2026-05-07 19:28:53.072	7	0	0	0	0	0	0	0	0	0	0	0	0	
211	2026-05-07 19:29:05.677	2026-05-07 19:30:04.193	8	0	0	0	0	0	0	0	0	0	0	0	0	
211	2026-05-07 19:30:35.174	2026-05-07 19:30:35.471	8	0	0	0	0	0	0	0	0	0	0	0	0	
211	2026-05-07 19:30:35.596	2026-05-07 19:30:36.469	8	0	0	0	0	0	0	0	0	0	0	0	0	
211	2026-05-07 19:30:36.641	2026-05-07 19:30:41.383	8	0	0	0	0	21	1.35800004005432	3.3696059	0	0	0	0	0	2026-05-07 19:30:37.452
211	2026-05-07 19:31:17.950	2026-05-07 19:31:17.965	8	0	0	0	0	0	0	0	0	0	0	0	0	
211	2026-05-07 19:32:26.637	2026-05-07 19:32:26.917	8	0	0	0	0	0	0	0	0	0	0	0	0	
211	2026-05-07 19:32:27.354	2026-05-07 19:32:29.304	8	0	0	0	0	0	0	0	0	0	0	0	0	
211	2026-05-07 19:34:58.207	2026-05-07 19:34:58.253	8	0	0	0	0	0	0	0	0	0	0	0	0	
190	2026-05-07 17:14:13.569	2026-05-07 17:14:13.600	4	0	0	0	0	0	0	0	0	0	0	0	0	
190	2026-05-07 17:14:26.049	2026-05-07 17:14:26.127	3	0	0	0	0	0	0	0	0	0	0	0	0	
190	2026-05-07 17:14:26.470	2026-05-07 17:14:27.109	4	0	0	0	0	0	0	0	0	0	0	0	0	
190	2026-05-07 17:14:44.098	2026-05-07 17:14:44.347	3	0	0	0	0	0	0	0	0	0	0	0	0	
190	2026-05-07 17:14:50.041	2026-05-07 17:14:50.104	4	0	0	0	0	0	0	0	0	0	0	0	0	
190	2026-05-07 17:18:14.620	2026-05-07 17:18:25.072	4	0	0	0	0	0	0	0	0	0	0	0	0	
190	2026-05-07 17:18:25.369	2026-05-07 17:19:21.560	4	0	0	0	0	0	0	0	0	0	0	0	0	
190	2026-05-07 17:19:21.731	2026-05-07 17:19:29.453	4	0	0	0	0	0	0	0	0	0	0	0	0	
190	2026-05-07 17:20:00.420	2026-05-07 17:20:03.196	4	0	0	0	0	0	0	0	0	0	0	0	0	
190	2026-05-07 17:20:16.987	2026-05-07 17:20:17.065	4	0	0	0	0	0	0	0	0	0	0	0	0	
190	2026-05-07 17:20:19.904	2026-05-07 17:24:43.279	4	0	0	0	0	0	0	0	0	0	0	0	0	
190	2026-05-07 17:25:03.965	2026-05-07 17:25:49.252	4	0	0	0	0	0	0	0	0	0	0	0	0	
190	2026-05-07 17:25:49.377	2026-05-07 17:27:00.559	4	0	0	0	0	0	0	0	0	0	0	0	0	
190	2026-05-07 17:27:52.820	2026-05-07 17:27:53.615	3	0	0	0	0	0	0	0	0	0	0	0	0	
190	2026-05-07 17:31:39.004	2026-05-07 17:31:39.020	4	0	0	0	0	0	0	0	0	0	0	0	0	
190	2026-05-07 17:31:39.067	2026-05-07 17:31:39.082	4	0	0	0	0	0	0	0	0	0	0	0	0	
190	2026-05-07 17:32:41.482	2026-05-07 17:33:31.683	4	0	0	0	0	0	0	0	0	0	0	0	0	
190	2026-05-07 17:33:31.886	2026-05-07 17:33:31.933	4	0	0	0	0	0	0	0	0	0	0	0	0	
190	2026-05-07 17:33:35.412	2026-05-07 17:33:43.181	4	0	0	0	0	0	0	0	0	0	0	0	0	
190	2026-05-07 17:35:09.371	2026-05-07 17:35:09.449	4	0	0	0	0	0	0	0	0	0	0	0	0	
190	2026-05-07 17:35:09.574	2026-05-07 17:35:09.698	4	0	0	0	0	0	0	0	0	0	0	0	0	
190	2026-05-07 17:35:09.870	2026-05-07 17:35:10.213	4	0	0	0	0	0	0	0	0	0	0	0	0	
190	2026-05-07 17:35:10.322	2026-05-07 17:35:10.946	4	0	0	0	0	0	0	0	0	0	0	0	0	
190	2026-05-07 17:39:52.371	2026-05-07 17:39:52.589	4	0	0	0	0	0	0	0	0	0	0	0	0	
190	2026-05-07 17:43:33.205	2026-05-07 17:43:33.345	4	0	0	0	0	0	0	0	0	0	0	0	0	
190	2026-05-07 17:46:08.222	2026-05-07 17:46:09.704	3	0	0	0	0	1	0.0140000004321337	0.2028003	0	0	0	0	0	2026-05-07 17:46:09.439
190	2026-05-07 17:45:33.543	2026-05-07 17:46:23.947	4	0	0	0	0	0	0	0	0	0	0	0	0	
190	2026-05-07 17:46:24.041	2026-05-07 17:54:30.169	4	0	0	0	0	0	0	0	0	0	0	0	0	
190	2026-05-07 17:59:06.726	2026-05-07 18:01:14.365	4	0	0	0	0	0	0	0	0	0	0	0	0	
190	2026-05-07 18:01:20.075	2026-05-07 18:01:38.826	4	0	0	0	0	0	0	0	0	0	0	0	0	
190	2026-05-07 18:01:40.511	2026-05-07 18:01:41.042	4	0	0	0	0	0	0	0	0	0	0	0	0	
190	2026-05-07 18:01:53.303	2026-05-07 18:01:57.094	4	0	0	0	0	0	0	0	0	0	0	0	0	
190	2026-05-07 18:01:57.468	2026-05-07 18:01:57.500	4	0	0	0	0	0	0	0	0	0	0	0	0	
190	2026-05-07 18:02:09.153	2026-05-07 18:02:13.022	4	0	0	0	0	0	0	0	0	0	0	0	0	
190	2026-05-07 18:02:13.287	2026-05-07 18:02:13.474	4	0	0	0	0	0	0	0	0	0	0	0	0	
190	2026-05-07 18:03:06.405	2026-05-07 18:03:46.887	4	0	0	0	0	0	0	0	0	0	0	0	0	
190	2026-05-07 18:03:47.027	2026-05-07 18:03:48.743	4	0	0	0	0	0	0	0	0	0	0	0	0	
190	2026-05-07 18:09:36.187	2026-05-07 18:09:36.515	4	0	0	0	0	0	0	0	0	0	0	0	0	
190	2026-05-07 18:09:36.796	2026-05-07 18:09:37.638	4	0	0	0	0	0	0	0	0	0	0	0	0	
190	2026-05-07 18:15:43.427	2026-05-07 18:15:43.443	3	0	0	0	0	0	0	0	0	0	0	0	0	
190	2026-05-07 18:15:45.440	2026-05-07 18:15:45.845	3	0	0	0	0	0	0	0	0	0	0	0	0	
190	2026-05-07 18:36:24.316	2026-05-07 18:36:24.363	4	0	0	0	0	0	0	0	0	0	0	0	0	
190	2026-05-07 18:36:24.472	2026-05-07 18:36:24.534	4	0	0	0	0	0	0	0	0	0	0	0	0	
190	2026-05-07 18:36:24.566	2026-05-07 18:36:24.597	4	0	0	0	0	0	0	0	0	0	0	0	0	
190	2026-05-07 18:42:33.116	2026-05-07 18:42:33.163	3	0	0	0	0	0	0	0	0	0	0	0	0	
190	2026-05-07 18:42:33.319	2026-05-07 18:42:33.397	3	0	0	0	0	0	0	0	0	0	0	0	0	
190	2026-05-07 18:42:33.491	2026-05-07 18:42:33.537	3	0	0	0	0	0	0	0	0	0	0	0	0	
190	2026-05-07 18:42:33.693	2026-05-07 18:42:33.709	3	0	0	0	0	0	0	0	0	0	0	0	0	
190	2026-05-07 18:42:33.849	2026-05-07 18:42:33.881	3	0	0	0	0	0	0	0	0	0	0	0	0	
190	2026-05-07 18:42:34.146	2026-05-07 18:42:34.208	3	0	0	0	0	0	0	0	0	0	0	0	0	
190	2026-05-07 18:42:34.926	2026-05-07 18:42:35.004	3	0	0	0	0	0	0	0	0	0	0	0	0	
190	2026-05-07 18:42:35.331	2026-05-07 18:42:35.472	3	0	0	0	0	0	0	0	0	0	0	0	0	
190	2026-05-07 18:42:35.940	2026-05-07 18:42:36.033	3	0	0	0	0	0	0	0	0	0	0	0	0	
190	2026-05-07 18:42:36.299	2026-05-07 18:42:36.377	3	0	0	0	0	0	0	0	0	0	0	0	0	
190	2026-05-07 18:42:36.642	2026-05-07 18:42:36.689	3	0	0	0	0	0	0	0	0	0	0	0	0	
190	2026-05-07 18:42:37.001	2026-05-07 18:42:37.047	3	0	0	0	0	0	0	0	0	0	0	0	0	
190	2026-05-07 18:42:37.157	2026-05-07 18:42:37.266	3	0	0	0	0	0	0	0	0	0	0	0	0	
190	2026-05-07 18:42:37.671	2026-05-07 18:42:37.765	3	0	0	0	0	0	0	0	0	0	0	0	0	
190	2026-05-07 18:42:37.843	2026-05-07 18:42:37.952	3	0	0	0	0	0	0	0	0	0	0	0	0	
190	2026-05-07 18:42:41.244	2026-05-07 18:42:41.540	3	0	0	0	0	0	0	0	0	0	0	0	0	
190	2026-05-07 18:42:41.681	2026-05-07 18:43:04.847	3	0	0	0	0	0	0	0	0	0	0	0	0	
190	2026-05-07 18:50:04.971	2026-05-07 18:50:05.033	3	0	0	0	0	0	0	0	0	0	0	0	0	
190	2026-05-07 18:50:05.377	2026-05-07 18:50:05.517	3	0	0	0	0	0	0	0	0	0	0	0	0	
190	2026-05-07 18:50:13.036	2026-05-07 18:50:14.222	3	0	0	0	0	0	0	0	0	0	0	0	0	
190	2026-05-07 19:01:41.060	2026-05-07 19:01:41.668	4	0	0	0	0	0	0	0	0	0	0	0	0	
190	2026-05-07 19:01:46.660	2026-05-07 19:01:59.905	4	0	0	0	0	0	0	0	0	0	0	0	0	
190	2026-05-07 19:02:27.844	2026-05-07 19:02:27.922	4	0	0	0	0	0	0	0	0	0	0	0	0	
190	2026-05-07 19:02:28.656	2026-05-07 19:02:37.610	4	0	0	0	0	0	0	0	0	0	0	0	0	
190	2026-05-07 19:03:07.780	2026-05-07 19:03:08.202	4	0	0	0	0	0	0	0	0	0	0	0	0	
190	2026-05-07 19:03:12.663	2026-05-07 19:03:12.772	4	0	0	0	0	0	0	0	0	0	0	0	0	
190	2026-05-07 19:03:13.022	2026-05-07 19:03:13.209	4	0	0	0	0	0	0	0	0	0	0	0	0	
190	2026-05-07 19:03:19.090	2026-05-07 19:03:19.122	3	0	0	0	0	0	0	0	0	0	0	0	0	
190	2026-05-07 19:03:19.184	2026-05-07 19:03:19.215	3	0	0	0	0	0	0	0	0	0	0	0	0	
190	2026-05-07 19:03:19.246	2026-05-07 19:03:19.278	3	0	0	0	0	0	0	0	0	0	0	0	0	
190	2026-05-07 19:03:19.324	2026-05-07 19:03:19.356	3	0	0	0	0	0	0	0	0	0	0	0	0	
190	2026-05-07 19:03:19.371	2026-05-07 19:03:19.402	3	0	0	0	0	0	0	0	0	0	0	0	0	
190	2026-05-07 19:03:19.449	2026-05-07 19:03:19.480	3	0	0	0	0	0	0	0	0	0	0	0	0	
190	2026-05-07 19:03:19.496	2026-05-07 19:03:19.543	3	0	0	0	0	0	0	0	0	0	0	0	0	
190	2026-05-07 19:03:19.574	2026-05-07 19:03:19.611	3	0	0	0	0	0	0	0	0	0	0	0	0	
190	2026-05-07 19:03:19.636	2026-05-07 19:03:19.683	3	0	0	0	0	0	0	0	0	0	0	0	0	
190	2026-05-07 19:03:19.699	2026-05-07 19:03:19.761	3	0	0	0	0	0	0	0	0	0	0	0	0	
190	2026-05-07 19:03:19.777	2026-05-07 19:03:19.824	3	0	0	0	0	0	0	0	0	0	0	0	0	
190	2026-05-07 19:03:19.855	2026-05-07 19:03:19.902	3	0	0	0	0	0	0	0	0	0	0	0	0	
190	2026-05-07 19:03:19.917	2026-05-07 19:03:20.292	3	0	0	0	0	0	0	0	0	0	0	0	0	
190	2026-05-07 19:03:20.323	2026-05-07 19:03:20.370	3	0	0	0	0	0	0	0	0	0	0	0	0	
190	2026-05-07 19:03:20.385	2026-05-07 19:03:20.510	3	0	0	0	0	0	0	0	0	0	0	0	0	
190	2026-05-07 19:03:20.541	2026-05-07 19:03:20.588	3	0	0	0	0	0	0	0	0	0	0	0	0	
190	2026-05-07 19:03:20.604	2026-05-07 19:03:21.056	3	0	0	0	0	0	0	0	0	0	0	0	0	
190	2026-05-07 19:03:20.354	2026-05-07 19:03:21.321	4	0	0	0	0	0	0	0	0	0	0	0	0	
190	2026-05-07 19:03:21.415	2026-05-07 19:03:21.571	4	0	0	0	0	0	0	0	0	0	0	0	0	
190	2026-05-07 19:03:23.958	2026-05-07 19:03:26.500	4	0	0	0	0	0	0	0	0	0	0	0	0	
190	2026-05-07 19:09:00.450	2026-05-07 19:09:00.497	3	0	0	0	0	0	0	0	0	0	0	0	0	
190	2026-05-07 19:11:05.906	2026-05-07 19:11:06.124	3	0	0	0	0	0	0	0	0	0	0	0	0	
190	2026-05-07 19:11:06.389	2026-05-07 19:11:11.943	3	0	0	0	0	37	2.09999990463257	4.8984086	0	0	0	0	0	2026-05-07 19:11:06.935
190	2026-05-07 19:12:32.189	2026-05-07 19:12:32.345	3	0	0	0	0	0	0	0	0	0	0	0	0	
190	2026-05-07 19:17:43.254	2026-05-07 19:19:54.481	4	0	0	0	0	0	0	0	0	0	0	0	0	
190	2026-05-07 19:20:33.809	2026-05-07 19:20:40.657	4	0	0	0	0	0	0	0	0	0	0	0	0	
190	2026-05-07 19:20:41.157	2026-05-07 19:20:41.734	4	0	0	0	0	0	0	0	0	0	0	0	0	
190	2026-05-07 19:20:41.843	2026-05-07 19:20:41.890	4	0	0	0	0	0	0	0	0	0	0	0	0	
190	2026-05-07 19:20:42.015	2026-05-07 19:20:42.061	4	0	0	0	0	0	0	0	0	0	0	0	0	
190	2026-05-07 19:20:42.186	2026-05-07 19:20:42.233	4	0	0	0	0	0	0	0	0	0	0	0	0	
190	2026-05-07 19:20:42.451	2026-05-07 19:20:42.514	4	0	0	0	0	0	0	0	0	0	0	0	0	
190	2026-05-07 19:20:42.654	2026-05-07 19:20:43.216	4	0	0	0	0	0	0	0	0	0	0	0	0	
190	2026-05-07 19:20:43.403	2026-05-07 19:20:44.011	4	0	0	0	0	0	0	0	0	0	0	0	0	
190	2026-05-07 19:20:50.548	2026-05-07 19:23:19.029	4	0	0	0	0	0	0	0	0	0	0	0	0	
190	2026-05-07 19:23:51.789	2026-05-07 19:23:53.037	4	0	0	0	0	0	0	0	0	0	0	0	0	
190	2026-05-07 19:23:53.099	2026-05-07 19:23:53.162	4	0	0	0	0	0	0	0	0	0	0	0	0	
190	2026-05-07 19:23:57.140	2026-05-07 19:23:57.530	3	0	0	0	0	0	0	0	0	0	0	0	0	
190	2026-05-07 19:39:43.016	2026-05-07 19:39:43.843	3	0	0	0	0	0	0	0	0	0	0	0	0	
190	2026-05-07 19:39:43.952	2026-05-07 19:39:44.061	3	0	0	0	0	0	0	0	0	0	0	0	0	
190	2026-05-07 19:39:47.041	2026-05-07 19:39:49.069	4	0	0	0	0	0	0	0	0	0	0	0	0	
190	2026-05-07 19:39:49.459	2026-05-07 19:40:50.876	4	0	0	0	0	0	0	0	0	0	0	0	0	
190	2026-05-07 19:41:42.294	2026-05-07 19:41:42.419	4	0	0	0	0	0	0	0	0	0	0	0	0	
190	2026-05-07 19:41:42.512	2026-05-07 19:41:43.199	4	0	0	0	0	0	0	0	0	0	0	0	0	
190	2026-05-07 19:41:44.072	2026-05-07 19:41:44.213	4	0	0	0	0	0	0	0	0	0	0	0	0	
190	2026-05-07 19:41:47.021	2026-05-07 19:41:47.520	4	0	0	0	0	0	0	0	0	0	0	0	0	
190	2026-05-07 19:41:48.300	2026-05-07 19:41:48.378	4	0	0	0	0	0	0	0	0	0	0	0	0	
190	2026-05-07 19:41:48.550	2026-05-07 19:41:48.955	4	0	0	0	0	0	0	0	0	0	0	0	0	
190	2026-05-07 19:41:49.002	2026-05-07 19:41:50.250	4	0	0	0	0	0	0	0	0	0	0	0	0	
190	2026-05-07 19:41:50.515	2026-05-07 19:41:53.573	4	0	0	0	0	0	0	0	0	0	0	0	0	
190	2026-05-07 19:41:53.744	2026-05-07 19:41:55.180	4	0	0	0	0	0	0	0	0	0	0	0	0	
190	2026-05-07 19:41:55.367	2026-05-07 19:41:58.456	4	0	0	0	0	0	0	0	0	0	0	0	0	
190	2026-05-07 19:41:59.345	2026-05-07 19:42:00.109	4	0	0	0	0	0	0	0	0	0	0	0	0	
190	2026-05-07 19:42:01.014	2026-05-07 19:42:08.362	4	0	0	0	0	0	0	0	0	0	0	0	0	
190	2026-05-07 19:42:10.093	2026-05-07 19:42:12.948	4	0	0	0	0	0	0	0	0	0	0	0	0	
190	2026-05-07 19:42:13.073	2026-05-07 19:42:15.054	4	0	0	0	0	0	0	0	0	0	0	0	0	
190	2026-05-07 19:42:15.101	2026-05-07 19:42:15.226	4	0	0	0	0	0	0	0	0	0	0	0	0	
190	2026-05-07 19:42:16.053	2026-05-07 19:42:16.333	4	0	0	0	0	0	0	0	0	0	0	0	0	
190	2026-05-07 19:42:16.443	2026-05-07 19:42:27.409	4	0	0	0	0	0	0	0	0	0	0	0	0	
190	2026-05-07 19:42:29.937	2026-05-07 19:42:30.202	4	0	0	0	0	0	0	0	0	0	0	0	0	
217	2026-05-07 19:37:42.724	2026-05-07 19:37:46.437	8	0	0	0	0	0	0	0	0	0	0	0	0	
217	2026-05-07 19:39:51.097	2026-05-07 19:42:26.879	8	0	0	0	0	0	0	0	0	0	0	0	0	
217	2026-05-07 19:42:28.533	2026-05-07 19:42:28.611	8	0	0	0	0	0	0	0	0	0	0	0	0	
217	2026-05-07 19:42:29.562	2026-05-07 19:42:47.487	8	0	0	0	0	0	0	0	0	0	0	0	0	
217	2026-05-07 19:42:48.859	2026-05-07 19:44:07.920	8	0	0	0	0	0	0	0	0	0	0	0	0	
218	2026-05-07 19:42:42.214	2026-05-07 19:42:42.510	3	0	0	0	0	0	0	0	0	0	0	0	0	
218	2026-05-07 19:43:06.519	2026-05-07 19:43:07.517	3	0	0	0	0	0	0	0	0	0	0	0	0	
218	2026-05-07 19:43:08.188	2026-05-07 19:43:08.297	3	0	0	0	0	0	0	0	0	0	0	0	0	
218	2026-05-07 19:43:08.765	2026-05-07 19:43:09.202	3	0	0	0	0	0	0	0	0	0	0	0	0	
218	2026-05-07 19:43:09.498	2026-05-07 19:43:09.873	3	0	0	0	0	0	0	0	0	0	0	0	0	
218	2026-05-07 19:43:09.935	2026-05-07 19:43:09.966	3	0	0	0	0	0	0	0	0	0	0	0	0	
218	2026-05-07 19:43:10.965	2026-05-07 19:43:11.261	3	0	0	0	0	0	0	0	0	0	0	0	0	
218	2026-05-07 19:43:11.807	2026-05-07 19:43:12.057	3	0	0	0	0	0	0	0	0	0	0	0	0	
218	2026-05-07 19:43:16.003	2026-05-07 19:43:16.269	3	0	0	0	0	0	0	0	0	0	0	0	0	
218	2026-05-07 19:43:16.518	2026-05-07 19:43:16.596	3	0	0	0	0	0	0	0	0	0	0	0	0	
218	2026-05-07 19:43:17.922	2026-05-07 19:43:18.000	3	0	0	0	0	0	0	0	0	0	0	0	0	
218	2026-05-07 19:43:18.546	2026-05-07 19:43:18.593	3	0	0	0	0	0	0	0	0	0	0	0	0	
218	2026-05-07 19:43:18.749	2026-05-07 19:43:19.233	3	0	0	0	0	0	0	0	0	0	0	0	0	
218	2026-05-07 19:43:21.838	2026-05-07 19:43:21.947	3	0	0	0	0	0	0	0	0	0	0	0	0	
218	2026-05-07 19:43:24.973	2026-05-07 19:43:25.036	3	0	0	0	0	0	0	0	0	0	0	0	0	
218	2026-05-07 19:43:26.143	2026-05-07 19:43:26.268	3	0	0	0	0	0	0	0	0	0	0	0	0	
218	2026-05-07 19:43:26.331	2026-05-07 19:43:27.079	3	0	0	0	0	0	0	0	0	0	0	0	0	
218	2026-05-07 19:43:27.157	2026-05-07 19:43:27.251	3	0	0	0	0	0	0	0	0	0	0	0	0	
218	2026-05-07 19:43:27.345	2026-05-07 19:43:27.438	3	0	0	0	0	0	0	0	0	0	0	0	0	
218	2026-05-07 19:43:27.719	2026-05-07 19:43:27.813	3	0	0	0	0	0	0	0	0	0	0	0	0	
218	2026-05-07 19:43:28.156	2026-05-07 19:43:28.733	3	0	0	0	0	0	0	0	0	0	0	0	0	
218	2026-05-07 19:43:30.605	2026-05-07 19:43:30.652	3	0	0	0	0	0	0	0	0	0	0	0	0	
218	2026-05-07 19:43:31.198	2026-05-07 19:43:31.260	3	0	0	0	0	0	0	0	0	0	0	0	0	
218	2026-05-07 19:43:32.477	2026-05-07 19:43:32.617	3	0	0	0	0	0	0	0	0	0	0	0	0	
218	2026-05-07 19:43:32.711	2026-05-07 19:43:32.789	3	0	0	0	0	0	0	0	0	0	0	0	0	
218	2026-05-07 19:43:32.836	2026-05-07 19:43:32.945	3	0	0	0	0	0	0	0	0	0	0	0	0	
218	2026-05-07 19:43:33.023	2026-05-07 19:43:33.148	3	0	0	0	0	0	0	0	0	0	0	0	0	
218	2026-05-07 19:43:33.210	2026-05-07 19:43:34.287	3	0	0	0	0	0	0	0	0	0	0	0	0	
218	2026-05-07 19:43:34.380	2026-05-07 19:43:34.474	3	0	0	0	0	0	0	0	0	0	0	0	0	
218	2026-05-07 19:43:34.536	2026-05-07 19:43:34.677	3	0	0	0	0	0	0	0	0	0	0	0	0	
218	2026-05-07 19:43:34.833	2026-05-07 19:43:34.879	3	0	0	0	0	0	0	0	0	0	0	0	0	
218	2026-05-07 19:43:34.989	2026-05-07 19:43:35.082	3	0	0	0	0	0	0	0	0	0	0	0	0	
218	2026-05-07 19:43:35.160	2026-05-07 19:43:35.332	3	0	0	0	0	0	0	0	0	0	0	0	0	
218	2026-05-07 19:43:35.363	2026-05-07 19:43:44.863	3	0	0	0	0	0	0	0	0	0	0	0	0	
218	2026-05-07 19:43:45.066	2026-05-07 19:43:46.829	3	0	0	0	0	0	0	0	0	0	0	0	0	
218	2026-05-07 19:43:47.718	2026-05-07 19:43:50.963	3	0	0	0	0	0	0	0	0	0	0	0	0	
218	2026-05-07 19:43:54.317	2026-05-07 19:43:54.489	3	0	0	0	0	0	0	0	0	0	0	0	0	
218	2026-05-07 19:43:54.660	2026-05-07 19:43:54.707	3	0	0	0	0	0	0	0	0	0	0	0	0	
218	2026-05-07 19:43:56.719	2026-05-07 19:43:57.000	3	0	0	0	0	0	0	0	0	0	0	0	0	
218	2026-05-07 19:43:57.577	2026-05-07 19:43:57.827	3	0	0	0	0	0	0	0	0	0	0	0	0	
218	2026-05-07 19:43:58.981	2026-05-07 19:43:59.153	3	0	0	0	0	0	0	0	0	0	0	0	0	
218	2026-05-07 19:44:00.183	2026-05-07 19:44:00.214	3	0	0	0	0	0	0	0	0	0	0	0	0	
218	2026-05-07 19:44:00.635	2026-05-07 19:44:00.697	3	0	0	0	0	0	0	0	0	0	0	0	0	
218	2026-05-07 19:44:02.866	2026-05-07 19:44:03.271	3	0	0	0	0	0	0	0	0	0	0	0	0	
218	2026-05-07 19:44:03.365	2026-05-07 19:44:03.427	3	0	0	0	0	0	0	0	0	0	0	0	0	
218	2026-05-07 19:44:03.552	2026-05-07 19:44:03.927	3	0	0	0	0	0	0	0	0	0	0	0	0	
218	2026-05-07 19:44:06.454	2026-05-07 19:44:07.094	3	0	0	0	0	0	0	0	0	0	0	0	0	
218	2026-05-07 19:44:07.312	2026-05-07 19:44:07.468	3	0	0	0	0	0	0	0	0	0	0	0	0	
218	2026-05-07 19:44:08.061	2026-05-07 19:44:11.040	3	0	0	0	0	0	0	0	0	0	0	0	0	
218	2026-05-07 19:44:24.207	2026-05-07 19:44:24.238	3	0	0	0	0	0	0	0	0	0	0	0	0	
218	2026-05-07 19:44:27.888	2026-05-07 19:44:27.935	3	0	0	0	0	0	0	0	0	0	0	0	0	
218	2026-05-07 19:44:28.044	2026-05-07 19:44:28.122	3	0	0	0	0	0	0	0	0	0	0	0	0	
218	2026-05-07 19:44:28.278	2026-05-07 19:44:28.310	3	0	0	0	0	0	0	0	0	0	0	0	0	
218	2026-05-07 19:44:38.091	2026-05-07 19:44:46.031	3	0	0	0	0	0	0	0	0	0	0	0	0	
216	2026-05-07 19:29:50.558	2026-05-07 19:29:55.472	5	0	0	0	0	33	1.88999998569489	4.555208	0	0	0	0	0	2026-05-07 19:29:50.902
216	2026-05-07 19:29:57.922	2026-05-07 19:29:59.513	5	0	0	0	0	7	0.419999986886978	1.0140018	0	0	0	0	0	2026-05-07 19:29:58.499
216	2026-05-07 19:30:02.945	2026-05-07 19:30:02.976	6	0	0	0	0	0	0	0	0	0	0	0	0	
216	2026-05-07 19:33:00.941	2026-05-07 19:33:14.186	5	0	0	0	0	0	0	0	0	0	0	0	0	
216	2026-05-07 19:42:11.310	2026-05-07 19:42:12.246	5	0	0	0	0	0	0	0	0	0	0	0	0	
216	2026-05-07 19:44:30.899	2026-05-07 19:44:30.962	5	0	0	0	0	0	0	0	0	0	0	0	0	
216	2026-05-07 19:44:30.993	2026-05-07 19:44:32.054	5	0	0	0	0	0	0	0	0	0	0	0	0	
220	2026-05-07 19:45:14.127	2026-05-07 19:45:14.189	5	0	0	0	0	0	0	0	0	0	0	0	0	
213	2026-05-07 17:45:30.283	2026-05-07 17:45:31.141	2	0	0	0	0	0	0	0	0	0	0	0	0	
213	2026-05-07 17:45:31.843	2026-05-07 17:45:31.921	2	0	0	0	0	0	0	0	0	0	0	0	0	
213	2026-05-07 17:45:37.178	2026-05-07 17:45:38.036	2	0	0	0	0	0	0	0	0	0	0	0	0	
213	2026-05-07 17:45:38.177	2026-05-07 17:45:38.754	2	0	0	0	0	0	0	0	0	0	0	0	0	
213	2026-05-07 17:45:39.284	2026-05-07 17:45:39.939	2	0	0	0	0	0	0	0	0	0	0	0	0	
213	2026-05-07 17:45:39.971	2026-05-07 17:45:40.501	2	0	0	0	0	0	0	0	0	0	0	0	0	
213	2026-05-07 17:45:42.061	2026-05-07 17:45:42.732	2	0	0	0	0	0	0	0	0	0	0	0	0	
213	2026-05-07 17:45:53.870	2026-05-07 17:45:54.198	1	0	0	0	0	0	0	0	0	0	0	0	0	
213	2026-05-07 17:45:56.616	2026-05-07 17:45:57.240	1	0	0	0	0	0	0	0	0	0	0	0	0	
213	2026-05-07 17:45:57.505	2026-05-07 17:45:57.677	1	0	0	0	0	0	0	0	0	0	0	0	0	
213	2026-05-07 17:46:20.172	2026-05-07 17:46:20.843	1	0	0	0	0	0	0	0	0	0	0	0	0	
213	2026-05-07 17:46:23.885	2026-05-07 17:46:34.976	1	0	0	0	0	50	0.979999996721745	6.1338109	0	0	0	0	0	2026-05-07 17:46:24.743
213	2026-05-07 17:46:35.039	2026-05-07 17:46:44.508	1	0	0	0	0	17	0.238000003620982	3.0264052	0	0	0	0	0	2026-05-07 17:46:35.710
213	2026-05-07 17:46:47.176	2026-05-07 17:46:47.566	1	0	0	0	0	0	0	0	0	0	0	0	0	
213	2026-05-07 17:45:42.810	2026-05-07 18:14:31.340	2	0	0	0	0	0	0	0	0	0	0	0	0	
213	2026-05-07 18:15:08.858	2026-05-07 18:15:09.123	1	0	0	0	0	0	0	0	0	0	0	0	0	
213	2026-05-07 18:15:09.341	2026-05-07 18:15:28.280	1	0	0	0	0	0	0	0	0	0	0	0	0	
213	2026-05-07 18:15:31.977	2026-05-07 18:16:01.492	2	0	0	0	0	0	0	0	0	0	0	0	0	
213	2026-05-07 18:19:54.541	2026-05-07 18:19:54.603	1	0	0	0	0	0	0	0	0	0	0	0	0	
213	2026-05-07 18:20:30.359	2026-05-07 18:21:57.547	1	0	0	0	0	0	0	0	0	0	0	0	0	
213	2026-05-07 18:21:58.187	2026-05-07 18:24:35.076	1	0	0	0	0	0	0	0	0	0	0	0	0	
213	2026-05-07 18:24:35.232	2026-05-07 18:24:36.590	1	0	0	0	0	0	0	0	0	0	0	0	0	
213	2026-05-07 18:25:48.225	2026-05-07 18:25:50.502	1	0	0	0	0	0	0	0	0	0	0	0	0	
213	2026-05-07 18:26:36.289	2026-05-07 18:28:13.430	1	0	0	0	0	0	0	0	0	0	0	0	0	
213	2026-05-07 18:28:44.880	2026-05-07 18:38:35.715	1	0	0	0	0	0	0	0	0	0	0	0	0	
213	2026-05-07 18:38:38.851	2026-05-07 18:40:48.830	1	0	0	0	0	0	0	0	0	0	0	0	0	
213	2026-05-07 19:00:46.366	2026-05-07 19:00:46.491	2	0	0	0	0	0	0	0	0	0	0	0	0	
213	2026-05-07 19:00:51.592	2026-05-07 19:00:51.639	1	0	0	0	0	0	0	0	0	0	0	0	0	
213	2026-05-07 19:03:13.303	2026-05-07 19:03:13.724	1	0	0	0	0	0	0	0	0	0	0	0	0	
213	2026-05-07 19:03:29.527	2026-05-07 19:03:29.667	2	0	0	0	0	0	0	0	0	0	0	0	0	
213	2026-05-07 19:03:29.870	2026-05-07 19:03:29.979	2	0	0	0	0	0	0	0	0	0	0	0	0	
213	2026-05-07 19:03:30.151	2026-05-07 19:03:30.307	2	0	0	0	0	0	0	0	0	0	0	0	0	
213	2026-05-07 19:05:22.908	2026-05-07 19:05:23.563	1	0	0	0	0	0	0	0	0	0	0	0	0	
213	2026-05-07 19:05:24.468	2026-05-07 19:05:46.433	1	0	0	0	0	158	3.13599996827543	17.23763	0	0	0	0	0	2026-05-07 19:05:27.213
213	2026-05-07 19:05:49.053	2026-05-07 19:05:49.896	1	0	0	0	0	0	0	0	0	0	0	0	0	
213	2026-05-07 19:08:16.443	2026-05-07 19:08:28.033	1	0	0	0	0	54	1.55399999395013	7.0980123	0	0	0	0	0	2026-05-07 19:08:17.753
213	2026-05-07 19:08:30.108	2026-05-07 19:08:30.997	1	0	0	0	0	0	0	0	0	0	0	0	0	
213	2026-05-07 19:03:36.984	2026-05-07 19:09:31.806	2	0	0	0	0	0	0	0	0	0	0	0	0	
213	2026-05-07 19:09:55.222	2026-05-07 19:10:48.153	1	0	0	0	0	0	0	0	0	0	0	0	0	
213	2026-05-07 19:10:50.399	2026-05-07 19:10:50.836	1	0	0	0	0	0	0	0	0	0	0	0	0	
213	2026-05-07 19:10:51.366	2026-05-07 19:10:51.663	1	0	0	0	0	0	0	0	0	0	0	0	0	
213	2026-05-07 19:10:54.861	2026-05-07 19:11:03.956	1	0	0	0	0	0	0	0	0	0	0	0	0	
213	2026-05-07 19:12:14.920	2026-05-07 19:12:14.998	1	0	0	0	0	0	0	0	0	0	0	0	0	
213	2026-05-07 19:12:15.404	2026-05-07 19:12:15.435	1	0	0	0	0	0	0	0	0	0	0	0	0	
213	2026-05-07 19:12:15.700	2026-05-07 19:12:15.809	1	0	0	0	0	0	0	0	0	0	0	0	0	
213	2026-05-07 19:12:15.997	2026-05-07 19:12:16.527	1	0	0	0	0	0	0	0	0	0	0	0	0	
213	2026-05-07 19:12:16.699	2026-05-07 19:12:17.135	1	0	0	0	0	0	0	0	0	0	0	0	0	
213	2026-05-07 19:12:17.245	2026-05-07 19:12:17.401	1	0	0	0	0	0	0	0	0	0	0	0	0	
213	2026-05-07 19:12:17.479	2026-05-07 19:12:25.575	1	0	0	0	0	0	0	0	0	0	0	0	0	
213	2026-05-07 19:12:25.778	2026-05-07 19:12:26.137	1	0	0	0	0	0	0	0	0	0	0	0	0	
213	2026-05-07 19:12:26.277	2026-05-07 19:12:26.371	1	0	0	0	0	0	0	0	0	0	0	0	0	
213	2026-05-07 19:12:26.449	2026-05-07 19:12:26.558	1	0	0	0	0	0	0	0	0	0	0	0	0	
213	2026-05-07 19:12:26.636	2026-05-07 19:12:26.698	1	0	0	0	0	0	0	0	0	0	0	0	0	
213	2026-05-07 19:12:26.823	2026-05-07 19:12:26.885	1	0	0	0	0	0	0	0	0	0	0	0	0	
213	2026-05-07 19:12:27.026	2026-05-07 19:12:28.539	1	0	0	0	0	0	0	0	0	0	0	0	0	
213	2026-05-07 19:12:29.007	2026-05-07 19:12:29.069	1	0	0	0	0	0	0	0	0	0	0	0	0	
213	2026-05-07 19:12:29.413	2026-05-07 19:12:29.584	1	0	0	0	0	0	0	0	0	0	0	0	0	
213	2026-05-07 19:13:24.403	2026-05-07 19:13:24.496	1	0	0	0	0	0	0	0	0	0	0	0	0	
213	2026-05-07 19:13:24.824	2026-05-07 19:13:24.964	1	0	0	0	0	0	0	0	0	0	0	0	0	
213	2026-05-07 19:13:25.027	2026-05-07 19:13:25.635	1	0	0	0	0	0	0	0	0	0	0	0	0	
213	2026-05-07 19:13:26.009	2026-05-07 19:13:26.431	1	0	0	0	0	0	0	0	0	0	0	0	0	
213	2026-05-07 19:13:28.396	2026-05-07 19:13:28.911	1	0	0	0	0	0	0	0	0	0	0	0	0	
213	2026-05-07 19:13:29.395	2026-05-07 19:13:30.081	1	0	0	0	0	0	0	0	0	0	0	0	0	
213	2026-05-07 19:13:30.627	2026-05-07 19:13:31.345	1	0	0	0	0	0	0	0	0	0	0	0	0	
213	2026-05-07 19:13:31.532	2026-05-07 19:13:32.873	1	0	0	0	0	0	0	0	0	0	0	0	0	
213	2026-05-07 19:13:33.014	2026-05-07 19:13:33.107	1	0	0	0	0	0	0	0	0	0	0	0	0	
213	2026-05-07 19:13:33.263	2026-05-07 19:13:34.995	1	0	0	0	0	0	0	0	0	0	0	0	0	
213	2026-05-07 19:13:36.758	2026-05-07 19:13:38.380	1	0	0	0	0	0	0	0	0	0	0	0	0	
213	2026-05-07 19:13:39.145	2026-05-07 19:13:39.223	1	0	0	0	0	0	0	0	0	0	0	0	0	
213	2026-05-07 19:13:41.126	2026-05-07 19:13:41.282	1	0	0	0	0	0	0	0	0	0	0	0	0	
213	2026-05-07 19:13:57.553	2026-05-07 19:13:57.740	2	0	0	0	0	0	0	0	0	0	0	0	0	
213	2026-05-07 19:14:37.738	2026-05-07 19:14:37.801	2	0	0	0	0	0	0	0	0	0	0	0	0	
213	2026-05-07 19:14:41.389	2026-05-07 19:14:44.556	2	0	0	0	0	0	0	0	0	0	0	0	0	
213	2026-05-07 19:16:03.273	2026-05-07 19:16:04.225	1	0	0	0	0	0	0	0	0	0	0	0	0	
213	2026-05-07 19:16:06.830	2026-05-07 19:16:07.813	1	0	0	0	0	0	0	0	0	0	0	0	0	
213	2026-05-07 19:16:20.293	2026-05-07 19:16:20.979	1	0	0	0	0	0	0	0	0	0	0	0	0	
213	2026-05-07 19:16:21.213	2026-05-07 19:16:21.510	1	0	0	0	0	0	0	0	0	0	0	0	0	
213	2026-05-07 19:16:21.572	2026-05-07 19:16:25.784	1	0	0	0	0	0	0	0	0	0	0	0	0	
213	2026-05-07 19:16:26.190	2026-05-07 19:16:26.221	1	0	0	0	0	0	0	0	0	0	0	0	0	
213	2026-05-07 19:16:26.361	2026-05-07 19:16:29.622	1	0	0	0	0	0	0	0	0	0	0	0	0	
213	2026-05-07 19:16:30.012	2026-05-07 19:16:30.152	1	0	0	0	0	0	0	0	0	0	0	0	0	
213	2026-05-07 19:16:31.213	2026-05-07 19:16:31.915	1	0	0	0	0	0	0	0	0	0	0	0	0	
213	2026-05-07 19:19:15.590	2026-05-07 19:19:27.665	1	0	0	0	0	85	6.31400012969971	11.6532205	0	0	0	0	0	2026-05-07 19:19:15.965
213	2026-05-07 19:19:42.001	2026-05-07 19:19:42.111	1	0	0	0	0	0	0	0	0	0	0	0	0	
213	2026-05-07 19:19:42.189	2026-05-07 19:19:42.594	1	0	0	0	0	0	0	0	0	0	0	0	0	
213	2026-05-07 19:27:36.353	2026-05-07 19:27:36.367	1	0	0	0	0	0	0	0	0	0	0	0	0	
213	2026-05-07 19:27:42.139	2026-05-07 19:27:42.389	2	0	0	0	0	0	0	0	0	0	0	0	0	
213	2026-05-07 19:27:43.418	2026-05-07 19:27:43.683	2	0	0	0	0	0	0	0	0	0	0	0	0	
213	2026-05-07 19:28:47.300	2026-05-07 19:28:47.784	1	0	0	0	0	0	0	0	0	0	0	0	0	
213	2026-05-07 19:28:47.971	2026-05-07 19:30:21.758	1	0	0	0	0	0	0	0	0	0	0	0	0	
213	2026-05-07 19:30:21.899	2026-05-07 19:32:07.417	1	0	0	0	0	0	0	0	0	0	0	0	0	
213	2026-05-07 19:34:59.236	2026-05-07 19:34:59.533	1	0	0	0	0	0	0	0	0	0	0	0	0	
213	2026-05-07 19:35:00.047	2026-05-07 19:35:00.297	1	0	0	0	0	0	0	0	0	0	0	0	0	
213	2026-05-07 19:35:00.562	2026-05-07 19:35:00.968	1	0	0	0	0	0	0	0	0	0	0	0	0	
213	2026-05-07 19:35:02.122	2026-05-07 19:35:24.867	1	0	0	0	0	0	0	0	0	0	0	0	0	
213	2026-05-07 19:36:33.554	2026-05-07 19:37:14.036	1	0	0	0	0	0	0	0	0	0	0	0	0	
213	2026-05-07 19:37:47.950	2026-05-07 19:37:49.994	1	0	0	0	0	0	0	0	0	0	0	0	0	
213	2026-05-07 19:46:32.657	2026-05-07 19:46:35.200	1	0	0	0	0	0	0	0	0	0	0	0	0	
213	2026-05-07 19:46:52.220	2026-05-07 19:46:53.780	1	0	0	0	0	0	0	0	0	0	0	0	0	
221	2026-05-07 19:47:06.010	2026-05-07 19:47:06.088	2	0	0	0	0	0	0	0	0	0	0	0	0	
221	2026-05-07 19:47:06.275	2026-05-07 19:47:19.130	2	0	0	0	0	76	1.62400004640222	8.3304148	0	0	0	0	0	2026-05-07 19:47:08.459
221	2026-05-07 19:47:06.244	2026-05-07 19:47:39.815	1	0	0	0	0	0	0	0	0	0	0	0	0	
224	2026-05-07 19:49:47.158	2026-05-07 19:49:47.205	2	0	0	0	0	0	0	0	0	0	0	0	0	
224	2026-05-07 19:49:57.096	2026-05-07 19:49:57.158	2	0	0	0	0	0	0	0	0	0	0	0	0	
224	2026-05-07 19:49:57.252	2026-05-07 19:49:57.611	2	0	0	0	0	0	0	0	0	0	0	0	0	
224	2026-05-07 19:49:57.642	2026-05-07 19:49:57.782	2	0	0	0	0	0	0	0	0	0	0	0	0	
224	2026-05-07 19:49:57.845	2026-05-07 19:49:58.110	2	0	0	0	0	0	0	0	0	0	0	0	0	
224	2026-05-07 19:49:58.406	2026-05-07 19:49:59.139	2	0	0	0	0	0	0	0	0	0	0	0	0	
224	2026-05-07 19:49:59.545	2026-05-07 19:49:59.670	2	0	0	0	0	0	0	0	0	0	0	0	0	
224	2026-05-07 19:50:02.603	2026-05-07 19:50:02.759	2	0	0	0	0	0	0	0	0	0	0	0	0	
224	2026-05-07 19:50:03.289	2026-05-07 19:50:03.383	2	0	0	0	0	0	0	0	0	0	0	0	0	
224	2026-05-07 19:50:04.584	2026-05-07 19:50:04.989	2	0	0	0	0	0	0	0	0	0	0	0	0	
224	2026-05-07 19:50:06.113	2026-05-07 19:50:06.191	2	0	0	0	0	0	0	0	0	0	0	0	0	
224	2026-05-07 19:50:06.643	2026-05-07 19:50:10.590	2	0	0	0	0	0	0	0	0	0	0	0	0	
224	2026-05-07 19:50:14.349	2026-05-07 19:50:15.005	2	0	0	0	0	0	0	0	0	0	0	0	0	
224	2026-05-07 19:50:16.284	2026-05-07 19:50:19.279	2	0	0	0	0	0	0	0	0	0	0	0	0	
224	2026-05-07 19:51:58.277	2026-05-07 19:51:59.478	2	0	0	0	0	0	0	0	0	0	0	0	0	
224	2026-05-07 19:51:59.712	2026-05-07 19:52:02.380	2	0	0	0	0	0	0	0	0	0	0	0	0	
224	2026-05-07 19:52:02.957	2026-05-07 19:52:03.768	2	0	0	0	0	0	0	0	0	0	0	0	0	
224	2026-05-07 19:52:03.924	2026-05-07 19:52:04.096	2	0	0	0	0	0	0	0	0	0	0	0	0	
224	2026-05-07 19:52:04.361	2026-05-07 19:52:04.938	2	0	0	0	0	0	0	0	0	0	0	0	0	
224	2026-05-07 19:52:05.047	2026-05-07 19:52:06.623	2	0	0	0	0	0	0	0	0	0	0	0	0	
224	2026-05-07 19:52:06.950	2026-05-07 19:52:07.075	2	0	0	0	0	0	0	0	0	0	0	0	0	
224	2026-05-07 19:52:08.027	2026-05-07 19:52:08.152	2	0	0	0	0	0	0	0	0	0	0	0	0	
224	2026-05-07 19:52:08.448	2026-05-07 19:52:08.495	2	0	0	0	0	0	0	0	0	0	0	0	0	
224	2026-05-07 19:52:08.604	2026-05-07 19:52:09.056	2	0	0	0	0	0	0	0	0	0	0	0	0	
224	2026-05-07 19:52:09.368	2026-05-07 19:52:09.462	2	0	0	0	0	0	0	0	0	0	0	0	0	
224	2026-05-07 19:52:10.882	2026-05-07 19:52:11.209	2	0	0	0	0	0	0	0	0	0	0	0	0	
224	2026-05-07 19:52:11.412	2026-05-07 19:52:12.130	2	0	0	0	0	0	0	0	0	0	0	0	0	
224	2026-05-07 19:52:12.691	2026-05-07 19:52:15.640	2	0	0	0	0	0	0	0	0	0	0	0	0	
224	2026-05-07 19:52:16.326	2026-05-07 19:52:17.777	2	0	0	0	0	0	0	0	0	0	0	0	0	
224	2026-05-07 19:52:18.635	2026-05-07 19:52:21.458	2	0	0	0	0	0	0	0	0	0	0	0	0	
224	2026-05-07 19:52:22.082	2026-05-07 19:52:22.145	2	0	0	0	0	0	0	0	0	0	0	0	0	
224	2026-05-07 19:53:26.573	2026-05-07 19:53:26.776	2	0	0	0	0	0	0	0	0	0	0	0	0	
224	2026-05-07 19:53:26.838	2026-05-07 19:53:26.900	2	0	0	0	0	0	0	0	0	0	0	0	0	
224	2026-05-07 19:53:56.275	2026-05-07 19:53:56.338	1	0	0	0	0	0	0	0	0	0	0	0	0	
224	2026-05-07 19:55:35.492	2026-05-07 19:55:35.507	2	0	0	0	0	0	0	0	0	0	0	0	0	
224	2026-05-07 19:55:35.648	2026-05-07 19:55:35.679	2	0	0	0	0	0	0	0	0	0	0	0	0	
224	2026-05-07 19:55:47.441	2026-05-07 19:55:47.457	2	0	0	0	0	0	0	0	0	0	0	0	0	
223	2026-05-07 19:49:20.139	2026-05-07 19:49:27.050	4	0	0	0	0	16	0.266000000759959	2.5116045	0	0	0	0	0	2026-05-07 19:49:23.134
223	2026-05-07 19:49:31.886	2026-05-07 19:49:33.930	4	0	0	0	0	0	0	0	0	0	0	0	0	
223	2026-05-07 19:49:34.881	2026-05-07 19:50:53.084	4	0	0	0	0	0	0	0	0	0	0	0	0	
223	2026-05-07 19:50:53.583	2026-05-07 19:50:54.738	3	0	0	0	0	0	0	0	0	0	0	0	0	
223	2026-05-07 19:51:21.133	2026-05-07 19:51:22.443	3	0	0	0	0	0	0	0	0	0	0	0	0	
223	2026-05-07 19:51:22.584	2026-05-07 19:52:23.564	3	0	0	0	0	0	0	0	0	0	0	0	0	
223	2026-05-07 19:52:23.986	2026-05-07 19:52:30.803	3	0	0	0	0	0	0	0	0	0	0	0	0	
223	2026-05-07 19:52:31.084	2026-05-07 19:52:32.144	3	0	0	0	0	0	0	0	0	0	0	0	0	
223	2026-05-07 19:52:32.222	2026-05-07 19:52:32.285	3	0	0	0	0	0	0	0	0	0	0	0	0	
223	2026-05-07 19:52:32.316	2026-05-07 19:52:34.687	3	0	0	0	0	0	0	0	0	0	0	0	0	
223	2026-05-07 19:50:53.225	2026-05-07 19:52:35.093	4	0	0	0	0	0	0	0	0	0	0	0	0	
223	2026-05-07 19:52:35.186	2026-05-07 19:52:35.264	4	0	0	0	0	0	0	0	0	0	0	0	0	
223	2026-05-07 19:52:35.389	2026-05-07 19:52:41.567	4	0	0	0	0	0	0	0	0	0	0	0	0	
223	2026-05-07 19:52:41.863	2026-05-07 19:52:42.378	3	0	0	0	0	0	0	0	0	0	0	0	0	
223	2026-05-07 19:52:42.596	2026-05-07 19:52:43.548	3	0	0	0	0	0	0	0	0	0	0	0	0	
223	2026-05-07 19:52:43.766	2026-05-07 19:52:43.985	3	0	0	0	0	0	0	0	0	0	0	0	0	
223	2026-05-07 19:52:44.063	2026-05-07 19:52:44.219	3	0	0	0	0	0	0	0	0	0	0	0	0	
223	2026-05-07 19:52:44.344	2026-05-07 19:52:44.359	3	0	0	0	0	0	0	0	0	0	0	0	0	
223	2026-05-07 19:52:46.403	2026-05-07 19:53:03.454	3	0	0	0	0	118	7.50400018692017	16.0992283	0	0	0	0	0	2026-05-07 19:52:46.918
223	2026-05-07 19:53:05.981	2026-05-07 19:53:11.285	3	0	0	0	0	32	2.12800008058548	4.8048084	0	0	0	0	0	2026-05-07 19:53:06.340
223	2026-05-07 19:56:03.603	2026-05-07 19:56:03.930	3	0	0	0	0	0	0	0	0	0	0	0	0	
229	2026-05-07 19:56:27.299	2026-05-07 19:56:27.393	1	0	0	0	0	0	0	0	0	0	0	0	0	
229	2026-05-07 19:56:29.873	2026-05-07 19:56:30.653	1	0	0	0	0	0	0	0	0	0	0	0	0	
229	2026-05-07 19:56:34.226	2026-05-07 19:56:39.623	2	0	0	0	0	41	1.91700005531311	4.8516085	0	0	0	0	0	2026-05-07 19:56:34.584
229	2026-05-07 19:56:40.731	2026-05-07 19:56:43.461	2	0	0	0	0	18	0.853999972343445	2.308804	0	0	0	0	0	2026-05-07 19:56:41.043
228	2026-05-07 19:56:04.539	2026-05-07 19:56:04.913	4	0	0	0	0	0	0	0	0	0	0	0	0	
228	2026-05-07 19:56:05.568	2026-05-07 19:56:06.005	4	0	0	0	0	0	0	0	0	0	0	0	0	
228	2026-05-07 19:56:06.926	2026-05-07 19:56:07.331	4	0	0	0	0	0	0	0	0	0	0	0	0	
228	2026-05-07 19:56:05.069	2026-05-07 19:56:07.440	3	0	0	0	0	0	0	0	0	0	0	0	0	
228	2026-05-07 19:57:13.896	2026-05-07 19:59:19.134	3	0	0	0	0	0	0	0	0	0	0	0	0	
228	2026-05-07 19:59:26.044	2026-05-07 19:59:28.572	3	0	0	0	0	0	0	0	0	0	0	0	0	
230	2026-05-07 19:56:56.253	2026-05-07 19:56:56.565	2	0	0	0	0	0	0	0	0	0	0	0	0	
230	2026-05-07 19:56:56.736	2026-05-07 19:57:02.430	2	0	0	0	0	35	1.75	4.2744075	0	0	0	0	0	2026-05-07 19:56:58.094
230	2026-05-07 19:57:05.176	2026-05-07 19:57:05.332	2	0	0	0	0	0	0	0	0	0	0	0	0	
231	2026-05-07 19:59:34.718	2026-05-07 19:59:35.014	1	0	0	0	0	0	0	0	0	0	0	0	0	
231	2026-05-07 20:00:22.626	2026-05-07 20:00:26.853	2	0	0	0	0	6	0.084000002592802	1.2480023	0	0	0	0	0	2026-05-07 20:00:23.265
231	2026-05-07 20:00:26.931	2026-05-07 20:00:27.368	2	0	0	0	0	0	0	0	0	0	0	0	0	
219	2026-05-07 19:44:35.907	2026-05-07 19:44:45.282	7	0	0	0	0	0	0	0	0	0	0	0	0	
219	2026-05-07 19:55:45.819	2026-05-07 19:55:50.046	7	0	0	0	0	0	0	0	0	0	0	0	0	
219	2026-05-07 19:55:51.279	2026-05-07 19:55:52.074	7	0	0	0	0	0	0	0	0	0	0	0	0	
219	2026-05-07 19:55:59.266	2026-05-07 19:55:59.328	7	0	0	0	0	0	0	0	0	0	0	0	0	
219	2026-05-07 19:56:08.142	2026-05-07 19:56:40.232	7	0	0	0	0	0	0	0	0	0	0	0	0	
219	2026-05-07 19:57:27.859	2026-05-07 19:57:27.983	7	0	0	0	0	0	0	0	0	0	0	0	0	
219	2026-05-07 19:57:42.991	2026-05-07 19:57:43.334	7	0	0	0	0	0	0	0	0	0	0	0	0	
219	2026-05-07 19:57:43.755	2026-05-07 19:57:46.438	7	0	0	0	0	0	0	0	0	0	0	0	0	
219	2026-05-07 19:57:47.327	2026-05-07 19:57:48.295	7	0	0	0	0	0	0	0	0	0	0	0	0	
219	2026-05-07 19:57:49.355	2026-05-07 19:57:49.683	7	0	0	0	0	0	0	0	0	0	0	0	0	
219	2026-05-07 19:57:49.714	2026-05-07 19:57:50.884	7	0	0	0	0	0	0	0	0	0	0	0	0	
219	2026-05-07 19:57:50.993	2026-05-07 19:57:51.134	7	0	0	0	0	0	0	0	0	0	0	0	0	
219	2026-05-07 19:57:51.243	2026-05-07 19:57:52.039	7	0	0	0	0	0	0	0	0	0	0	0	0	
219	2026-05-07 19:57:52.054	2026-05-07 19:57:52.210	7	0	0	0	0	0	0	0	0	0	0	0	0	
219	2026-05-07 19:57:52.288	2026-05-07 19:57:52.335	7	0	0	0	0	0	0	0	0	0	0	0	0	
219	2026-05-07 19:57:52.413	2026-05-07 19:57:53.770	7	0	0	0	0	0	0	0	0	0	0	0	0	
219	2026-05-07 19:57:53.911	2026-05-07 19:57:54.145	7	0	0	0	0	0	0	0	0	0	0	0	0	
219	2026-05-07 19:57:55.299	2026-05-07 19:57:55.455	7	0	0	0	0	0	0	0	0	0	0	0	0	
219	2026-05-07 19:57:59.776	2026-05-07 19:57:59.932	7	0	0	0	0	0	0	0	0	0	0	0	0	
219	2026-05-07 19:58:00.197	2026-05-07 19:58:00.899	7	0	0	0	0	0	0	0	0	0	0	0	0	
219	2026-05-07 19:58:03.239	2026-05-07 19:58:03.676	7	0	0	0	0	0	0	0	0	0	0	0	0	
219	2026-05-07 19:58:03.785	2026-05-07 19:58:04.066	7	0	0	0	0	0	0	0	0	0	0	0	0	
219	2026-05-07 20:00:13.297	2026-05-07 20:00:13.312	8	0	0	0	0	0	0	0	0	0	0	0	0	
219	2026-05-07 20:00:15.684	2026-05-07 20:00:15.699	8	0	0	0	0	0	0	0	0	0	0	0	0	
219	2026-05-07 20:00:15.763	2026-05-07 20:00:15.777	8	0	0	0	0	0	0	0	0	0	0	0	0	
219	2026-05-07 20:00:16.105	2026-05-07 20:00:16.276	8	0	0	0	0	0	0	0	0	0	0	0	0	
219	2026-05-07 20:00:16.573	2026-05-07 20:00:16.620	8	0	0	0	0	0	0	0	0	0	0	0	0	
219	2026-05-07 20:00:17.322	2026-05-07 20:00:17.493	8	0	0	0	0	0	0	0	0	0	0	0	0	
219	2026-05-07 20:00:17.634	2026-05-07 20:00:17.680	8	0	0	0	0	0	0	0	0	0	0	0	0	
219	2026-05-07 20:02:18.939	2026-05-07 20:02:18.986	8	0	0	0	0	0	0	0	0	0	0	0	0	
219	2026-05-07 20:02:19.002	2026-05-07 20:02:19.064	8	0	0	0	0	0	0	0	0	0	0	0	0	
219	2026-05-07 20:02:19.236	2026-05-07 20:02:19.251	8	0	0	0	0	0	0	0	0	0	0	0	0	
219	2026-05-07 20:02:19.501	2026-05-07 20:02:19.548	8	0	0	0	0	0	0	0	0	0	0	0	0	
219	2026-05-07 20:02:19.673	2026-05-07 20:02:19.688	8	0	0	0	0	0	0	0	0	0	0	0	0	
219	2026-05-07 20:03:04.101	2026-05-07 20:03:04.351	8	0	0	0	0	0	0	0	0	0	0	0	0	
219	2026-05-07 20:03:44.116	2026-05-07 20:03:44.131	7	0	0	0	0	0	0	0	0	0	0	0	0	
234	2026-05-07 20:03:53.803	2026-05-07 20:03:55.987	7	0	0	0	0	0	0	0	0	0	0	0	0	
234	2026-05-07 20:03:57.235	2026-05-07 20:03:58.078	7	0	0	0	0	0	0	0	0	0	0	0	0	
234	2026-05-07 20:03:52.259	2026-05-07 20:03:58.421	8	0	0	0	0	19	0.266000000759959	3.1784055	0	0	0	0	0	2026-05-07 20:03:53.382
234	2026-05-07 20:03:58.546	2026-05-07 20:03:58.561	7	0	0	0	0	0	0	0	0	0	0	0	0	
236	2026-05-07 20:04:14.005	2026-05-07 20:04:14.036	8	0	0	0	0	0	0	0	0	0	0	0	0	
236	2026-05-07 20:04:14.083	2026-05-07 20:04:14.364	8	0	0	0	0	0	0	0	0	0	0	0	0	
236	2026-05-07 20:04:14.941	2026-05-07 20:04:14.972	8	0	0	0	0	0	0	0	0	0	0	0	0	
236	2026-05-07 20:04:15.394	2026-05-07 20:04:15.472	8	0	0	0	0	0	0	0	0	0	0	0	0	
236	2026-05-07 20:04:15.955	2026-05-07 20:04:16.002	8	0	0	0	0	0	0	0	0	0	0	0	0	
236	2026-05-07 20:04:16.064	2026-05-07 20:04:16.158	8	0	0	0	0	0	0	0	0	0	0	0	0	
236	2026-05-07 20:04:16.220	2026-05-07 20:04:16.252	8	0	0	0	0	0	0	0	0	0	0	0	0	
236	2026-05-07 20:04:16.564	2026-05-07 20:04:16.626	8	0	0	0	0	0	0	0	0	0	0	0	0	
236	2026-05-07 20:04:17.000	2026-05-07 20:04:22.492	8	0	0	0	0	32	1.66600003838539	4.9926088	0	0	0	0	0	2026-05-07 20:04:17.328
238	2026-05-07 20:05:26.452	2026-05-07 20:05:27.856	7	0	0	0	0	0	0	0	0	0	0	0	0	
238	2026-05-07 20:05:58.042	2026-05-07 20:05:58.073	7	0	0	0	0	0	0	0	0	0	0	0	0	
238	2026-05-07 20:05:58.213	2026-05-07 20:05:58.260	7	0	0	0	0	0	0	0	0	0	0	0	0	
238	2026-05-07 20:06:15.795	2026-05-07 20:06:15.873	8	0	0	0	0	0	0	0	0	0	0	0	0	
240	2026-05-07 20:06:25.170	2026-05-07 20:06:25.373	8	0	0	0	0	0	0	0	0	0	0	0	0	
240	2026-05-07 20:06:28.384	2026-05-07 20:06:30.349	8	0	0	0	0	9	0.406000003218651	1.3260023	0	0	0	0	0	2026-05-07 20:06:28.945
225	2026-05-07 19:55:34.992	2026-05-07 19:55:35.164	5	0	0	0	0	0	0	0	0	0	0	0	0	
225	2026-05-07 19:56:45.692	2026-05-07 19:56:45.707	5	0	0	0	0	0	0	0	0	0	0	0	0	
225	2026-05-07 19:56:54.318	2026-05-07 19:57:27.344	5	0	0	0	0	0	0	0	0	0	0	0	0	
225	2026-05-07 20:03:39.342	2026-05-07 20:06:31.753	5	0	0	0	0	0	0	0	0	0	0	0	0	
242	2026-05-07 20:06:38.165	2026-05-07 20:07:14.295	5	0	0	0	0	0	0	0	0	0	0	0	0	
232	2026-05-07 20:03:01.293	2026-05-07 20:03:03.275	4	0	0	0	0	3	0.042000001296401	0.6396011	0	0	0	0	0	2026-05-07 20:03:02.120
232	2026-05-07 20:03:05.880	2026-05-07 20:07:47.538	4	0	0	0	0	0	0	0	0	0	0	0	0	
232	2026-05-07 20:08:17.366	2026-05-07 20:08:17.490	4	0	0	0	0	0	0	0	0	0	0	0	0	
232	2026-05-07 20:08:18.224	2026-05-07 20:08:18.598	4	0	0	0	0	0	0	0	0	0	0	0	0	
232	2026-05-07 20:08:18.941	2026-05-07 20:08:20.720	4	0	0	0	0	0	0	0	0	0	0	0	0	
244	2026-05-07 20:09:35.631	2026-05-07 20:09:36.848	3	0	0	0	0	0	0	0	0	0	0	0	0	
244	2026-05-07 20:09:43.166	2026-05-07 20:09:43.213	3	0	0	0	0	0	0	0	0	0	0	0	0	
241	2026-05-07 20:06:32.658	2026-05-07 20:06:57.275	8	0	0	0	0	167	9.560999751091	22.5732395	0	0	0	0	0	2026-05-07 20:06:33.563
241	2026-05-07 20:06:59.662	2026-05-07 20:07:00.567	8	0	0	0	0	2	0.0839999988675117	0.3276006	0	0	0	0	0	2026-05-07 20:07:00.099
241	2026-05-07 20:07:00.770	2026-05-07 20:07:03.063	8	0	0	0	0	13	0.769999995827675	1.9500034	0	0	0	0	0	2026-05-07 20:07:00.972
241	2026-05-07 20:07:29.146	2026-05-07 20:07:29.286	7	0	0	0	0	0	0	0	0	0	0	0	0	
241	2026-05-07 20:07:30.488	2026-05-07 20:07:30.675	7	0	0	0	0	0	0	0	0	0	0	0	0	
241	2026-05-07 20:07:30.862	2026-05-07 20:07:31.814	7	0	0	0	0	0	0	0	0	0	0	0	0	
241	2026-05-07 20:07:29.801	2026-05-07 20:07:32.984	8	0	0	0	0	2	0.0280000008642673	0.4368007	0	0	0	0	0	2026-05-07 20:07:31.377
241	2026-05-07 20:07:31.860	2026-05-07 20:07:33.062	7	0	0	0	0	0	0	0	0	0	0	0	0	
241	2026-05-07 20:09:14.945	2026-05-07 20:09:37.331	8	0	0	0	0	0	0	0	0	0	0	0	0	
241	2026-05-07 20:09:46.177	2026-05-07 20:10:34.131	8	0	0	0	0	0	0	0	0	0	0	0	0	
241	2026-05-07 20:10:34.474	2026-05-07 20:11:46.796	8	0	0	0	0	0	0	0	0	0	0	0	0	
245	2026-05-07 20:10:21.417	2026-05-07 20:10:34.100	3	0	0	0	0	106	5.71199989318848	12.2304215	0	0	0	0	0	2026-05-07 20:10:21.854
245	2026-05-07 20:10:53.943	2026-05-07 20:10:54.583	3	0	0	0	0	0	0	0	0	0	0	0	0	
245	2026-05-07 20:11:08.326	2026-05-07 20:11:11.103	4	0	0	0	0	0	0	0	0	0	0	0	0	
245	2026-05-07 20:11:14.114	2026-05-07 20:11:14.317	4	0	0	0	0	0	0	0	0	0	0	0	0	
245	2026-05-07 20:11:14.598	2026-05-07 20:11:15.799	4	0	0	0	0	0	0	0	0	0	0	0	0	
245	2026-05-07 20:11:17.718	2026-05-07 20:11:18.279	4	0	0	0	0	0	0	0	0	0	0	0	0	
245	2026-05-07 20:11:19.184	2026-05-07 20:11:19.262	4	0	0	0	0	0	0	0	0	0	0	0	0	
245	2026-05-07 20:11:19.434	2026-05-07 20:11:19.543	4	0	0	0	0	0	0	0	0	0	0	0	0	
245	2026-05-07 20:11:20.026	2026-05-07 20:11:20.167	4	0	0	0	0	0	0	0	0	0	0	0	0	
247	2026-05-07 20:14:42.608	2026-05-07 20:14:42.702	4	0	0	0	0	0	0	0	0	0	0	0	0	
247	2026-05-07 20:14:42.749	2026-05-07 20:14:42.764	4	0	0	0	0	0	0	0	0	0	0	0	0	
248	2026-05-07 20:14:54.886	2026-05-07 20:15:05.572	3	0	0	0	0	73	1.28800000622869	8.4708149	0	0	0	0	0	2026-05-07 20:14:55.338
248	2026-05-07 20:15:07.194	2026-05-07 20:15:07.490	4	0	0	0	0	0	0	0	0	0	0	0	0	
248	2026-05-07 20:15:07.990	2026-05-07 20:15:09.284	4	0	0	0	0	1	0.0140000004321337	0.2340004	0	0	0	0	0	2026-05-07 20:15:08.333
248	2026-05-07 20:15:14.822	2026-05-07 20:15:19.612	3	0	0	0	0	43	1.62399998307228	4.3680076	0	0	0	0	0	2026-05-07 20:15:15.228
248	2026-05-07 20:15:20.875	2026-05-07 20:15:24.370	3	0	0	0	0	33	0.629999995231628	3.2136057	0	0	0	0	0	2026-05-07 20:15:21.156
248	2026-05-07 20:15:25.633	2026-05-07 20:15:26.444	3	0	0	0	0	3	0.042000001296401	0.4212008	0	0	0	0	0	2026-05-07 20:15:25.883
248	2026-05-07 20:15:27.973	2026-05-07 20:15:28.426	4	0	0	0	0	0	0	0	0	0	0	0	0	
248	2026-05-07 20:15:28.285	2026-05-07 20:15:28.613	3	0	0	0	0	0	0	0	0	0	0	0	0	
248	2026-05-07 20:15:33.620	2026-05-07 20:15:39.236	3	0	0	0	0	45	3.24799990653992	5.3352094	0	0	0	0	0	2026-05-07 20:15:33.839
248	2026-05-07 20:15:40.235	2026-05-07 20:15:45.398	3	0	0	0	0	39	2.42199993133545	4.9140086	0	0	0	0	0	2026-05-07 20:15:40.484
233	2026-05-07 20:00:33.436	2026-05-07 20:00:33.483	1	0	0	0	0	0	0	0	0	0	0	0	0	
233	2026-05-07 20:01:51.702	2026-05-07 20:01:57.146	1	0	0	0	0	10	0.154000002890825	2.1372036	0	0	0	0	0	2026-05-07 20:01:52.435
233	2026-05-07 20:01:59.705	2026-05-07 20:01:59.783	1	0	0	0	0	0	0	0	0	0	0	0	0	
233	2026-05-07 20:02:00.001	2026-05-07 20:10:03.649	1	0	0	0	0	0	0	0	0	0	0	0	0	
233	2026-05-07 20:10:12.899	2026-05-07 20:10:13.024	1	0	0	0	0	0	0	0	0	0	0	0	0	
233	2026-05-07 20:10:13.071	2026-05-07 20:10:13.477	1	0	0	0	0	0	0	0	0	0	0	0	0	
233	2026-05-07 20:10:14.038	2026-05-07 20:10:16.160	1	0	0	0	0	2	0.0280000008642673	0.4368008	0	0	0	0	0	2026-05-07 20:10:14.881
233	2026-05-07 20:10:23.523	2026-05-07 20:15:33.776	2	0	0	0	0	0	0	0	0	0	0	0	0	
250	2026-05-07 20:16:56.503	2026-05-07 20:16:56.550	4	0	0	0	0	0	0	0	0	0	0	0	0	
250	2026-05-07 20:16:56.847	2026-05-07 20:16:56.893	4	0	0	0	0	0	0	0	0	0	0	0	0	
250	2026-05-07 20:17:05.973	2026-05-07 20:17:06.066	4	0	0	0	0	0	0	0	0	0	0	0	0	
243	2026-05-07 20:07:19.302	2026-05-07 20:07:19.724	6	0	0	0	0	0	0	0	0	0	0	0	0	
243	2026-05-07 20:07:19.599	2026-05-07 20:07:19.864	5	0	0	0	0	0	0	0	0	0	0	0	0	
243	2026-05-07 20:07:20.114	2026-05-07 20:07:20.129	5	0	0	0	0	0	0	0	0	0	0	0	0	
243	2026-05-07 20:07:28.319	2026-05-07 20:07:28.475	5	0	0	0	0	0	0	0	0	0	0	0	0	
243	2026-05-07 20:08:00.471	2026-05-07 20:09:23.931	5	0	0	0	0	0	0	0	0	0	0	0	0	
243	2026-05-07 20:12:30.476	2026-05-07 20:12:30.554	6	0	0	0	0	0	0	0	0	0	0	0	0	
243	2026-05-07 20:09:24.695	2026-05-07 20:14:17.071	5	0	0	0	0	0	0	0	0	0	0	0	0	
243	2026-05-07 20:15:02.030	2026-05-07 20:15:02.046	6	0	0	0	0	0	0	0	0	0	0	0	0	
252	2026-05-07 20:18:25.470	2026-05-07 20:18:29.402	8	0	0	0	0	7	0.0980000030249357	1.4014024	0	0	0	0	0	2026-05-07 20:18:26.081
253	2026-05-07 20:19:06.498	2026-05-07 20:19:22.301	6	0	0	0	0	101	5.41800012625754	13.4940237	0	0	0	0	0	2026-05-07 20:19:07.076
255	2026-05-07 20:20:45.917	2026-05-07 20:20:51.237	5	0	0	0	0	39	1.75	4.9764087	0	0	0	0	0	2026-05-07 20:20:46.261
255	2026-05-07 20:20:55.449	2026-05-07 20:20:56.993	6	0	0	0	0	0	0	0	0	0	0	0	0	
256	2026-05-07 20:20:58.241	2026-05-07 20:20:58.335	6	0	0	0	0	0	0	0	0	0	0	0	0	
256	2026-05-07 20:20:58.460	2026-05-07 20:20:59.287	6	0	0	0	0	0	0	0	0	0	0	0	0	
254	2026-05-07 20:19:59.460	2026-05-07 20:20:06.512	7	0	0	0	0	44	1.10599997639656	5.2260092	0	0	0	0	0	2026-05-07 20:20:00.069
254	2026-05-07 20:20:08.633	2026-05-07 20:20:08.805	8	0	0	0	0	0	0	0	0	0	0	0	0	
254	2026-05-07 20:20:08.883	2026-05-07 20:20:08.945	8	0	0	0	0	0	0	0	0	0	0	0	0	
254	2026-05-07 20:20:09.054	2026-05-07 20:20:17.744	8	0	0	0	0	71	4.07399988174438	8.3928147	0	0	0	0	0	2026-05-07 20:20:09.210
254	2026-05-07 20:20:17.791	2026-05-07 20:20:17.853	8	0	0	0	0	0	0	0	0	0	0	0	0	
254	2026-05-07 20:20:47.181	2026-05-07 20:20:56.713	8	0	0	0	0	75	4.96999979019165	9.110416	0	0	0	0	0	2026-05-07 20:20:47.384
249	2026-05-07 20:15:51.732	2026-05-07 20:15:51.857	1	0	0	0	0	0	0	0	0	0	0	0	0	
249	2026-05-07 20:15:52.387	2026-05-07 20:16:01.763	2	0	0	0	0	16	0.224000005051494	3.3570057	0	0	0	0	0	2026-05-07 20:15:53.417
249	2026-05-07 20:16:04.212	2026-05-07 20:16:04.399	1	0	0	0	0	0	0	0	0	0	0	0	0	
249	2026-05-07 20:16:06.412	2026-05-07 20:16:10.078	1	0	0	0	0	27	1.14800003170967	3.2972059	0	0	0	0	0	2026-05-07 20:16:06.724
249	2026-05-07 20:19:33.861	2026-05-07 20:19:42.035	2	0	0	0	0	17	0.238000007346272	3.2388055	0	0	0	0	0	2026-05-07 20:19:34.173
249	2026-05-07 20:19:42.410	2026-05-07 20:19:42.503	2	0	0	0	0	0	0	0	0	0	0	0	0	
249	2026-05-07 20:19:42.815	2026-05-07 20:19:42.878	2	0	0	0	0	0	0	0	0	0	0	0	0	
249	2026-05-07 20:21:06.244	2026-05-07 20:22:07.069	2	0	0	0	0	0	0	0	0	0	0	0	0	
249	2026-05-07 20:22:54.992	2026-05-07 20:22:58.705	2	0	0	0	0	14	0.196000002324581	2.308804	0	0	0	0	0	2026-05-07 20:22:55.288
260	2026-05-07 20:21:32.140	2026-05-07 20:21:32.171	8	0	0	0	0	0	0	0	0	0	0	0	0	
260	2026-05-07 20:21:32.452	2026-05-07 20:21:33.014	8	0	0	0	0	0	0	0	0	0	0	0	0	
260	2026-05-07 20:21:33.357	2026-05-07 20:21:33.404	8	0	0	0	0	0	0	0	0	0	0	0	0	
260	2026-05-07 20:21:34.621	2026-05-07 20:21:34.699	7	0	0	0	0	0	0	0	0	0	0	0	0	
260	2026-05-07 20:21:34.777	2026-05-07 20:21:35.089	7	0	0	0	0	0	0	0	0	0	0	0	0	
260	2026-05-07 20:21:54.526	2026-05-07 20:22:00.407	8	0	0	0	0	46	2.00200009346008	5.2884092	0	0	0	0	0	2026-05-07 20:21:55.041
260	2026-05-07 20:22:30.984	2026-05-07 20:22:31.171	8	0	0	0	0	0	0	0	0	0	0	0	0	
260	2026-05-07 20:22:32.076	2026-05-07 20:22:32.107	8	0	0	0	0	0	0	0	0	0	0	0	0	
260	2026-05-07 20:22:32.544	2026-05-07 20:22:40.344	8	0	0	0	0	0	0	0	0	0	0	0	0	
260	2026-05-07 20:22:40.453	2026-05-07 20:22:41.436	8	0	0	0	0	0	0	0	0	0	0	0	0	
260	2026-05-07 20:22:42.340	2026-05-07 20:22:46.880	8	0	0	0	0	0	0	0	0	0	0	0	0	
260	2026-05-07 20:22:46.958	2026-05-07 20:22:46.974	8	0	0	0	0	0	0	0	0	0	0	0	0	
260	2026-05-07 20:22:47.052	2026-05-07 20:22:47.161	8	0	0	0	0	0	0	0	0	0	0	0	0	
261	2026-05-07 20:23:09.578	2026-05-07 20:23:20.748	8	0	0	0	0	91	1.37199999392033	9.690217	0	0	0	0	0	2026-05-07 20:23:09.984
261	2026-05-07 20:23:23.665	2026-05-07 20:23:24.133	7	0	0	0	0	0	0	0	0	0	0	0	0	
262	2026-05-07 20:23:29.031	2026-05-07 20:23:29.265	1	0	0	0	0	0	0	0	0	0	0	0	0	
263	2026-05-07 20:23:44.787	2026-05-07 20:23:52.930	8	0	0	0	0	38	0.602000012993813	5.4600097	0	0	0	0	0	2026-05-07 20:23:45.567
263	2026-05-07 20:23:55.426	2026-05-07 20:23:55.707	7	0	0	0	0	0	0	0	0	0	0	0	0	
263	2026-05-07 20:23:56.768	2026-05-07 20:23:57.673	8	0	0	0	0	0	0	0	0	0	0	0	0	
263	2026-05-07 20:24:00.169	2026-05-07 20:24:03.788	7	0	0	0	0	22	1.13399994373322	2.6364046	0	0	0	0	0	2026-05-07 20:24:01.089
264	2026-05-07 20:24:17.189	2026-05-07 20:24:18.281	2	0	0	0	0	0	0	0	0	0	0	0	0	
264	2026-05-07 20:24:19.388	2026-05-07 20:24:19.529	1	0	0	0	0	0	0	0	0	0	0	0	0	
265	2026-05-07 20:24:25.082	2026-05-07 20:24:32.945	2	0	0	0	0	7	0.0980000030249357	1.5600028	0	0	0	0	0	2026-05-07 20:24:26.751
265	2026-05-07 20:24:35.082	2026-05-07 20:24:35.285	1	0	0	0	0	0	0	0	0	0	0	0	0	
265	2026-05-07 20:24:35.503	2026-05-07 20:24:35.550	1	0	0	0	0	0	0	0	0	0	0	0	0	
266	2026-05-07 20:24:44.177	2026-05-07 20:24:44.847	2	0	0	0	0	0	0	0	0	0	0	0	0	
266	2026-05-07 20:24:44.941	2026-05-07 20:24:45.144	2	0	0	0	0	0	0	0	0	0	0	0	0	
266	2026-05-07 20:24:45.877	2026-05-07 20:25:11.087	2	0	0	0	0	0	0	0	0	0	0	0	0	
251	2026-05-07 20:17:20.980	2026-05-07 20:17:21.245	3	0	0	0	0	0	0	0	0	0	0	0	0	
251	2026-05-07 20:17:21.557	2026-05-07 20:17:34.162	3	0	0	0	0	69	3.51399986818433	9.8124173	0	0	0	0	0	2026-05-07 20:17:21.744
251	2026-05-07 20:18:25.096	2026-05-07 20:18:25.236	3	0	0	0	0	0	0	0	0	0	0	0	0	
251	2026-05-07 20:18:25.346	2026-05-07 20:18:25.455	3	0	0	0	0	0	0	0	0	0	0	0	0	
251	2026-05-07 20:18:25.658	2026-05-07 20:18:25.938	3	0	0	0	0	0	0	0	0	0	0	0	0	
251	2026-05-07 20:18:26.001	2026-05-07 20:18:26.094	3	0	0	0	0	0	0	0	0	0	0	0	0	
251	2026-05-07 20:18:26.282	2026-05-07 20:18:26.344	3	0	0	0	0	0	0	0	0	0	0	0	0	
251	2026-05-07 20:18:26.640	2026-05-07 20:18:26.906	3	0	0	0	0	0	0	0	0	0	0	0	0	
251	2026-05-07 20:18:26.993	2026-05-07 20:18:27.218	3	0	0	0	0	0	0	0	0	0	0	0	0	
251	2026-05-07 20:18:27.296	2026-05-07 20:18:27.608	3	0	0	0	0	0	0	0	0	0	0	0	0	
251	2026-05-07 20:18:27.654	2026-05-07 20:18:27.935	3	0	0	0	0	0	0	0	0	0	0	0	0	
251	2026-05-07 20:18:30.478	2026-05-07 20:18:34.986	3	0	0	0	0	32	1.49800002574921	4.0626071	0	0	0	0	0	2026-05-07 20:18:30.884
251	2026-05-07 20:18:38.559	2026-05-07 20:18:38.606	3	0	0	0	0	0	0	0	0	0	0	0	0	
251	2026-05-07 20:18:38.902	2026-05-07 20:18:39.261	3	0	0	0	0	0	0	0	0	0	0	0	0	
251	2026-05-07 20:18:43.036	2026-05-07 20:18:43.738	3	0	0	0	0	0	0	0	0	0	0	0	0	
251	2026-05-07 20:18:43.941	2026-05-07 20:18:44.471	3	0	0	0	0	0	0	0	0	0	0	0	0	
251	2026-05-07 20:18:44.768	2026-05-07 20:18:44.846	3	0	0	0	0	0	0	0	0	0	0	0	0	
251	2026-05-07 20:18:45.080	2026-05-07 20:18:45.126	3	0	0	0	0	0	0	0	0	0	0	0	0	
251	2026-05-07 20:19:08.339	2026-05-07 20:19:08.464	3	0	0	0	0	0	0	0	0	0	0	0	0	
251	2026-05-07 20:19:11.522	2026-05-07 20:19:14.548	3	0	0	0	0	0	0	0	0	0	0	0	0	
251	2026-05-07 20:19:17.372	2026-05-07 20:19:17.808	3	0	0	0	0	0	0	0	0	0	0	0	0	
251	2026-05-07 20:19:17.855	2026-05-07 20:19:21.194	3	0	0	0	0	0	0	0	0	0	0	0	0	
251	2026-05-07 20:19:36.872	2026-05-07 20:19:37.355	4	0	0	0	0	0	0	0	0	0	0	0	0	
251	2026-05-07 20:19:37.620	2026-05-07 20:19:37.683	4	0	0	0	0	0	0	0	0	0	0	0	0	
251	2026-05-07 20:19:38.026	2026-05-07 20:19:38.104	4	0	0	0	0	0	0	0	0	0	0	0	0	
251	2026-05-07 20:19:38.166	2026-05-07 20:19:38.884	4	0	0	0	0	0	0	0	0	0	0	0	0	
251	2026-05-07 20:19:53.720	2026-05-07 20:19:53.860	4	0	0	0	0	0	0	0	0	0	0	0	0	
251	2026-05-07 20:19:58.914	2026-05-07 20:19:59.741	4	0	0	0	0	0	0	0	0	0	0	0	0	
251	2026-05-07 20:20:08.758	2026-05-07 20:20:08.774	3	0	0	0	0	0	0	0	0	0	0	0	0	
251	2026-05-07 20:20:38.695	2026-05-07 20:20:40.364	3	0	0	0	0	0	0	0	0	0	0	0	0	
251	2026-05-07 20:20:40.660	2026-05-07 20:21:32.577	3	0	0	0	0	0	0	0	0	0	0	0	0	
251	2026-05-07 20:21:32.608	2026-05-07 20:21:35.026	3	0	0	0	0	0	0	0	0	0	0	0	0	
251	2026-05-07 20:22:10.672	2026-05-07 20:22:10.704	3	0	0	0	0	0	0	0	0	0	0	0	0	
251	2026-05-07 20:22:11.265	2026-05-07 20:22:11.562	3	0	0	0	0	0	0	0	0	0	0	0	0	
251	2026-05-07 20:22:12.045	2026-05-07 20:22:19.221	3	0	0	0	0	0	0	0	0	0	0	0	0	
251	2026-05-07 20:24:09.825	2026-05-07 20:24:09.841	3	0	0	0	0	0	0	0	0	0	0	0	0	
257	2026-05-07 20:21:04.403	2026-05-07 20:21:14.949	5	0	0	0	0	84	4.45200002193451	10.2080179	0	0	0	0	0	2026-05-07 20:21:04.715
257	2026-05-07 20:22:06.211	2026-05-07 20:22:06.273	5	0	0	0	0	0	0	0	0	0	0	0	0	
257	2026-05-07 20:22:06.476	2026-05-07 20:22:06.507	5	0	0	0	0	0	0	0	0	0	0	0	0	
257	2026-05-07 20:22:59.797	2026-05-07 20:22:59.859	6	0	0	0	0	0	0	0	0	0	0	0	0	
257	2026-05-07 20:23:00.577	2026-05-07 20:23:00.748	6	0	0	0	0	0	0	0	0	0	0	0	0	
257	2026-05-07 20:23:00.889	2026-05-07 20:23:00.967	6	0	0	0	0	0	0	0	0	0	0	0	0	
257	2026-05-07 20:23:13.135	2026-05-07 20:23:13.338	5	0	0	0	0	0	0	0	0	0	0	0	0	
257	2026-05-07 20:23:13.447	2026-05-07 20:23:13.525	5	0	0	0	0	0	0	0	0	0	0	0	0	
257	2026-05-07 20:23:13.587	2026-05-07 20:23:13.696	5	0	0	0	0	0	0	0	0	0	0	0	0	
257	2026-05-07 20:23:13.806	2026-05-07 20:23:13.852	5	0	0	0	0	0	0	0	0	0	0	0	0	
272	2026-05-07 20:27:29.428	2026-05-07 20:27:38.788	6	0	0	0	0	18	0.252000005915761	3.1044055	0	0	0	0	0	2026-05-07 20:27:30.379
270	2026-05-07 20:26:00.788	2026-05-07 20:26:00.835	7	0	0	0	0	0	0	0	0	0	0	0	0	
270	2026-05-07 20:26:01.007	2026-05-07 20:26:01.054	7	0	0	0	0	0	0	0	0	0	0	0	0	
270	2026-05-07 20:26:01.288	2026-05-07 20:26:01.319	7	0	0	0	0	0	0	0	0	0	0	0	0	
270	2026-05-07 20:26:01.584	2026-05-07 20:26:01.615	7	0	0	0	0	0	0	0	0	0	0	0	0	
271	2026-05-07 20:26:11.552	2026-05-07 20:26:19.789	3	0	0	0	0	19	0.26600000448525	3.6570064	0	0	0	0	0	2026-05-07 20:26:11.927
271	2026-05-07 20:26:24.516	2026-05-07 20:26:26.232	4	0	0	0	0	3	0.126000002026558	0.4524008	0	0	0	0	0	2026-05-07 20:26:25.748
271	2026-05-07 20:26:35.483	2026-05-07 20:26:45.358	3	0	0	0	0	76	4.19999980926514	9.3756164	0	0	0	0	0	2026-05-07 20:26:35.842
271	2026-05-07 20:28:06.634	2026-05-07 20:28:10.144	3	0	0	0	0	26	1.27400004863739	3.2136056	0	0	0	0	0	2026-05-07 20:28:06.821
271	2026-05-07 20:28:29.129	2026-05-07 20:28:29.223	3	0	0	0	0	0	0	0	0	0	0	0	0	
271	2026-05-07 20:28:37.974	2026-05-07 20:28:38.005	3	0	0	0	0	0	0	0	0	0	0	0	0	
271	2026-05-07 20:28:51.297	2026-05-07 20:28:52.591	3	0	0	0	0	0	0	0	0	0	0	0	0	
271	2026-05-07 20:28:52.716	2026-05-07 20:28:53.605	3	0	0	0	0	0	0	0	0	0	0	0	0	
271	2026-05-07 20:28:53.652	2026-05-07 20:28:53.777	3	0	0	0	0	0	0	0	0	0	0	0	0	
271	2026-05-07 20:28:53.824	2026-05-07 20:28:53.949	3	0	0	0	0	0	0	0	0	0	0	0	0	
271	2026-05-07 20:28:54.198	2026-05-07 20:28:54.276	3	0	0	0	0	0	0	0	0	0	0	0	0	
271	2026-05-07 20:28:54.354	2026-05-07 20:28:54.744	3	0	0	0	0	0	0	0	0	0	0	0	0	
271	2026-05-07 20:28:55.228	2026-05-07 20:28:55.540	3	0	0	0	0	0	0	0	0	0	0	0	0	
271	2026-05-07 20:28:55.602	2026-05-07 20:28:55.696	3	0	0	0	0	0	0	0	0	0	0	0	0	
271	2026-05-07 20:28:55.758	2026-05-07 20:28:55.852	3	0	0	0	0	0	0	0	0	0	0	0	0	
271	2026-05-07 20:28:56.476	2026-05-07 20:28:56.523	3	0	0	0	0	0	0	0	0	0	0	0	0	
271	2026-05-07 20:29:21.639	2026-05-07 20:29:22.543	3	0	0	0	0	0	0	0	0	0	0	0	0	
271	2026-05-07 20:29:33.261	2026-05-07 20:29:33.463	3	0	0	0	0	0	0	0	0	0	0	0	0	
271	2026-05-07 20:29:35.304	2026-05-07 20:29:36.271	3	0	0	0	0	0	0	0	0	0	0	0	0	
271	2026-05-07 20:29:36.817	2026-05-07 20:29:36.958	3	0	0	0	0	0	0	0	0	0	0	0	0	
271	2026-05-07 20:29:37.332	2026-05-07 20:29:37.613	3	0	0	0	0	0	0	0	0	0	0	0	0	
271	2026-05-07 20:29:37.722	2026-05-07 20:29:37.987	3	0	0	0	0	0	0	0	0	0	0	0	0	
271	2026-05-07 20:29:38.268	2026-05-07 20:29:38.331	3	0	0	0	0	0	0	0	0	0	0	0	0	
271	2026-05-07 20:29:38.533	2026-05-07 20:29:38.611	3	0	0	0	0	0	0	0	0	0	0	0	0	
271	2026-05-07 20:29:39.797	2026-05-07 20:29:39.969	3	0	0	0	0	0	0	0	0	0	0	0	0	
271	2026-05-07 20:29:42.044	2026-05-07 20:29:42.090	3	0	0	0	0	0	0	0	0	0	0	0	0	
271	2026-05-07 20:29:42.387	2026-05-07 20:29:42.527	3	0	0	0	0	0	0	0	0	0	0	0	0	
271	2026-05-07 20:29:45.210	2026-05-07 20:29:47.738	3	0	0	0	0	19	0.980000019073486	2.277604	0	0	0	0	0	2026-05-07 20:29:45.429
271	2026-05-07 20:29:53.837	2026-05-07 20:29:53.853	3	0	0	0	0	0	0	0	0	0	0	0	0	
273	2026-05-07 20:27:49.677	2026-05-07 20:27:51.377	5	0	0	0	0	4	0.167999997735023	0.5304009	0	0	0	0	0	2026-05-07 20:27:50.098
269	2026-05-07 20:26:02.520	2026-05-07 20:26:02.614	1	0	0	0	0	0	0	0	0	0	0	0	0	
269	2026-05-07 20:26:02.770	2026-05-07 20:26:02.988	1	0	0	0	0	0	0	0	0	0	0	0	0	
269	2026-05-07 20:26:03.238	2026-05-07 20:26:03.331	1	0	0	0	0	0	0	0	0	0	0	0	0	
269	2026-05-07 20:26:04.033	2026-05-07 20:26:04.236	1	0	0	0	0	0	0	0	0	0	0	0	0	
269	2026-05-07 20:26:04.501	2026-05-07 20:26:04.704	1	0	0	0	0	0	0	0	0	0	0	0	0	
269	2026-05-07 20:26:04.751	2026-05-07 20:26:04.876	1	0	0	0	0	0	0	0	0	0	0	0	0	
276	2026-05-07 20:30:25.365	2026-05-07 20:30:25.427	4	0	0	0	0	0	0	0	0	0	0	0	0	
276	2026-05-07 20:30:28.360	2026-05-07 20:30:33.071	3	0	0	0	0	25	0.378000002354383	3.1824055	0	0	0	0	0	2026-05-07 20:30:29.436
276	2026-05-07 20:30:34.116	2026-05-07 20:30:34.241	3	0	0	0	0	0	0	0	0	0	0	0	0	
275	2026-05-07 20:30:15.240	2026-05-07 20:30:17.362	6	0	0	0	0	4	0.0560000017285347	0.7644013	0	0	0	0	0	2026-05-07 20:30:15.552
275	2026-05-07 20:30:18.485	2026-05-07 20:30:28.844	5	0	0	0	0	85	4.7039999961853	9.9840175	0	0	0	0	0	2026-05-07 20:30:18.860
275	2026-05-07 20:30:31.308	2026-05-07 20:30:31.605	5	0	0	0	0	0	0	0	0	0	0	0	0	
277	2026-05-07 20:30:47.720	2026-05-07 20:30:54.506	3	0	0	0	0	11	0.154000002890825	2.0124036	0	0	0	0	0	2026-05-07 20:30:48.827
277	2026-05-07 20:30:57.423	2026-05-07 20:30:57.516	3	0	0	0	0	0	0	0	0	0	0	0	0	
277	2026-05-07 20:30:59.794	2026-05-07 20:31:05.426	3	0	0	0	0	42	2.91199994087219	5.2572092	0	0	0	0	0	2026-05-07 20:31:00.090
274	2026-05-07 20:28:27.553	2026-05-07 20:28:29.925	7	0	0	0	0	2	0.0280000008642673	0.4368007	0	0	0	0	0	2026-05-07 20:28:28.692
274	2026-05-07 20:28:32.405	2026-05-07 20:28:37.990	8	0	0	0	0	43	2.46399998664856	5.148009	0	0	0	0	0	2026-05-07 20:28:32.670
274	2026-05-07 20:30:42.993	2026-05-07 20:30:43.040	8	0	0	0	0	0	0	0	0	0	0	0	0	
274	2026-05-07 20:30:43.071	2026-05-07 20:30:43.227	8	0	0	0	0	0	0	0	0	0	0	0	0	
274	2026-05-07 20:30:43.851	2026-05-07 20:30:43.913	8	0	0	0	0	0	0	0	0	0	0	0	0	
274	2026-05-07 20:30:44.475	2026-05-07 20:30:44.522	8	0	0	0	0	0	0	0	0	0	0	0	0	
274	2026-05-07 20:30:44.553	2026-05-07 20:30:44.958	8	0	0	0	0	0	0	0	0	0	0	0	0	
274	2026-05-07 20:30:45.520	2026-05-07 20:30:45.582	8	0	0	0	0	0	0	0	0	0	0	0	0	
274	2026-05-07 20:30:45.972	2026-05-07 20:30:45.988	8	0	0	0	0	0	0	0	0	0	0	0	0	
274	2026-05-07 20:30:46.050	2026-05-07 20:30:46.113	8	0	0	0	0	0	0	0	0	0	0	0	0	
274	2026-05-07 20:30:46.425	2026-05-07 20:30:46.456	8	0	0	0	0	0	0	0	0	0	0	0	0	
274	2026-05-07 20:30:46.613	2026-05-07 20:30:46.628	8	0	0	0	0	0	0	0	0	0	0	0	0	
274	2026-05-07 20:30:56.315	2026-05-07 20:31:01.916	8	0	0	0	0	45	2.33800005912781	5.2728093	0	0	0	0	0	2026-05-07 20:30:56.534
274	2026-05-07 20:31:41.883	2026-05-07 20:31:42.070	7	0	0	0	0	0	0	0	0	0	0	0	0	
274	2026-05-07 20:31:42.476	2026-05-07 20:31:46.594	7	0	0	0	0	29	1.34399998188019	3.369606	0	0	0	0	0	2026-05-07 20:31:42.991
274	2026-05-07 20:31:47.218	2026-05-07 20:31:47.249	7	0	0	0	0	0	0	0	0	0	0	0	0	
274	2026-05-07 20:31:52.522	2026-05-07 20:31:52.553	8	0	0	0	0	0	0	0	0	0	0	0	0	
282	2026-05-07 20:33:09.025	2026-05-07 20:33:13.377	2	0	0	0	0	15	0.406000010669231	1.9500035	0	0	0	0	0	2026-05-07 20:33:09.383
282	2026-05-07 20:33:16.247	2026-05-07 20:33:16.310	1	0	0	0	0	0	0	0	0	0	0	0	0	
282	2026-05-07 20:33:16.435	2026-05-07 20:33:17.745	1	0	0	0	0	0	0	0	0	0	0	0	0	
282	2026-05-07 20:33:18.899	2026-05-07 20:33:19.601	2	0	0	0	0	0	0	0	0	0	0	0	0	
283	2026-05-07 20:33:25.405	2026-05-07 20:33:25.607	2	0	0	0	0	0	0	0	0	0	0	0	0	
283	2026-05-07 20:33:25.701	2026-05-07 20:33:26.153	2	0	0	0	0	0	0	0	0	0	0	0	0	
283	2026-05-07 20:33:27.386	2026-05-07 20:33:27.776	1	0	0	0	0	0	0	0	0	0	0	0	0	
283	2026-05-07 20:33:29.944	2026-05-07 20:33:30.022	1	0	0	0	0	0	0	0	0	0	0	0	0	
283	2026-05-07 20:33:29.742	2026-05-07 20:33:30.085	2	0	0	0	0	0	0	0	0	0	0	0	0	
283	2026-05-07 20:33:30.100	2026-05-07 20:33:30.147	1	0	0	0	0	0	0	0	0	0	0	0	0	
283	2026-05-07 20:33:30.225	2026-05-07 20:33:30.334	1	0	0	0	0	0	0	0	0	0	0	0	0	
283	2026-05-07 20:33:37.074	2026-05-07 20:33:37.152	1	0	0	0	0	0	0	0	0	0	0	0	0	
283	2026-05-07 20:33:38.446	2026-05-07 20:33:38.524	1	0	0	0	0	0	0	0	0	0	0	0	0	
283	2026-05-07 20:33:38.587	2026-05-07 20:33:38.649	1	0	0	0	0	0	0	0	0	0	0	0	0	
283	2026-05-07 20:33:38.852	2026-05-07 20:33:39.148	1	0	0	0	0	0	0	0	0	0	0	0	0	
283	2026-05-07 20:33:39.726	2026-05-07 20:33:40.677	1	0	0	0	0	0	0	0	0	0	0	0	0	
280	2026-05-07 20:32:18.091	2026-05-07 20:32:21.694	5	0	0	0	0	20	1.00800001621246	2.5116044	0	0	0	0	0	2026-05-07 20:32:18.449
280	2026-05-07 20:32:47.871	2026-05-07 20:32:50.851	6	0	0	0	0	18	0.938000023365021	2.2308039	0	0	0	0	0	2026-05-07 20:32:48.573
280	2026-05-07 20:33:46.512	2026-05-07 20:33:46.746	6	0	0	0	0	0	0	0	0	0	0	0	0	
280	2026-05-07 20:33:47.042	2026-05-07 20:33:49.320	6	0	0	0	0	0	0	0	0	0	0	0	0	
280	2026-05-07 20:33:49.444	2026-05-07 20:33:50.427	6	0	0	0	0	0	0	0	0	0	0	0	0	
284	2026-05-07 20:33:53.017	2026-05-07 20:34:00.146	7	0	0	0	0	18	0.252000004053116	3.2604058	0	0	0	0	0	2026-05-07 20:33:53.563
284	2026-05-07 20:34:02.455	2026-05-07 20:34:02.876	7	0	0	0	0	0	0	0	0	0	0	0	0	
284	2026-05-07 20:34:03.906	2026-05-07 20:34:04.389	7	0	0	0	0	0	0	0	0	0	0	0	0	
286	2026-05-07 20:34:19.053	2026-05-07 20:34:19.100	8	0	0	0	0	0	0	0	0	0	0	0	0	
286	2026-05-07 20:34:19.162	2026-05-07 20:34:19.740	8	0	0	0	0	0	0	0	0	0	0	0	0	
286	2026-05-07 20:34:21.736	2026-05-07 20:34:22.345	7	0	0	0	0	0	0	0	0	0	0	0	0	
289	2026-05-07 20:34:48.022	2026-05-07 20:34:48.967	1	0	0	0	0	0	0	0	0	0	0	0	0	
289	2026-05-07 20:34:49.021	2026-05-07 20:34:49.052	1	0	0	0	0	0	0	0	0	0	0	0	0	
289	2026-05-07 20:36:10.500	2026-05-07 20:36:14.041	2	0	0	0	0	28	1.27400004863739	3.2604058	0	0	0	0	0	2026-05-07 20:36:10.749
287	2026-05-07 20:34:38.288	2026-05-07 20:34:38.428	7	0	0	0	0	0	0	0	0	0	0	0	0	
287	2026-05-07 20:34:40.144	2026-05-07 20:34:45.698	8	0	0	0	0	35	0.644000012427568	3.8376067	0	0	0	0	0	2026-05-07 20:34:40.940
287	2026-05-07 20:34:48.974	2026-05-07 20:34:49.567	7	0	0	0	0	0	0	0	0	0	0	0	0	
291	2026-05-07 20:38:03.553	2026-05-07 20:38:04.396	6	0	0	0	0	0	0	0	0	0	0	0	0	
292	2026-05-07 20:38:29.855	2026-05-07 20:38:29.870	8	0	0	0	0	0	0	0	0	0	0	0	0	
292	2026-05-07 20:38:29.980	2026-05-07 20:38:32.288	8	0	0	0	0	9	0.167999997735023	0.9672017	0	0	0	0	0	2026-05-07 20:38:31.056
292	2026-05-07 20:38:38.653	2026-05-07 20:38:38.669	8	0	0	0	0	0	0	0	0	0	0	0	0	
290	2026-05-07 20:36:54.757	2026-05-07 20:37:07.767	2	0	0	0	0	25	0.350000007078052	4.7354084	0	0	0	0	0	2026-05-07 20:36:55.241
281	2026-05-07 20:32:57.590	2026-05-07 20:32:57.621	4	0	0	0	0	0	0	0	0	0	0	0	0	
281	2026-05-07 20:33:25.826	2026-05-07 20:33:26.075	4	0	0	0	0	0	0	0	0	0	0	0	0	
281	2026-05-07 20:34:07.993	2026-05-07 20:34:08.102	4	0	0	0	0	0	0	0	0	0	0	0	0	
281	2026-05-07 20:34:10.816	2026-05-07 20:34:11.425	4	0	0	0	0	0	0	0	0	0	0	0	0	
281	2026-05-07 20:34:25.387	2026-05-07 20:34:26.619	4	0	0	0	0	0	0	0	0	0	0	0	0	
281	2026-05-07 20:34:54.122	2026-05-07 20:34:55.760	4	0	0	0	0	0	0	0	0	0	0	0	0	
281	2026-05-07 20:36:30.140	2026-05-07 20:36:30.187	4	0	0	0	0	0	0	0	0	0	0	0	0	
281	2026-05-07 20:36:31.872	2026-05-07 20:36:32.621	4	0	0	0	0	0	0	0	0	0	0	0	0	
281	2026-05-07 20:39:55.015	2026-05-07 20:40:02.379	3	0	0	0	0	41	1.18999999761581	5.3976095	0	0	0	0	0	2026-05-07 20:39:55.515
297	2026-05-07 20:40:35.685	2026-05-07 20:40:36.433	7	0	0	0	0	0	0	0	0	0	0	0	0	
297	2026-05-07 20:40:40.583	2026-05-07 20:40:41.191	7	0	0	0	0	0	0	0	0	0	0	0	0	
294	2026-05-07 20:39:50.398	2026-05-07 20:39:50.569	6	0	0	0	0	0	0	0	0	0	0	0	0	
294	2026-05-07 20:39:53.050	2026-05-07 20:39:58.167	5	0	0	0	0	35	1.63800002634525	4.2276074	0	0	0	0	0	2026-05-07 20:39:53.892
294	2026-05-07 20:40:03.502	2026-05-07 20:40:03.751	6	0	0	0	0	0	0	0	0	0	0	0	0	
294	2026-05-07 20:40:05.982	2026-05-07 20:40:06.045	5	0	0	0	0	0	0	0	0	0	0	0	0	
294	2026-05-07 20:40:06.123	2026-05-07 20:40:07.355	5	0	0	0	0	0	0	0	0	0	0	0	0	
294	2026-05-07 20:40:10.397	2026-05-07 20:40:15.171	6	0	0	0	0	39	1.75	4.3368076	0	0	0	0	0	2026-05-07 20:40:10.740
294	2026-05-07 20:40:38.243	2026-05-07 20:40:39.179	6	0	0	0	0	0	0	0	0	0	0	0	0	
294	2026-05-07 20:40:39.241	2026-05-07 20:40:40.895	6	0	0	0	0	0	0	0	0	0	0	0	0	
294	2026-05-07 20:40:41.425	2026-05-07 20:40:41.519	6	0	0	0	0	0	0	0	0	0	0	0	0	
294	2026-05-07 20:40:42.751	2026-05-07 20:40:42.939	6	0	0	0	0	0	0	0	0	0	0	0	0	
294	2026-05-07 20:40:42.954	2026-05-07 20:40:43.032	6	0	0	0	0	0	0	0	0	0	0	0	0	
294	2026-05-07 20:40:43.204	2026-05-07 20:40:43.235	6	0	0	0	0	0	0	0	0	0	0	0	0	
294	2026-05-07 20:40:43.329	2026-05-07 20:40:43.407	6	0	0	0	0	0	0	0	0	0	0	0	0	
294	2026-05-07 20:40:43.687	2026-05-07 20:40:43.921	6	0	0	0	0	0	0	0	0	0	0	0	0	
294	2026-05-07 20:40:44.046	2026-05-07 20:40:44.093	6	0	0	0	0	0	0	0	0	0	0	0	0	
294	2026-05-07 20:40:44.187	2026-05-07 20:40:45.232	6	0	0	0	0	0	0	0	0	0	0	0	0	
294	2026-05-07 20:40:45.263	2026-05-07 20:40:45.903	6	0	0	0	0	0	0	0	0	0	0	0	0	
294	2026-05-07 20:40:46.558	2026-05-07 20:40:46.667	6	0	0	0	0	0	0	0	0	0	0	0	0	
294	2026-05-07 20:40:46.714	2026-05-07 20:40:47.541	6	0	0	0	0	0	0	0	0	0	0	0	0	
294	2026-05-07 20:40:48.539	2026-05-07 20:40:49.693	6	0	0	0	0	0	0	0	0	0	0	0	0	
294	2026-05-07 20:40:53.515	2026-05-07 20:40:53.609	6	0	0	0	0	0	0	0	0	0	0	0	0	
294	2026-05-07 20:40:54.155	2026-05-07 20:40:54.342	6	0	0	0	0	0	0	0	0	0	0	0	0	
294	2026-05-07 20:40:56.027	2026-05-07 20:40:58.227	6	0	0	0	0	10	0.546000003814697	1.8408033	0	0	0	0	0	2026-05-07 20:40:56.277
294	2026-05-07 20:41:00.145	2026-05-07 20:41:02.860	6	0	0	0	0	11	0.573999984189868	1.6380029	0	0	0	0	0	2026-05-07 20:41:00.723
299	2026-05-07 20:41:12.844	2026-05-07 20:41:12.891	6	0	0	0	0	0	0	0	0	0	0	0	0	
299	2026-05-07 20:41:13.499	2026-05-07 20:41:13.546	6	0	0	0	0	0	0	0	0	0	0	0	0	
299	2026-05-07 20:41:13.640	2026-05-07 20:41:13.686	6	0	0	0	0	0	0	0	0	0	0	0	0	
299	2026-05-07 20:41:13.749	2026-05-07 20:41:13.827	6	0	0	0	0	0	0	0	0	0	0	0	0	
300	2026-05-07 20:41:45.807	2026-05-07 20:41:52.858	5	0	0	0	0	59	3.05200004577637	6.7392118	0	0	0	0	0	2026-05-07 20:41:46.119
300	2026-05-07 20:41:54.558	2026-05-07 20:41:54.730	5	0	0	0	0	0	0	0	0	0	0	0	0	
295	2026-05-07 20:40:12.893	2026-05-07 20:40:13.158	1	0	0	0	0	0	0	0	0	0	0	0	0	
295	2026-05-07 20:40:56.230	2026-05-07 20:41:03.312	1	0	0	0	0	43	0.783999998122454	5.74081	0	0	0	0	0	2026-05-07 20:40:56.479
303	2026-05-07 20:42:47.006	2026-05-07 20:42:48.644	2	0	0	0	0	0	0	0	0	0	0	0	0	
303	2026-05-07 20:42:48.940	2026-05-07 20:42:49.767	2	0	0	0	0	0	0	0	0	0	0	0	0	
307	2026-05-07 20:43:11.623	2026-05-07 20:43:12.106	4	0	0	0	0	0	0	0	0	0	0	0	0	
307	2026-05-07 20:43:12.371	2026-05-07 20:43:14.852	4	0	0	0	0	0	0	0	0	0	0	0	0	
307	2026-05-07 20:44:24.443	2026-05-07 20:44:24.755	4	0	0	0	0	0	0	0	0	0	0	0	0	
307	2026-05-07 20:42:36.725	2026-05-07 20:44:27.532	3	0	0	0	0	0	0	0	0	0	0	0	0	
305	2026-05-07 20:42:56.444	2026-05-07 20:42:57.536	2	0	0	0	0	0	0	0	0	0	0	0	0	
305	2026-05-07 20:43:08.113	2026-05-07 20:43:08.409	1	0	0	0	0	0	0	0	0	0	0	0	0	
305	2026-05-07 20:43:57.767	2026-05-07 20:43:57.799	2	0	0	0	0	0	0	0	0	0	0	0	0	
305	2026-05-07 20:44:21.261	2026-05-07 20:44:32.711	1	0	0	0	0	0	0	0	0	0	0	0	0	
305	2026-05-07 20:44:35.831	2026-05-07 20:45:15.112	1	0	0	0	0	0	0	0	0	0	0	0	0	
298	2026-05-07 20:41:01.237	2026-05-07 20:41:01.300	8	0	0	0	0	0	0	0	0	0	0	0	0	
298	2026-05-07 20:41:01.518	2026-05-07 20:41:12.704	8	0	0	0	0	92	5.02600002288818	10.9200192	0	0	0	0	0	2026-05-07 20:41:01.737
298	2026-05-07 20:42:37.692	2026-05-07 20:42:37.802	7	0	0	0	0	0	0	0	0	0	0	0	0	
298	2026-05-07 20:42:38.145	2026-05-07 20:42:38.192	7	0	0	0	0	0	0	0	0	0	0	0	0	
298	2026-05-07 20:42:48.363	2026-05-07 20:42:49.502	7	0	0	0	0	0	0	0	0	0	0	0	0	
298	2026-05-07 20:42:50.282	2026-05-07 20:42:53.901	7	0	0	0	0	0	0	0	0	0	0	0	0	
298	2026-05-07 20:42:59.080	2026-05-07 20:43:09.205	8	0	0	0	0	82	4.71799993515015	9.7968172	0	0	0	0	0	2026-05-07 20:42:59.299
311	2026-05-07 20:46:37.621	2026-05-07 20:46:37.948	3	0	0	0	0	0	0	0	0	0	0	0	0	
311	2026-05-07 20:46:38.416	2026-05-07 20:46:44.844	3	0	0	0	0	23	0.336000004783273	4.1386073	0	0	0	0	0	2026-05-07 20:46:38.900
311	2026-05-07 20:46:46.997	2026-05-07 20:46:47.137	3	0	0	0	0	0	0	0	0	0	0	0	0	
314	2026-05-07 20:47:06.075	2026-05-07 20:47:06.777	4	0	0	0	0	0	0	0	0	0	0	0	0	
314	2026-05-07 20:47:07.323	2026-05-07 20:47:09.055	4	0	0	0	0	0	0	0	0	0	0	0	0	
314	2026-05-07 20:47:10.443	2026-05-07 20:47:10.521	3	0	0	0	0	0	0	0	0	0	0	0	0	
314	2026-05-07 20:47:11.301	2026-05-07 20:47:11.333	3	0	0	0	0	0	0	0	0	0	0	0	0	
310	2026-05-07 20:46:16.405	2026-05-07 20:46:16.701	1	0	0	0	0	0	0	0	0	0	0	0	0	
310	2026-05-07 20:46:16.764	2026-05-07 20:46:22.770	1	0	0	0	0	48	2.1559999063611	5.3116093	0	0	0	0	0	2026-05-07 20:46:17.294
310	2026-05-07 20:46:43.237	2026-05-07 20:46:47.574	2	0	0	0	0	22	0.322000000625849	2.853805	0	0	0	0	0	2026-05-07 20:46:43.596
310	2026-05-07 20:46:49.914	2026-05-07 20:46:50.257	2	0	0	0	0	0	0	0	0	0	0	0	0	
310	2026-05-07 20:46:53.627	2026-05-07 20:46:53.705	2	0	0	0	0	0	0	0	0	0	0	0	0	
310	2026-05-07 20:46:53.861	2026-05-07 20:46:54.687	2	0	0	0	0	0	0	0	0	0	0	0	0	
310	2026-05-07 20:46:54.828	2026-05-07 20:46:56.045	2	0	0	0	0	0	0	0	0	0	0	0	0	
317	2026-05-07 20:49:21.702	2026-05-07 20:49:22.014	4	0	0	0	0	0	0	0	0	0	0	0	0	
317	2026-05-07 20:49:22.841	2026-05-07 20:49:24.557	3	0	0	0	0	0	0	0	0	0	0	0	0	
317	2026-05-07 20:49:24.884	2026-05-07 20:49:25.025	3	0	0	0	0	0	0	0	0	0	0	0	0	
306	2026-05-07 20:43:08.440	2026-05-07 20:43:08.581	6	0	0	0	0	0	0	0	0	0	0	0	0	
306	2026-05-07 20:43:08.643	2026-05-07 20:43:14.774	6	0	0	0	0	48	1.02199998870492	5.2400093	0	0	0	0	0	2026-05-07 20:43:09.220
306	2026-05-07 20:43:27.223	2026-05-07 20:43:33.728	5	0	0	0	0	48	2.19799995422363	5.5380098	0	0	0	0	0	2026-05-07 20:43:28.127
306	2026-05-07 20:43:36.349	2026-05-07 20:43:39.406	5	0	0	0	0	17	0.699999988079071	2.1060037	0	0	0	0	0	2026-05-07 20:43:36.692
306	2026-05-07 20:44:24.943	2026-05-07 20:44:29.591	6	0	0	0	0	36	1.4559999704361	4.2744075	0	0	0	0	0	2026-05-07 20:44:25.192
306	2026-05-07 20:44:41.525	2026-05-07 20:44:41.775	6	0	0	0	0	0	0	0	0	0	0	0	0	
306	2026-05-07 20:45:41.835	2026-05-07 20:45:41.866	6	0	0	0	0	0	0	0	0	0	0	0	0	
306	2026-05-07 20:45:42.990	2026-05-07 20:45:43.021	6	0	0	0	0	0	0	0	0	0	0	0	0	
306	2026-05-07 20:46:05.547	2026-05-07 20:46:05.594	6	0	0	0	0	0	0	0	0	0	0	0	0	
306	2026-05-07 20:46:05.641	2026-05-07 20:46:05.672	6	0	0	0	0	0	0	0	0	0	0	0	0	
306	2026-05-07 20:46:05.703	2026-05-07 20:46:05.734	6	0	0	0	0	0	0	0	0	0	0	0	0	
306	2026-05-07 20:46:05.797	2026-05-07 20:46:05.828	6	0	0	0	0	0	0	0	0	0	0	0	0	
306	2026-05-07 20:46:06.327	2026-05-07 20:46:06.343	6	0	0	0	0	0	0	0	0	0	0	0	0	
306	2026-05-07 20:46:06.546	2026-05-07 20:46:06.592	6	0	0	0	0	0	0	0	0	0	0	0	0	
306	2026-05-07 20:47:02.550	2026-05-07 20:47:05.139	6	0	0	0	0	22	0.952000021934509	2.4336043	0	0	0	0	0	2026-05-07 20:47:02.706
306	2026-05-07 20:48:49.566	2026-05-07 20:48:49.597	5	0	0	0	0	0	0	0	0	0	0	0	0	
306	2026-05-07 20:48:54.605	2026-05-07 20:48:54.730	5	0	0	0	0	0	0	0	0	0	0	0	0	
306	2026-05-07 20:48:56.789	2026-05-07 20:48:56.851	5	0	0	0	0	0	0	0	0	0	0	0	0	
306	2026-05-07 20:49:19.393	2026-05-07 20:49:19.424	5	0	0	0	0	0	0	0	0	0	0	0	0	
306	2026-05-07 20:49:19.471	2026-05-07 20:49:20.657	5	0	0	0	0	0	0	0	0	0	0	0	0	
306	2026-05-07 20:49:21.577	2026-05-07 20:49:21.608	5	0	0	0	0	0	0	0	0	0	0	0	0	
306	2026-05-07 20:49:37.006	2026-05-07 20:49:37.021	5	0	0	0	0	0	0	0	0	0	0	0	0	
316	2026-05-07 20:48:50.533	2026-05-07 20:48:50.642	2	0	0	0	0	0	0	0	0	0	0	0	0	
316	2026-05-07 20:48:54.683	2026-05-07 20:48:54.761	1	0	0	0	0	0	0	0	0	0	0	0	0	
316	2026-05-07 20:49:00.112	2026-05-07 20:49:00.127	2	0	0	0	0	0	0	0	0	0	0	0	0	
316	2026-05-07 20:49:00.158	2026-05-07 20:49:07.584	2	0	0	0	0	15	0.210000006482005	2.6520046	0	0	0	0	0	2026-05-07 20:49:00.548
316	2026-05-07 20:49:11.078	2026-05-07 20:49:12.732	2	0	0	0	0	7	0.0980000011622906	1.0452018	0	0	0	0	0	2026-05-07 20:49:11.578
318	2026-05-07 20:51:13.492	2026-05-07 20:51:20.683	7	0	0	0	0	39	0.602000007405877	5.5844097	0	0	0	0	0	2026-05-07 20:51:14.147
318	2026-05-07 20:51:22.134	2026-05-07 20:51:22.228	7	0	0	0	0	0	0	0	0	0	0	0	0	
318	2026-05-07 20:51:23.289	2026-05-07 20:51:27.251	7	0	0	0	0	28	1.52600002661347	3.4476061	0	0	0	0	0	2026-05-07 20:51:23.679
318	2026-05-07 20:51:27.594	2026-05-07 20:51:27.859	7	0	0	0	0	0	0	0	0	0	0	0	0	
318	2026-05-07 20:51:27.906	2026-05-07 20:51:28.140	7	0	0	0	0	0	0	0	0	0	0	0	0	
318	2026-05-07 20:51:43.335	2026-05-07 20:51:49.169	8	0	0	0	0	43	2.3659999370575	5.2104092	0	0	0	0	0	2026-05-07 20:51:43.943
318	2026-05-07 20:51:49.918	2026-05-07 20:51:49.952	8	0	0	0	0	0	0	0	0	0	0	0	0	
318	2026-05-07 20:51:50.355	2026-05-07 20:51:53.880	8	0	0	0	0	3	0.167999997735023	0.4680008	0	0	0	0	0	2026-05-07 20:51:50.838
318	2026-05-07 20:52:17.811	2026-05-07 20:52:20.119	8	0	0	0	0	0	0	0	0	0	0	0	0	
318	2026-05-07 20:52:20.525	2026-05-07 20:52:20.556	8	0	0	0	0	0	0	0	0	0	0	0	0	
318	2026-05-07 20:52:20.962	2026-05-07 20:52:22.366	8	0	0	0	0	0	0	0	0	0	0	0	0	
318	2026-05-07 20:52:22.428	2026-05-07 20:52:22.553	8	0	0	0	0	0	0	0	0	0	0	0	0	
318	2026-05-07 20:52:22.881	2026-05-07 20:52:22.927	8	0	0	0	0	0	0	0	0	0	0	0	0	
318	2026-05-07 20:52:23.364	2026-05-07 20:52:23.598	8	0	0	0	0	0	0	0	0	0	0	0	0	
318	2026-05-07 20:52:27.732	2026-05-07 20:52:27.764	8	0	0	0	0	0	0	0	0	0	0	0	0	
318	2026-05-07 20:52:29.948	2026-05-07 20:52:30.072	8	0	0	0	0	0	0	0	0	0	0	0	0	
318	2026-05-07 20:52:30.166	2026-05-07 20:52:30.447	8	0	0	0	0	0	0	0	0	0	0	0	0	
318	2026-05-07 20:52:30.494	2026-05-07 20:52:31.352	8	0	0	0	0	0	0	0	0	0	0	0	0	
318	2026-05-07 20:52:31.570	2026-05-07 20:52:34.924	8	0	0	0	0	0	0	0	0	0	0	0	0	
318	2026-05-07 20:52:35.158	2026-05-07 20:52:35.236	8	0	0	0	0	0	0	0	0	0	0	0	0	
318	2026-05-07 20:52:35.345	2026-05-07 20:52:37.872	8	0	0	0	0	0	0	0	0	0	0	0	0	
318	2026-05-07 20:52:38.216	2026-05-07 20:52:38.372	8	0	0	0	0	0	0	0	0	0	0	0	0	
318	2026-05-07 20:52:38.450	2026-05-07 20:52:38.496	8	0	0	0	0	0	0	0	0	0	0	0	0	
318	2026-05-07 20:52:40.088	2026-05-07 20:52:42.222	8	0	0	0	0	0	0	0	0	0	0	0	0	
318	2026-05-07 20:52:44.690	2026-05-07 20:52:44.783	8	0	0	0	0	0	0	0	0	0	0	0	0	
318	2026-05-07 20:52:45.797	2026-05-07 20:52:46.078	8	0	0	0	0	0	0	0	0	0	0	0	0	
318	2026-05-07 20:52:46.562	2026-05-07 20:52:46.577	8	0	0	0	0	0	0	0	0	0	0	0	0	
318	2026-05-07 20:52:46.640	2026-05-07 20:52:46.749	8	0	0	0	0	0	0	0	0	0	0	0	0	
318	2026-05-07 20:52:47.295	2026-05-07 20:52:50.571	8	0	0	0	0	25	1.28799998760223	2.9172051	0	0	0	0	0	2026-05-07 20:52:47.576
318	2026-05-07 20:52:58.277	2026-05-07 20:52:58.340	7	0	0	0	0	0	0	0	0	0	0	0	0	
318	2026-05-07 20:53:08.745	2026-05-07 20:53:10.632	7	0	0	0	0	12	0.546000003814697	1.3884025	0	0	0	0	0	2026-05-07 20:53:09.244
318	2026-05-07 20:53:34.812	2026-05-07 20:53:35.249	7	0	0	0	0	0	0	0	0	0	0	0	0	
321	2026-05-07 20:54:26.917	2026-05-07 20:54:33.063	2	0	0	0	0	7	0.0980000030249357	1.3104023	0	0	0	0	0	2026-05-07 20:54:28.149
321	2026-05-07 20:54:35.419	2026-05-07 20:54:35.465	1	0	0	0	0	0	0	0	0	0	0	0	0	
321	2026-05-07 20:54:37.384	2026-05-07 20:54:42.470	1	0	0	0	0	43	1.07700002938509	4.4420078	0	0	0	0	0	2026-05-07 20:54:37.946
321	2026-05-07 20:55:22.702	2026-05-07 20:55:32.842	2	0	0	0	0	32	0.448000006377697	5.3352092	0	0	0	0	0	2026-05-07 20:55:23.279
319	2026-05-07 20:51:40.745	2026-05-07 20:51:40.870	3	0	0	0	0	0	0	0	0	0	0	0	0	
319	2026-05-07 20:51:40.917	2026-05-07 20:51:42.445	3	0	0	0	0	0	0	0	0	0	0	0	0	
319	2026-05-07 20:51:48.732	2026-05-07 20:51:51.868	4	0	0	0	0	1	0.126000002026558	0.3276005	0	0	0	0	0	2026-05-07 20:51:49.559
319	2026-05-07 20:51:57.874	2026-05-07 20:51:58.607	4	0	0	0	0	0	0	0	0	0	0	0	0	
319	2026-05-07 20:52:01.384	2026-05-07 20:52:02.179	4	0	0	0	0	0	0	0	0	0	0	0	0	
319	2026-05-07 20:52:04.348	2026-05-07 20:52:04.363	4	0	0	0	0	0	0	0	0	0	0	0	0	
319	2026-05-07 20:52:04.473	2026-05-07 20:52:04.644	4	0	0	0	0	0	0	0	0	0	0	0	0	
319	2026-05-07 20:52:14.363	2026-05-07 20:52:14.769	4	0	0	0	0	0	0	0	0	0	0	0	0	
319	2026-05-07 20:52:21.477	2026-05-07 20:52:23.505	3	0	0	0	0	2	0.0700000021606684	0.4212008	0	0	0	0	0	2026-05-07 20:52:21.991
319	2026-05-07 20:52:32.522	2026-05-07 20:52:32.646	3	0	0	0	0	0	0	0	0	0	0	0	0	
319	2026-05-07 20:52:35.228	2026-05-07 20:52:37.342	3	0	0	0	0	0	0	0	0	0	0	0	0	
319	2026-05-07 20:52:34.690	2026-05-07 20:52:39.214	4	0	0	0	0	0	0	0	0	0	0	0	0	
323	2026-05-07 20:55:55.540	2026-05-07 20:56:02.326	1	0	0	0	0	10	0.140000002458692	1.7940033	0	0	0	0	0	2026-05-07 20:55:56.164
323	2026-05-07 20:56:05.384	2026-05-07 20:56:08.878	1	0	0	0	0	6	0.084000002592802	1.170002	0	0	0	0	0	2026-05-07 20:56:05.867
324	2026-05-07 20:56:59.984	2026-05-07 20:57:11.559	3	0	0	0	0	80	1.31600002013147	9.2790161	0	0	0	0	0	2026-05-07 20:57:00.452
324	2026-05-07 20:57:17.908	2026-05-07 20:57:18.174	4	0	0	0	0	0	0	0	0	0	0	0	0	
324	2026-05-07 20:57:18.080	2026-05-07 20:57:18.408	3	0	0	0	0	0	0	0	0	0	0	0	0	
324	2026-05-07 20:57:24.538	2026-05-07 20:57:24.616	3	0	0	0	0	0	0	0	0	0	0	0	0	
324	2026-05-07 20:57:24.694	2026-05-07 20:57:33.399	3	0	0	0	0	73	5.30499982833862	8.3772147	0	0	0	0	0	2026-05-07 20:57:24.960
324	2026-05-07 20:57:39.436	2026-05-07 20:57:39.608	3	0	0	0	0	0	0	0	0	0	0	0	0	
324	2026-05-07 20:57:40.419	2026-05-07 20:57:40.794	4	0	0	0	0	0	0	0	0	0	0	0	0	
324	2026-05-07 20:57:39.920	2026-05-07 20:57:44.803	3	0	0	0	0	37	2.25399994850159	4.3680076	0	0	0	0	0	2026-05-07 20:57:40.326
326	2026-05-07 20:59:10.697	2026-05-07 20:59:20.961	2	0	0	0	0	83	4.22800017893314	9.9372175	0	0	0	0	0	2026-05-07 20:59:10.946
326	2026-05-07 20:59:54.907	2026-05-07 21:00:01.771	1	0	0	0	0	30	0.434000007808208	4.6886083	0	0	0	0	0	2026-05-07 20:59:55.656
326	2026-05-07 21:00:27.277	2026-05-07 21:00:29.040	1	0	0	0	0	0	0	0	0	0	0	0	0	
328	2026-05-07 21:00:14.376	2026-05-07 21:00:14.454	3	0	0	0	0	0	0	0	0	0	0	0	0	
328	2026-05-07 21:00:18.260	2026-05-07 21:00:18.588	4	0	0	0	0	0	0	0	0	0	0	0	0	
328	2026-05-07 21:00:18.775	2026-05-07 21:00:19.727	4	0	0	0	0	3	0.112000003457069	0.4056007	0	0	0	0	0	2026-05-07 21:00:19.321
328	2026-05-07 21:00:37.620	2026-05-07 21:00:38.806	3	0	0	0	0	0	0	0	0	0	0	0	0	
329	2026-05-07 21:01:06.090	2026-05-07 21:01:06.246	4	0	0	0	0	0	0	0	0	0	0	0	0	
329	2026-05-07 21:01:08.882	2026-05-07 21:01:09.070	3	0	0	0	0	0	0	0	0	0	0	0	0	
331	2026-05-07 21:02:13.248	2026-05-07 21:02:21.017	1	0	0	0	0	7	0.0980000030249357	1.3884025	0	0	0	0	0	2026-05-07 21:02:16.025
331	2026-05-07 21:02:22.390	2026-05-07 21:02:22.530	1	0	0	0	0	0	0	0	0	0	0	0	0	
331	2026-05-07 21:02:22.686	2026-05-07 21:02:22.983	1	0	0	0	0	0	0	0	0	0	0	0	0	
330	2026-05-07 21:02:00.472	2026-05-07 21:02:00.597	3	0	0	0	0	0	0	0	0	0	0	0	0	
330	2026-05-07 21:02:02.921	2026-05-07 21:02:07.819	3	0	0	0	0	29	1.35800004005432	3.4632061	0	0	0	0	0	2026-05-07 21:02:03.295
330	2026-05-07 21:02:13.903	2026-05-07 21:02:13.981	4	0	0	0	0	0	0	0	0	0	0	0	0	
330	2026-05-07 21:02:17.226	2026-05-07 21:02:17.538	4	0	0	0	0	0	0	0	0	0	0	0	0	
330	2026-05-07 21:02:17.710	2026-05-07 21:02:18.833	4	0	0	0	0	0	0	0	0	0	0	0	0	
330	2026-05-07 21:02:19.597	2026-05-07 21:02:19.769	4	0	0	0	0	0	0	0	0	0	0	0	0	
330	2026-05-07 21:02:20.877	2026-05-07 21:02:21.079	4	0	0	0	0	0	0	0	0	0	0	0	0	
330	2026-05-07 21:02:24.402	2026-05-07 21:02:25.603	4	0	0	0	0	0	0	0	0	0	0	0	0	
330	2026-05-07 21:02:27.148	2026-05-07 21:02:27.709	4	0	0	0	0	0	0	0	0	0	0	0	0	
330	2026-05-07 21:02:30.673	2026-05-07 21:02:30.767	4	0	0	0	0	0	0	0	0	0	0	0	0	
330	2026-05-07 21:02:30.814	2026-05-07 21:02:31.578	3	0	0	0	0	0	0	0	0	0	0	0	0	
330	2026-05-07 21:02:32.218	2026-05-07 21:02:32.452	4	0	0	0	0	0	0	0	0	0	0	0	0	
330	2026-05-07 21:02:35.088	2026-05-07 21:02:35.119	3	0	0	0	0	0	0	0	0	0	0	0	0	
330	2026-05-07 21:02:39.472	2026-05-07 21:02:40.096	3	0	0	0	0	0	0	0	0	0	0	0	0	
330	2026-05-07 21:02:40.143	2026-05-07 21:02:43.403	3	0	0	0	0	26	1.27400004863739	3.0888055	0	0	0	0	0	2026-05-07 21:02:40.299
330	2026-05-07 21:03:06.429	2026-05-07 21:03:06.475	4	0	0	0	0	0	0	0	0	0	0	0	0	
330	2026-05-07 21:03:12.076	2026-05-07 21:03:12.123	3	0	0	0	0	0	0	0	0	0	0	0	0	
330	2026-05-07 21:03:13.589	2026-05-07 21:03:15.820	3	0	0	0	0	0	0	0	0	0	0	0	0	
330	2026-05-07 21:03:13.948	2026-05-07 21:03:18.160	4	0	0	0	0	10	0.560000006109476	1.3260024	0	0	0	0	0	2026-05-07 21:03:14.509
330	2026-05-07 21:03:17.349	2026-05-07 21:03:18.472	3	0	0	0	0	0	0	0	0	0	0	0	0	
330	2026-05-07 21:03:24.727	2026-05-07 21:03:24.883	4	0	0	0	0	0	0	0	0	0	0	0	0	
330	2026-05-07 21:03:26.989	2026-05-07 21:03:27.208	3	0	0	0	0	0	0	0	0	0	0	0	0	
330	2026-05-07 21:03:33.963	2026-05-07 21:03:34.399	3	0	0	0	0	0	0	0	0	0	0	0	0	
330	2026-05-07 21:03:36.412	2026-05-07 21:03:36.459	3	0	0	0	0	0	0	0	0	0	0	0	0	
330	2026-05-07 21:03:36.973	2026-05-07 21:03:41.497	3	0	0	0	0	30	1.44200000166893	3.7908067	0	0	0	0	0	2026-05-07 21:03:37.551
320	2026-05-07 20:53:19.290	2026-05-07 20:53:31.037	5	0	0	0	0	47	2.51199992001057	5.8812103	0	0	0	0	0	2026-05-07 20:53:19.556
320	2026-05-07 20:55:22.515	2026-05-07 20:55:22.655	6	0	0	0	0	0	0	0	0	0	0	0	0	
320	2026-05-07 20:55:24.106	2026-05-07 20:55:24.527	6	0	0	0	0	0	0	0	0	0	0	0	0	
320	2026-05-07 20:55:24.668	2026-05-07 20:55:25.635	6	0	0	0	0	0	0	0	0	0	0	0	0	
320	2026-05-07 20:57:35.084	2026-05-07 20:57:35.287	6	0	0	0	0	0	0	0	0	0	0	0	0	
320	2026-05-07 20:59:46.233	2026-05-07 20:59:46.296	6	0	0	0	0	0	0	0	0	0	0	0	0	
320	2026-05-07 21:00:41.083	2026-05-07 21:00:41.458	5	0	0	0	0	0	0	0	0	0	0	0	0	
320	2026-05-07 21:01:12.190	2026-05-07 21:01:13.594	5	0	0	0	0	0	0	0	0	0	0	0	0	
320	2026-05-07 21:00:06.872	2026-05-07 21:02:15.744	6	0	0	0	0	0	0	0	0	0	0	0	0	
320	2026-05-07 21:02:22.296	2026-05-07 21:02:22.998	6	0	0	0	0	0	0	0	0	0	0	0	0	
334	2026-05-07 21:04:51.588	2026-05-07 21:04:51.651	5	0	0	0	0	0	0	0	0	0	0	0	0	
334	2026-05-07 21:04:55.738	2026-05-07 21:04:56.846	5	0	0	0	0	0	0	0	0	0	0	0	0	
334	2026-05-07 21:04:57.204	2026-05-07 21:04:57.719	5	0	0	0	0	0	0	0	0	0	0	0	0	
333	2026-05-07 21:04:43.773	2026-05-07 21:04:44.054	4	0	0	0	0	0	0	0	0	0	0	0	0	
333	2026-05-07 21:04:45.926	2026-05-07 21:04:46.394	3	0	0	0	0	0	0	0	0	0	0	0	0	
333	2026-05-07 21:04:46.440	2026-05-07 21:04:49.935	3	0	0	0	0	23	0.419999994337559	2.6520047	0	0	0	0	0	2026-05-07 21:04:46.908
333	2026-05-07 21:04:53.991	2026-05-07 21:04:54.927	4	0	0	0	0	0	0	0	0	0	0	0	0	
333	2026-05-07 21:04:56.424	2026-05-07 21:04:56.534	3	0	0	0	0	0	0	0	0	0	0	0	0	
333	2026-05-07 21:05:07.953	2026-05-07 21:05:08.015	4	0	0	0	0	0	0	0	0	0	0	0	0	
322	2026-05-07 20:55:23.919	2026-05-07 20:55:31.267	7	0	0	0	0	53	2.98200011253357	6.5832116	0	0	0	0	0	2026-05-07 20:55:24.621
322	2026-05-07 20:55:34.246	2026-05-07 20:55:39.903	7	0	0	0	0	35	2.08599998056889	4.7480084	0	0	0	0	0	2026-05-07 20:55:34.652
322	2026-05-07 20:56:11.218	2026-05-07 20:56:16.195	7	0	0	0	0	0	0	0	0	0	0	0	0	
322	2026-05-07 20:56:19.377	2026-05-07 20:56:45.024	7	0	0	0	0	0	0	0	0	0	0	0	0	
322	2026-05-07 20:56:45.258	2026-05-07 20:56:45.320	7	0	0	0	0	0	0	0	0	0	0	0	0	
322	2026-05-07 20:56:45.367	2026-05-07 20:56:49.267	7	0	0	0	0	0	0	0	0	0	0	0	0	
322	2026-05-07 20:56:50.640	2026-05-07 20:56:50.702	7	0	0	0	0	0	0	0	0	0	0	0	0	
322	2026-05-07 20:56:50.811	2026-05-07 20:56:50.889	7	0	0	0	0	0	0	0	0	0	0	0	0	
322	2026-05-07 20:56:51.030	2026-05-07 20:56:51.061	7	0	0	0	0	0	0	0	0	0	0	0	0	
322	2026-05-07 20:56:52.044	2026-05-07 20:56:52.948	7	0	0	0	0	0	0	0	0	0	0	0	0	
322	2026-05-07 20:56:53.136	2026-05-07 20:56:53.978	7	0	0	0	0	0	0	0	0	0	0	0	0	
322	2026-05-07 20:56:55.195	2026-05-07 20:57:03.166	7	0	0	0	0	0	0	0	0	0	0	0	0	
322	2026-05-07 20:58:08.297	2026-05-07 20:58:08.546	8	0	0	0	0	0	0	0	0	0	0	0	0	
322	2026-05-07 21:02:56.803	2026-05-07 21:02:59.939	7	0	0	0	0	0	0	0	0	0	0	0	0	
322	2026-05-07 21:03:00.345	2026-05-07 21:03:00.391	7	0	0	0	0	0	0	0	0	0	0	0	0	
322	2026-05-07 21:03:00.532	2026-05-07 21:03:01.421	7	0	0	0	0	0	0	0	0	0	0	0	0	
322	2026-05-07 21:03:03.309	2026-05-07 21:03:03.402	7	0	0	0	0	0	0	0	0	0	0	0	0	
322	2026-05-07 21:03:03.511	2026-05-07 21:03:03.589	7	0	0	0	0	0	0	0	0	0	0	0	0	
322	2026-05-07 21:03:03.917	2026-05-07 21:03:04.416	7	0	0	0	0	0	0	0	0	0	0	0	0	
322	2026-05-07 21:03:04.806	2026-05-07 21:03:04.837	7	0	0	0	0	0	0	0	0	0	0	0	0	
322	2026-05-07 21:03:08.207	2026-05-07 21:03:08.410	7	0	0	0	0	0	0	0	0	0	0	0	0	
322	2026-05-07 21:03:08.956	2026-05-07 21:03:09.330	7	0	0	0	0	0	0	0	0	0	0	0	0	
322	2026-05-07 21:03:09.689	2026-05-07 21:03:10.360	7	0	0	0	0	0	0	0	0	0	0	0	0	
322	2026-05-07 21:03:10.672	2026-05-07 21:03:11.031	7	0	0	0	0	0	0	0	0	0	0	0	0	
322	2026-05-07 21:03:11.062	2026-05-07 21:03:11.140	7	0	0	0	0	0	0	0	0	0	0	0	0	
322	2026-05-07 21:03:11.171	2026-05-07 21:03:11.218	7	0	0	0	0	0	0	0	0	0	0	0	0	
322	2026-05-07 21:03:11.265	2026-05-07 21:03:11.389	7	0	0	0	0	0	0	0	0	0	0	0	0	
322	2026-05-07 21:03:11.452	2026-05-07 21:03:11.483	7	0	0	0	0	0	0	0	0	0	0	0	0	
322	2026-05-07 21:03:11.748	2026-05-07 21:03:12.116	7	0	0	0	0	0	0	0	0	0	0	0	0	
322	2026-05-07 21:03:18.464	2026-05-07 21:03:18.519	7	0	0	0	0	0	0	0	0	0	0	0	0	
322	2026-05-07 21:03:18.784	2026-05-07 21:03:18.831	7	0	0	0	0	0	0	0	0	0	0	0	0	
322	2026-05-07 21:03:18.862	2026-05-07 21:03:18.877	7	0	0	0	0	0	0	0	0	0	0	0	0	
322	2026-05-07 21:03:19.033	2026-05-07 21:03:19.065	7	0	0	0	0	0	0	0	0	0	0	0	0	
322	2026-05-07 21:03:19.205	2026-05-07 21:03:20.500	7	0	0	0	0	0	0	0	0	0	0	0	0	
322	2026-05-07 21:03:20.547	2026-05-07 21:03:20.625	7	0	0	0	0	0	0	0	0	0	0	0	0	
322	2026-05-07 21:03:20.687	2026-05-07 21:03:20.859	7	0	0	0	0	0	0	0	0	0	0	0	0	
322	2026-05-07 21:03:20.905	2026-05-07 21:03:21.358	7	0	0	0	0	0	0	0	0	0	0	0	0	
322	2026-05-07 21:03:21.405	2026-05-07 21:03:21.498	7	0	0	0	0	0	0	0	0	0	0	0	0	
322	2026-05-07 21:03:21.795	2026-05-07 21:03:21.826	7	0	0	0	0	0	0	0	0	0	0	0	0	
322	2026-05-07 21:03:21.966	2026-05-07 21:03:22.013	7	0	0	0	0	0	0	0	0	0	0	0	0	
322	2026-05-07 21:03:22.185	2026-05-07 21:03:22.216	7	0	0	0	0	0	0	0	0	0	0	0	0	
322	2026-05-07 21:03:22.497	2026-05-07 21:03:22.512	7	0	0	0	0	0	0	0	0	0	0	0	0	
322	2026-05-07 21:03:22.684	2026-05-07 21:03:22.715	7	0	0	0	0	0	0	0	0	0	0	0	0	
322	2026-05-07 21:03:26.849	2026-05-07 21:03:26.982	7	0	0	0	0	0	0	0	0	0	0	0	0	
322	2026-05-07 21:03:27.738	2026-05-07 21:03:27.769	7	0	0	0	0	0	0	0	0	0	0	0	0	
322	2026-05-07 21:03:27.879	2026-05-07 21:03:27.957	7	0	0	0	0	0	0	0	0	0	0	0	0	
322	2026-05-07 21:04:18.298	2026-05-07 21:04:18.345	7	0	0	0	0	0	0	0	0	0	0	0	0	
322	2026-05-07 21:04:18.860	2026-05-07 21:04:18.938	7	0	0	0	0	0	0	0	0	0	0	0	0	
322	2026-05-07 21:04:19.359	2026-05-07 21:04:19.452	7	0	0	0	0	0	0	0	0	0	0	0	0	
322	2026-05-07 21:04:19.671	2026-05-07 21:04:19.796	7	0	0	0	0	0	0	0	0	0	0	0	0	
322	2026-05-07 21:04:19.827	2026-05-07 21:04:19.920	7	0	0	0	0	0	0	0	0	0	0	0	0	
322	2026-05-07 21:04:20.014	2026-05-07 21:04:20.076	7	0	0	0	0	0	0	0	0	0	0	0	0	
322	2026-05-07 21:04:20.170	2026-05-07 21:04:20.248	7	0	0	0	0	0	0	0	0	0	0	0	0	
322	2026-05-07 21:04:21.309	2026-05-07 21:04:26.207	7	0	0	0	0	0	0	0	0	0	0	0	0	
322	2026-05-07 21:04:26.394	2026-05-07 21:04:26.519	7	0	0	0	0	0	0	0	0	0	0	0	0	
322	2026-05-07 21:04:26.582	2026-05-07 21:04:26.831	7	0	0	0	0	0	0	0	0	0	0	0	0	
322	2026-05-07 21:04:26.878	2026-05-07 21:04:27.611	7	0	0	0	0	0	0	0	0	0	0	0	0	
322	2026-05-07 21:04:27.705	2026-05-07 21:04:28.313	7	0	0	0	0	0	0	0	0	0	0	0	0	
322	2026-05-07 21:04:33.477	2026-05-07 21:04:33.648	7	0	0	0	0	0	0	0	0	0	0	0	0	
322	2026-05-07 21:04:34.865	2026-05-07 21:04:41.386	7	0	0	0	0	52	2.78899997472763	6.0996108	0	0	0	0	0	2026-05-07 21:04:35.115
322	2026-05-07 21:04:42.665	2026-05-07 21:04:42.696	7	0	0	0	0	0	0	0	0	0	0	0	0	
322	2026-05-07 21:05:01.760	2026-05-07 21:05:01.775	8	0	0	0	0	0	0	0	0	0	0	0	0	
322	2026-05-07 21:05:06.658	2026-05-07 21:05:07.298	8	0	0	0	0	0	0	0	0	0	0	0	0	
322	2026-05-07 21:05:11.104	2026-05-07 21:05:11.120	8	0	0	0	0	0	0	0	0	0	0	0	0	
322	2026-05-07 21:05:12.165	2026-05-07 21:05:12.243	8	0	0	0	0	0	0	0	0	0	0	0	0	
322	2026-05-07 21:05:12.570	2026-05-07 21:05:14.318	8	0	0	0	0	0	0	0	0	0	0	0	0	
322	2026-05-07 21:05:14.536	2026-05-07 21:05:14.567	8	0	0	0	0	0	0	0	0	0	0	0	0	
322	2026-05-07 21:05:19.419	2026-05-07 21:05:19.434	8	0	0	0	0	0	0	0	0	0	0	0	0	
322	2026-05-07 21:05:20.542	2026-05-07 21:05:22.929	8	0	0	0	0	0	0	0	0	0	0	0	0	
337	2026-05-07 21:05:29.964	2026-05-07 21:05:29.996	4	0	0	0	0	0	0	0	0	0	0	0	0	
337	2026-05-07 21:05:37.827	2026-05-07 21:05:37.889	4	0	0	0	0	0	0	0	0	0	0	0	0	
339	2026-05-07 21:05:52.522	2026-05-07 21:05:52.585	3	0	0	0	0	0	0	0	0	0	0	0	0	
339	2026-05-07 21:05:52.943	2026-05-07 21:05:53.146	3	0	0	0	0	0	0	0	0	0	0	0	0	
339	2026-05-07 21:05:54.176	2026-05-07 21:05:54.363	4	0	0	0	0	0	0	0	0	0	0	0	0	
339	2026-05-07 21:06:01.461	2026-05-07 21:06:04.737	3	0	0	0	0	23	0.560000002384186	2.4648043	0	0	0	0	0	2026-05-07 21:06:02.272
340	2026-05-07 21:06:23.332	2026-05-07 21:06:26.203	3	0	0	0	0	14	0.546000003814697	1.8564033	0	0	0	0	0	2026-05-07 21:06:24.268
340	2026-05-07 21:06:27.170	2026-05-07 21:06:27.263	4	0	0	0	0	0	0	0	0	0	0	0	0	
340	2026-05-07 21:06:28.215	2026-05-07 21:06:28.574	4	0	0	0	0	0	0	0	0	0	0	0	0	
340	2026-05-07 21:06:40.040	2026-05-07 21:06:46.311	3	0	0	0	0	49	2.64599990844727	5.69401	0	0	0	0	0	2026-05-07 21:06:40.492
340	2026-05-07 21:06:49.899	2026-05-07 21:06:51.553	3	0	0	0	0	10	0.574000000953674	1.2480022	0	0	0	0	0	2026-05-07 21:06:50.133
336	2026-05-07 21:05:08.234	2026-05-07 21:05:08.639	6	0	0	0	0	0	0	0	0	0	0	0	0	
336	2026-05-07 21:05:10.698	2026-05-07 21:05:10.808	5	0	0	0	0	0	0	0	0	0	0	0	0	
336	2026-05-07 21:05:20.386	2026-05-07 21:05:21.525	6	0	0	0	0	4	0.111999997869134	0.6658012	0	0	0	0	0	2026-05-07 21:05:20.604
336	2026-05-07 21:05:24.036	2026-05-07 21:05:36.969	6	0	0	0	0	82	3.83600004017353	10.1244178	0	0	0	0	0	2026-05-07 21:05:25.846
336	2026-05-07 21:05:39.059	2026-05-07 21:05:39.371	6	0	0	0	0	0	0	0	0	0	0	0	0	
336	2026-05-07 21:05:39.480	2026-05-07 21:05:39.496	6	0	0	0	0	0	0	0	0	0	0	0	0	
336	2026-05-07 21:05:40.120	2026-05-07 21:06:49.525	6	0	0	0	0	0	0	0	0	0	0	0	0	
336	2026-05-07 21:06:52.504	2026-05-07 21:07:01.708	6	0	0	0	0	0	0	0	0	0	0	0	0	
338	2026-05-07 21:05:50.213	2026-05-07 21:05:51.477	8	0	0	0	0	8	0.363999992609024	0.8918016	0	0	0	0	0	2026-05-07 21:05:50.572
338	2026-05-07 21:05:52.709	2026-05-07 21:05:53.396	7	0	0	0	0	0	0	0	0	0	0	0	0	
338	2026-05-07 21:05:53.427	2026-05-07 21:05:53.458	7	0	0	0	0	0	0	0	0	0	0	0	0	
338	2026-05-07 21:05:53.505	2026-05-07 21:05:53.973	7	0	0	0	0	0	0	0	0	0	0	0	0	
338	2026-05-07 21:06:04.519	2026-05-07 21:06:04.628	8	0	0	0	0	0	0	0	0	0	0	0	0	
338	2026-05-07 21:06:16.967	2026-05-07 21:06:16.999	8	0	0	0	0	0	0	0	0	0	0	0	0	
338	2026-05-07 21:07:46.621	2026-05-07 21:07:46.636	8	0	0	0	0	0	0	0	0	0	0	0	0	
338	2026-05-07 21:07:46.761	2026-05-07 21:07:46.824	8	0	0	0	0	0	0	0	0	0	0	0	0	
338	2026-05-07 21:07:48.961	2026-05-07 21:07:52.034	8	0	0	0	0	21	1.10599994659424	2.6988047	0	0	0	0	0	2026-05-07 21:07:49.242
338	2026-05-07 21:08:01.160	2026-05-07 21:08:01.644	8	0	0	0	0	0	0	0	0	0	0	0	0	
338	2026-05-07 21:08:05.965	2026-05-07 21:08:06.261	8	0	0	0	0	0	0	0	0	0	0	0	0	
342	2026-05-07 21:08:33.109	2026-05-07 21:08:33.140	7	0	0	0	0	0	0	0	0	0	0	0	0	
342	2026-05-07 21:08:33.280	2026-05-07 21:08:33.358	7	0	0	0	0	0	0	0	0	0	0	0	0	
342	2026-05-07 21:08:33.483	2026-05-07 21:08:33.514	7	0	0	0	0	0	0	0	0	0	0	0	0	
342	2026-05-07 21:08:33.655	2026-05-07 21:08:33.717	7	0	0	0	0	0	0	0	0	0	0	0	0	
342	2026-05-07 21:08:34.201	2026-05-07 21:08:34.216	7	0	0	0	0	0	0	0	0	0	0	0	0	
342	2026-05-07 21:08:34.263	2026-05-07 21:08:34.341	7	0	0	0	0	0	0	0	0	0	0	0	0	
342	2026-05-07 21:08:54.138	2026-05-07 21:08:54.200	8	0	0	0	0	0	0	0	0	0	0	0	0	
342	2026-05-07 21:08:54.496	2026-05-07 21:08:54.559	8	0	0	0	0	0	0	0	0	0	0	0	0	
342	2026-05-07 21:09:01.017	2026-05-07 21:09:01.064	8	0	0	0	0	0	0	0	0	0	0	0	0	
342	2026-05-07 21:09:01.126	2026-05-07 21:09:01.298	8	0	0	0	0	0	0	0	0	0	0	0	0	
342	2026-05-07 21:09:01.423	2026-05-07 21:09:01.470	8	0	0	0	0	0	0	0	0	0	0	0	0	
342	2026-05-07 21:09:01.610	2026-05-07 21:09:02.000	8	0	0	0	0	0	0	0	0	0	0	0	0	
342	2026-05-07 21:09:02.718	2026-05-07 21:09:02.796	8	0	0	0	0	0	0	0	0	0	0	0	0	
342	2026-05-07 21:09:03.264	2026-05-07 21:09:03.326	8	0	0	0	0	0	0	0	0	0	0	0	0	
342	2026-05-07 21:09:03.420	2026-05-07 21:09:07.507	8	0	0	0	0	0	0	0	0	0	0	0	0	
342	2026-05-07 21:09:07.600	2026-05-07 21:09:08.739	8	0	0	0	0	0	0	0	0	0	0	0	0	
342	2026-05-07 21:09:08.802	2026-05-07 21:09:08.911	8	0	0	0	0	0	0	0	0	0	0	0	0	
342	2026-05-07 21:09:09.254	2026-05-07 21:09:09.660	8	0	0	0	0	0	0	0	0	0	0	0	0	
342	2026-05-07 21:09:09.738	2026-05-07 21:09:09.847	8	0	0	0	0	0	0	0	0	0	0	0	0	
342	2026-05-07 21:09:10.096	2026-05-07 21:09:10.237	8	0	0	0	0	0	0	0	0	0	0	0	0	
342	2026-05-07 21:09:10.299	2026-05-07 21:09:10.486	8	0	0	0	0	0	0	0	0	0	0	0	0	
342	2026-05-07 21:09:12.452	2026-05-07 21:09:13.263	8	0	0	0	0	0	0	0	0	0	0	0	0	
342	2026-05-07 21:09:17.101	2026-05-07 21:09:19.347	7	0	0	0	0	12	0.546000003814697	1.3104023	0	0	0	0	0	2026-05-07 21:09:18.037
342	2026-05-07 21:09:26.898	2026-05-07 21:09:27.334	7	0	0	0	0	0	0	0	0	0	0	0	0	
343	2026-05-07 21:08:39.895	2026-05-07 21:08:40.020	6	0	0	0	0	0	0	0	0	0	0	0	0	
343	2026-05-07 21:08:40.207	2026-05-07 21:08:46.197	6	0	0	0	0	42	1.8060000538826	4.8486085	0	0	0	0	0	2026-05-07 21:08:41.314
343	2026-05-07 21:08:50.128	2026-05-07 21:08:50.269	5	0	0	0	0	0	0	0	0	0	0	0	0	
343	2026-05-07 21:08:50.487	2026-05-07 21:08:50.596	5	0	0	0	0	0	0	0	0	0	0	0	0	
343	2026-05-07 21:08:50.643	2026-05-07 21:08:50.690	5	0	0	0	0	0	0	0	0	0	0	0	0	
343	2026-05-07 21:08:53.186	2026-05-07 21:08:53.311	6	0	0	0	0	0	0	0	0	0	0	0	0	
343	2026-05-07 21:08:53.607	2026-05-07 21:08:53.623	6	0	0	0	0	0	0	0	0	0	0	0	0	
343	2026-05-07 21:08:53.670	2026-05-07 21:08:57.772	6	0	0	0	0	32	1.79200005531311	3.8220067	0	0	0	0	0	2026-05-07 21:08:53.888
346	2026-05-07 21:10:57.128	2026-05-07 21:11:01.356	7	0	0	0	0	15	0.224000005051494	2.1996039	0	0	0	0	0	2026-05-07 21:10:57.877
346	2026-05-07 21:11:02.557	2026-05-07 21:11:02.697	7	0	0	0	0	0	0	0	0	0	0	0	0	
341	2026-05-07 21:07:09.368	2026-05-07 21:07:09.415	4	0	0	0	0	0	0	0	0	0	0	0	0	
341	2026-05-07 21:07:09.727	2026-05-07 21:07:09.789	3	0	0	0	0	0	0	0	0	0	0	0	0	
344	2026-05-07 21:10:06.147	2026-05-07 21:10:18.534	5	0	0	0	0	100	5.37599992752075	12.0744212	0	0	0	0	0	2026-05-07 21:10:06.428
344	2026-05-07 21:10:20.936	2026-05-07 21:10:21.217	5	0	0	0	0	0	0	0	0	0	0	0	0	
344	2026-05-07 21:10:21.482	2026-05-07 21:10:21.623	5	0	0	0	0	0	0	0	0	0	0	0	0	
344	2026-05-07 21:10:21.701	2026-05-07 21:10:21.747	5	0	0	0	0	0	0	0	0	0	0	0	0	
344	2026-05-07 21:10:21.981	2026-05-07 21:10:22.044	5	0	0	0	0	0	0	0	0	0	0	0	0	
348	2026-05-07 21:11:54.895	2026-05-07 21:11:55.082	3	0	0	0	0	0	0	0	0	0	0	0	0	
348	2026-05-07 21:12:00.246	2026-05-07 21:12:02.789	3	0	0	0	0	16	0.251999996602535	1.9500034	0	0	0	0	0	2026-05-07 21:12:00.527
348	2026-05-07 21:12:06.548	2026-05-07 21:12:08.062	3	0	0	0	0	0	0	0	0	0	0	0	0	
348	2026-05-07 21:12:08.842	2026-05-07 21:12:09.310	4	0	0	0	0	0	0	0	0	0	0	0	0	
348	2026-05-07 21:12:09.637	2026-05-07 21:12:09.965	4	0	0	0	0	0	0	0	0	0	0	0	0	
350	2026-05-07 21:12:55.064	2026-05-07 21:12:55.096	4	0	0	0	0	0	0	0	0	0	0	0	0	
350	2026-05-07 21:12:57.077	2026-05-07 21:12:57.514	4	0	0	0	0	0	0	0	0	0	0	0	0	
350	2026-05-07 21:12:58.902	2026-05-07 21:12:59.120	4	0	0	0	0	0	0	0	0	0	0	0	0	
351	2026-05-07 21:13:30.960	2026-05-07 21:13:31.335	3	0	0	0	0	0	0	0	0	0	0	0	0	
351	2026-05-07 21:13:33.222	2026-05-07 21:13:33.378	4	0	0	0	0	0	0	0	0	0	0	0	0	
351	2026-05-07 21:13:33.909	2026-05-07 21:13:34.143	4	0	0	0	0	0	0	0	0	0	0	0	0	
351	2026-05-07 21:13:47.371	2026-05-07 21:13:47.527	4	0	0	0	0	0	0	0	0	0	0	0	0	
352	2026-05-07 21:13:54.391	2026-05-07 21:13:55.374	5	0	0	0	0	0	0	0	0	0	0	0	0	
347	2026-05-07 21:11:35.910	2026-05-07 21:11:46.409	8	0	0	0	0	33	0.462000014260411	5.77501	0	0	0	0	0	2026-05-07 21:11:36.300
347	2026-05-07 21:11:50.886	2026-05-07 21:11:51.338	8	0	0	0	0	0	0	0	0	0	0	0	0	
347	2026-05-07 21:11:51.214	2026-05-07 21:11:51.697	7	0	0	0	0	0	0	0	0	0	0	0	0	
347	2026-05-07 21:13:08.075	2026-05-07 21:13:17.466	7	0	0	0	0	86	4.11600017547607	8.580015	0	0	0	0	0	2026-05-07 21:13:08.699
347	2026-05-07 21:14:14.063	2026-05-07 21:14:15.951	7	0	0	0	0	0	0	0	0	0	0	0	0	
332	2026-05-07 21:03:02.763	2026-05-07 21:03:02.950	2	0	0	0	0	0	0	0	0	0	0	0	0	
332	2026-05-07 21:03:04.073	2026-05-07 21:03:04.338	1	0	0	0	0	0	0	0	0	0	0	0	0	
332	2026-05-07 21:04:57.891	2026-05-07 21:05:04.848	2	0	0	0	0	13	0.182000003755093	2.2152042	0	0	0	0	0	2026-05-07 21:04:58.203
332	2026-05-07 21:05:13.397	2026-05-07 21:05:13.444	2	0	0	0	0	0	0	0	0	0	0	0	0	
332	2026-05-07 21:08:21.596	2026-05-07 21:08:22.438	2	0	0	0	0	0	0	0	0	0	0	0	0	
332	2026-05-07 21:08:41.580	2026-05-07 21:08:42.094	2	0	0	0	0	0	0	0	0	0	0	0	0	
332	2026-05-07 21:08:49.801	2026-05-07 21:08:49.926	2	0	0	0	0	0	0	0	0	0	0	0	0	
332	2026-05-07 21:08:50.877	2026-05-07 21:08:50.893	2	0	0	0	0	0	0	0	0	0	0	0	0	
332	2026-05-07 21:08:57.086	2026-05-07 21:08:57.102	2	0	0	0	0	0	0	0	0	0	0	0	0	
332	2026-05-07 21:08:57.164	2026-05-07 21:08:57.242	2	0	0	0	0	0	0	0	0	0	0	0	0	
332	2026-05-07 21:09:01.969	2026-05-07 21:09:02.016	2	0	0	0	0	0	0	0	0	0	0	0	0	
332	2026-05-07 21:09:06.368	2026-05-07 21:09:06.384	2	0	0	0	0	0	0	0	0	0	0	0	0	
332	2026-05-07 21:09:07.647	2026-05-07 21:09:07.788	2	0	0	0	0	0	0	0	0	0	0	0	0	
332	2026-05-07 21:09:23.434	2026-05-07 21:09:23.746	2	0	0	0	0	0	0	0	0	0	0	0	0	
332	2026-05-07 21:09:25.899	2026-05-07 21:09:25.930	2	0	0	0	0	0	0	0	0	0	0	0	0	
332	2026-05-07 21:09:26.055	2026-05-07 21:09:26.133	2	0	0	0	0	0	0	0	0	0	0	0	0	
332	2026-05-07 21:09:34.963	2026-05-07 21:09:35.166	2	0	0	0	0	0	0	0	0	0	0	0	0	
332	2026-05-07 21:09:36.648	2026-05-07 21:09:36.757	2	0	0	0	0	0	0	0	0	0	0	0	0	
332	2026-05-07 21:09:37.521	2026-05-07 21:09:37.568	2	0	0	0	0	0	0	0	0	0	0	0	0	
332	2026-05-07 21:09:37.646	2026-05-07 21:09:37.724	2	0	0	0	0	0	0	0	0	0	0	0	0	
332	2026-05-07 21:09:37.865	2026-05-07 21:09:37.911	2	0	0	0	0	0	0	0	0	0	0	0	0	
332	2026-05-07 21:09:42.810	2026-05-07 21:09:42.825	2	0	0	0	0	0	0	0	0	0	0	0	0	
332	2026-05-07 21:09:50.937	2026-05-07 21:09:50.953	2	0	0	0	0	0	0	0	0	0	0	0	0	
332	2026-05-07 21:10:06.023	2026-05-07 21:10:06.303	2	0	0	0	0	0	0	0	0	0	0	0	0	
332	2026-05-07 21:10:06.537	2026-05-07 21:10:06.584	2	0	0	0	0	0	0	0	0	0	0	0	0	
332	2026-05-07 21:10:06.849	2026-05-07 21:10:06.896	2	0	0	0	0	0	0	0	0	0	0	0	0	
332	2026-05-07 21:10:06.912	2026-05-07 21:10:06.974	2	0	0	0	0	0	0	0	0	0	0	0	0	
332	2026-05-07 21:10:07.115	2026-05-07 21:10:07.520	2	0	0	0	0	0	0	0	0	0	0	0	0	
332	2026-05-07 21:10:07.988	2026-05-07 21:10:08.019	2	0	0	0	0	0	0	0	0	0	0	0	0	
332	2026-05-07 21:10:09.767	2026-05-07 21:10:09.813	2	0	0	0	0	0	0	0	0	0	0	0	0	
332	2026-05-07 21:10:12.871	2026-05-07 21:10:12.887	2	0	0	0	0	0	0	0	0	0	0	0	0	
332	2026-05-07 21:10:19.953	2026-05-07 21:10:20.016	2	0	0	0	0	0	0	0	0	0	0	0	0	
332	2026-05-07 21:10:20.515	2026-05-07 21:10:20.562	2	0	0	0	0	0	0	0	0	0	0	0	0	
332	2026-05-07 21:10:20.655	2026-05-07 21:10:20.749	2	0	0	0	0	0	0	0	0	0	0	0	0	
332	2026-05-07 21:10:20.858	2026-05-07 21:10:20.874	2	0	0	0	0	0	0	0	0	0	0	0	0	
332	2026-05-07 21:10:56.910	2026-05-07 21:10:56.957	2	0	0	0	0	0	0	0	0	0	0	0	0	
332	2026-05-07 21:10:57.659	2026-05-07 21:10:57.783	2	0	0	0	0	0	0	0	0	0	0	0	0	
332	2026-05-07 21:10:58.267	2026-05-07 21:10:58.314	2	0	0	0	0	0	0	0	0	0	0	0	0	
332	2026-05-07 21:10:59.593	2026-05-07 21:10:59.827	2	0	0	0	0	0	0	0	0	0	0	0	0	
332	2026-05-07 21:11:01.293	2026-05-07 21:11:01.652	2	0	0	0	0	0	0	0	0	0	0	0	0	
332	2026-05-07 21:11:02.963	2026-05-07 21:11:04.101	2	0	0	0	0	0	0	0	0	0	0	0	0	
332	2026-05-07 21:11:04.741	2026-05-07 21:11:04.757	2	0	0	0	0	0	0	0	0	0	0	0	0	
332	2026-05-07 21:11:05.022	2026-05-07 21:11:05.303	2	0	0	0	0	0	0	0	0	0	0	0	0	
332	2026-05-07 21:11:06.207	2026-05-07 21:11:06.239	2	0	0	0	0	0	0	0	0	0	0	0	0	
332	2026-05-07 21:11:06.878	2026-05-07 21:11:07.253	2	0	0	0	0	0	0	0	0	0	0	0	0	
332	2026-05-07 21:11:15.957	2026-05-07 21:11:16.035	2	0	0	0	0	0	0	0	0	0	0	0	0	
332	2026-05-07 21:11:16.067	2026-05-07 21:11:16.113	2	0	0	0	0	0	0	0	0	0	0	0	0	
332	2026-05-07 21:11:22.837	2026-05-07 21:11:23.149	1	0	0	0	0	0	0	0	0	0	0	0	0	
332	2026-05-07 21:11:25.442	2026-05-07 21:11:25.489	2	0	0	0	0	0	0	0	0	0	0	0	0	
332	2026-05-07 21:11:30.980	2026-05-07 21:11:31.058	2	0	0	0	0	0	0	0	0	0	0	0	0	
332	2026-05-07 21:11:31.199	2026-05-07 21:11:31.214	2	0	0	0	0	0	0	0	0	0	0	0	0	
332	2026-05-07 21:12:23.195	2026-05-07 21:12:23.209	1	0	0	0	0	0	0	0	0	0	0	0	0	
332	2026-05-07 21:12:23.334	2026-05-07 21:12:23.396	1	0	0	0	0	0	0	0	0	0	0	0	0	
332	2026-05-07 21:12:23.443	2026-05-07 21:12:23.537	1	0	0	0	0	0	0	0	0	0	0	0	0	
332	2026-05-07 21:14:20.958	2026-05-07 21:14:23.407	2	0	0	0	0	18	0.882000029087067	2.1060037	0	0	0	0	0	2026-05-07 21:14:21.301
354	2026-05-07 21:14:23.953	2026-05-07 21:14:24.156	4	0	0	0	0	0	0	0	0	0	0	0	0	
354	2026-05-07 21:14:24.687	2026-05-07 21:14:24.811	3	0	0	0	0	0	0	0	0	0	0	0	0	
354	2026-05-07 21:15:31.595	2026-05-07 21:15:33.608	3	0	0	0	0	7	0.223999993875623	1.0140018	0	0	0	0	0	2026-05-07 21:15:32.250
356	2026-05-07 21:15:01.690	2026-05-07 21:15:10.707	2	0	0	0	0	29	0.434000002220273	4.6644082	0	0	0	0	0	2026-05-07 21:15:02.283
356	2026-05-07 21:15:13.406	2026-05-07 21:15:15.730	1	0	0	0	0	8	0.182000003755093	0.8580015	0	0	0	0	0	2026-05-07 21:15:13.718
356	2026-05-07 21:15:15.808	2026-05-07 21:15:16.354	1	0	0	0	0	1	0.0140000004321337	0.2340004	0	0	0	0	0	2026-05-07 21:15:16.120
358	2026-05-07 21:17:30.842	2026-05-07 21:17:34.321	2	0	0	0	0	8	0.112000003457069	1.4976025	0	0	0	0	0	2026-05-07 21:17:31.325
353	2026-05-07 21:14:19.929	2026-05-07 21:14:23.111	8	0	0	0	0	14	0.196000000461936	2.1614037	0	0	0	0	0	2026-05-07 21:14:20.553
353	2026-05-07 21:14:25.123	2026-05-07 21:14:30.583	7	0	0	0	0	34	1.70799998566508	4.7128083	0	0	0	0	0	2026-05-07 21:14:25.513
353	2026-05-07 21:17:47.737	2026-05-07 21:17:47.783	8	0	0	0	0	0	0	0	0	0	0	0	0	
353	2026-05-07 21:17:48.002	2026-05-07 21:17:48.049	8	0	0	0	0	0	0	0	0	0	0	0	0	
360	2026-05-07 21:17:48.719	2026-05-07 21:17:48.735	8	0	0	0	0	0	0	0	0	0	0	0	0	
360	2026-05-07 21:18:00.201	2026-05-07 21:18:00.451	7	0	0	0	0	0	0	0	0	0	0	0	0	
360	2026-05-07 21:18:00.841	2026-05-07 21:18:02.635	7	0	0	0	0	0	0	0	0	0	0	0	0	
359	2026-05-07 21:18:46.939	2026-05-07 21:18:47.079	1	0	0	0	0	0	0	0	0	0	0	0	0	
362	2026-05-07 21:19:29.418	2026-05-07 21:19:33.552	1	0	0	0	0	30	1.61000001430511	3.6192063	0	0	0	0	0	2026-05-07 21:19:29.932
362	2026-05-07 21:19:48.184	2026-05-07 21:19:53.832	1	0	0	0	0	36	1.75000000372529	4.6176081	0	0	0	0	0	2026-05-07 21:19:49.183
363	2026-05-07 21:20:08.043	2026-05-07 21:20:08.074	2	0	0	0	0	0	0	0	0	0	0	0	0	
363	2026-05-07 21:20:08.636	2026-05-07 21:20:08.886	1	0	0	0	0	0	0	0	0	0	0	0	0	
363	2026-05-07 21:20:08.948	2026-05-07 21:20:09.010	1	0	0	0	0	0	0	0	0	0	0	0	0	
363	2026-05-07 21:20:10.336	2026-05-07 21:20:10.399	1	0	0	0	0	0	0	0	0	0	0	0	0	
363	2026-05-07 21:20:11.350	2026-05-07 21:20:11.475	2	0	0	0	0	0	0	0	0	0	0	0	0	
363	2026-05-07 21:20:11.569	2026-05-07 21:20:11.631	2	0	0	0	0	0	0	0	0	0	0	0	0	
363	2026-05-07 21:20:24.610	2026-05-07 21:20:25.687	1	0	0	0	0	0	0	0	0	0	0	0	0	
363	2026-05-07 21:20:37.418	2026-05-07 21:20:41.209	2	0	0	0	0	20	0.349999999627471	2.6832046	0	0	0	0	0	2026-05-07 21:20:37.824
363	2026-05-07 21:20:58.603	2026-05-07 21:20:59.586	2	0	0	0	0	6	0.30799999833107	0.7644013	0	0	0	0	0	2026-05-07 21:20:58.806
357	2026-05-07 21:17:13.838	2026-05-07 21:17:14.992	4	0	0	0	0	0	0	0	0	0	0	0	0	
366	2026-05-07 21:22:23.389	2026-05-07 21:22:37.694	3	0	0	0	0	45	0.658000016584992	7.9248138	0	0	0	0	0	2026-05-07 21:22:24.138
366	2026-05-07 21:22:42.015	2026-05-07 21:22:42.171	3	0	0	0	0	0	0	0	0	0	0	0	0	
366	2026-05-07 21:22:43.139	2026-05-07 21:22:43.185	3	0	0	0	0	0	0	0	0	0	0	0	0	
366	2026-05-07 21:23:01.952	2026-05-07 21:23:02.218	4	0	0	0	0	0	0	0	0	0	0	0	0	
366	2026-05-07 21:23:03.637	2026-05-07 21:23:05.462	4	0	0	0	0	0	0	0	0	0	0	0	0	
368	2026-05-07 21:23:47.832	2026-05-07 21:23:47.926	2	0	0	0	0	0	0	0	0	0	0	0	0	
368	2026-05-07 21:23:50.156	2026-05-07 21:23:54.930	2	0	0	0	0	20	0.280000001192093	3.0486054	0	0	0	0	0	2026-05-07 21:23:51.404
368	2026-05-07 21:24:03.962	2026-05-07 21:24:04.040	1	0	0	0	0	0	0	0	0	0	0	0	0	
364	2026-05-07 21:20:35.383	2026-05-07 21:21:18.021	8	0	0	0	0	0	0	0	0	0	0	0	0	
364	2026-05-07 21:21:29.990	2026-05-07 21:24:42.245	8	0	0	0	0	0	0	0	0	0	0	0	0	
367	2026-05-07 21:23:29.970	2026-05-07 21:23:30.688	3	0	0	0	0	0	0	0	0	0	0	0	0	
367	2026-05-07 21:24:44.959	2026-05-07 21:24:45.802	4	0	0	0	0	1	0.0140000004321337	0.2340004	0	0	0	0	0	2026-05-07 21:24:45.240
367	2026-05-07 21:24:46.816	2026-05-07 21:24:47.549	4	0	0	0	0	2	0.0280000008642673	0.2964005	0	0	0	0	0	2026-05-07 21:24:47.237
369	2026-05-07 21:24:53.274	2026-05-07 21:24:56.628	2	0	0	0	0	19	0.61599999666214	2.1372037	0	0	0	0	0	2026-05-07 21:24:54.117
371	2026-05-07 21:25:16.050	2026-05-07 21:25:16.315	4	0	0	0	0	0	0	0	0	0	0	0	0	
371	2026-05-07 21:25:16.612	2026-05-07 21:25:16.815	4	0	0	0	0	0	0	0	0	0	0	0	0	
355	2026-05-07 21:15:53.591	2026-05-07 21:15:53.638	6	0	0	0	0	0	0	0	0	0	0	0	0	
355	2026-05-07 21:15:55.338	2026-05-07 21:15:55.650	5	0	0	0	0	0	0	0	0	0	0	0	0	
355	2026-05-07 21:16:24.308	2026-05-07 21:16:25.353	5	0	0	0	0	0	0	0	0	0	0	0	0	
355	2026-05-07 21:20:35.390	2026-05-07 21:20:39.337	6	0	0	0	0	17	0.238000003620982	2.5896045	0	0	0	0	0	2026-05-07 21:20:35.780
370	2026-05-07 21:25:01.870	2026-05-07 21:25:01.885	1	0	0	0	0	0	0	0	0	0	0	0	0	
370	2026-05-07 21:25:03.523	2026-05-07 21:25:11.292	2	0	0	0	0	15	0.21000000461936	2.4608043	0	0	0	0	0	2026-05-07 21:25:03.991
370	2026-05-07 21:25:12.712	2026-05-07 21:25:13.632	1	0	0	0	0	0	0	0	0	0	0	0	0	
370	2026-05-07 21:27:53.064	2026-05-07 21:27:56.902	2	0	0	0	0	11	0.15400000102818	1.5288028	0	0	0	0	0	2026-05-07 21:27:53.392
370	2026-05-07 21:28:00.755	2026-05-07 21:28:03.376	2	0	0	0	0	8	0.112000001594424	1.0140017	0	0	0	0	0	2026-05-07 21:28:01.332
374	2026-05-07 21:29:10.066	2026-05-07 21:29:24.434	5	0	0	0	0	32	0.490000011399388	5.8606104	0	0	0	0	0	2026-05-07 21:29:10.815
374	2026-05-07 21:29:33.965	2026-05-07 21:33:33.207	6	0	0	0	0	0	0	0	0	0	0	0	0	
374	2026-05-07 21:33:33.254	2026-05-07 21:33:33.348	6	0	0	0	0	0	0	0	0	0	0	0	0	
373	2026-05-07 21:28:17.666	2026-05-07 21:28:17.759	3	0	0	0	0	0	0	0	0	0	0	0	0	
373	2026-05-07 21:28:17.837	2026-05-07 21:28:25.107	3	0	0	0	0	18	0.294000003486872	3.447606	0	0	0	0	0	2026-05-07 21:28:18.773
373	2026-05-07 21:28:29.756	2026-05-07 21:28:30.520	3	0	0	0	0	0	0	0	0	0	0	0	0	
373	2026-05-07 21:29:22.453	2026-05-07 21:29:27.710	3	0	0	0	0	42	2.21199989318848	5.0232088	0	0	0	0	0	2026-05-07 21:29:22.687
376	2026-05-07 21:34:33.236	2026-05-07 21:34:45.061	5	0	0	0	0	93	5.43199977278709	11.40062	0	0	0	0	0	2026-05-07 21:34:33.595
376	2026-05-07 21:34:48.337	2026-05-07 21:34:48.384	6	0	0	0	0	0	0	0	0	0	0	0	0	
376	2026-05-07 21:34:48.649	2026-05-07 21:34:48.774	6	0	0	0	0	0	0	0	0	0	0	0	0	
376	2026-05-07 21:34:49.336	2026-05-07 21:34:49.476	6	0	0	0	0	0	0	0	0	0	0	0	0	
376	2026-05-07 21:34:49.757	2026-05-07 21:34:49.882	6	0	0	0	0	0	0	0	0	0	0	0	0	
376	2026-05-07 21:34:50.428	2026-05-07 21:34:50.708	6	0	0	0	0	0	0	0	0	0	0	0	0	
376	2026-05-07 21:34:50.724	2026-05-07 21:34:52.830	6	0	0	0	0	0	0	0	0	0	0	0	0	
376	2026-05-07 21:34:54.998	2026-05-07 21:34:55.373	6	0	0	0	0	0	0	0	0	0	0	0	0	
376	2026-05-07 21:34:55.435	2026-05-07 21:34:55.576	6	0	0	0	0	0	0	0	0	0	0	0	0	
376	2026-05-07 21:34:55.763	2026-05-07 21:34:57.588	6	0	0	0	0	0	0	0	0	0	0	0	0	
376	2026-05-07 21:34:57.900	2026-05-07 21:35:00.599	6	0	0	0	0	0	0	0	0	0	0	0	0	
372	2026-05-07 21:26:39.573	2026-05-07 21:26:39.729	7	0	0	0	0	0	0	0	0	0	0	0	0	
372	2026-05-07 21:35:04.109	2026-05-07 21:35:04.249	8	0	0	0	0	0	0	0	0	0	0	0	0	
372	2026-05-07 21:35:14.592	2026-05-07 21:35:14.623	8	0	0	0	0	0	0	0	0	0	0	0	0	
372	2026-05-07 21:35:14.639	2026-05-07 21:35:14.904	8	0	0	0	0	0	0	0	0	0	0	0	0	
372	2026-05-07 21:35:34.295	2026-05-07 21:35:34.326	8	0	0	0	0	0	0	0	0	0	0	0	0	
372	2026-05-07 21:35:44.887	2026-05-07 21:35:44.965	8	0	0	0	0	0	0	0	0	0	0	0	0	
372	2026-05-07 21:35:45.121	2026-05-07 21:35:45.168	8	0	0	0	0	0	0	0	0	0	0	0	0	
372	2026-05-07 21:35:45.262	2026-05-07 21:35:45.371	8	0	0	0	0	0	0	0	0	0	0	0	0	
372	2026-05-07 21:35:59.380	2026-05-07 21:36:06.228	7	0	0	0	0	46	2.68799996376038	6.255611	0	0	0	0	0	2026-05-07 21:35:59.707
372	2026-05-07 21:36:07.601	2026-05-07 21:36:07.679	7	0	0	0	0	0	0	0	0	0	0	0	0	
372	2026-05-07 21:36:07.695	2026-05-07 21:36:09.863	7	0	0	0	0	13	0.741999983787537	1.8876033	0	0	0	0	0	2026-05-07 21:36:07.944
372	2026-05-07 21:37:27.832	2026-05-07 21:37:27.941	8	0	0	0	0	0	0	0	0	0	0	0	0	
372	2026-05-07 21:37:28.113	2026-05-07 21:37:28.175	8	0	0	0	0	0	0	0	0	0	0	0	0	
372	2026-05-07 21:37:28.206	2026-05-07 21:37:28.253	8	0	0	0	0	0	0	0	0	0	0	0	0	
372	2026-05-07 21:37:30.000	2026-05-07 21:37:30.375	8	0	0	0	0	0	0	0	0	0	0	0	0	
372	2026-05-07 21:37:31.123	2026-05-07 21:37:31.201	8	0	0	0	0	0	0	0	0	0	0	0	0	
380	2026-05-07 21:39:21.182	2026-05-07 21:39:21.291	7	0	0	0	0	0	0	0	0	0	0	0	0	
380	2026-05-07 21:39:22.476	2026-05-07 21:39:22.617	8	0	0	0	0	0	0	0	0	0	0	0	0	
380	2026-05-07 21:39:22.773	2026-05-07 21:39:24.536	8	0	0	0	0	0	0	0	0	0	0	0	0	
379	2026-05-07 21:35:23.203	2026-05-07 21:35:23.375	5	0	0	0	0	0	0	0	0	0	0	0	0	
379	2026-05-07 21:35:25.169	2026-05-07 21:35:25.730	6	0	0	0	0	0	0	0	0	0	0	0	0	
379	2026-05-07 21:35:25.855	2026-05-07 21:35:30.067	6	0	0	0	0	7	0.0980000011622906	1.1856021	0	0	0	0	0	2026-05-07 21:35:26.932
379	2026-05-07 21:36:25.681	2026-05-07 21:36:32.280	6	0	0	0	0	12	0.168000005185604	2.1684039	0	0	0	0	0	2026-05-07 21:36:26.103
379	2026-05-07 21:38:15.974	2026-05-07 21:38:21.839	6	0	0	0	0	3	0.126000002026558	0.4680008	0	0	0	0	0	2026-05-07 21:38:16.676
379	2026-05-07 21:38:23.415	2026-05-07 21:38:26.207	6	0	0	0	0	0	0	0	0	0	0	0	0	
378	2026-05-07 21:35:01.675	2026-05-07 21:35:08.898	3	0	0	0	0	22	0.308000007644296	3.9312068	0	0	0	0	0	2026-05-07 21:35:02.518
378	2026-05-07 21:35:18.726	2026-05-07 21:35:18.944	4	0	0	0	0	0	0	0	0	0	0	0	0	
378	2026-05-07 21:35:26.479	2026-05-07 21:35:27.322	3	0	0	0	0	3	0.0419999994337559	0.4056007	0	0	0	0	0	2026-05-07 21:35:26.791
378	2026-05-07 21:36:45.244	2026-05-07 21:37:32.387	3	0	0	0	0	0	0	0	0	0	0	0	0	
378	2026-05-07 21:37:38.034	2026-05-07 21:37:40.795	4	0	0	0	0	0	0	0	0	0	0	0	0	
378	2026-05-07 21:37:40.858	2026-05-07 21:37:40.951	4	0	0	0	0	0	0	0	0	0	0	0	0	
378	2026-05-07 21:37:41.139	2026-05-07 21:37:42.168	4	0	0	0	0	0	0	0	0	0	0	0	0	
378	2026-05-07 21:41:43.142	2026-05-07 21:41:43.235	3	0	0	0	0	0	0	0	0	0	0	0	0	
378	2026-05-07 21:41:47.104	2026-05-07 21:41:47.416	3	0	0	0	0	0	0	0	0	0	0	0	0	
378	2026-05-07 21:41:47.510	2026-05-07 21:41:48.290	3	0	0	0	0	0	0	0	0	0	0	0	0	
378	2026-05-07 21:41:48.758	2026-05-07 21:41:49.304	3	0	0	0	0	0	0	0	0	0	0	0	0	
378	2026-05-07 21:41:49.366	2026-05-07 21:41:50.146	3	0	0	0	0	0	0	0	0	0	0	0	0	
378	2026-05-07 21:41:51.800	2026-05-07 21:41:52.206	4	0	0	0	0	0	0	0	0	0	0	0	0	
378	2026-05-07 21:41:52.845	2026-05-07 21:41:52.908	4	0	0	0	0	0	0	0	0	0	0	0	0	
378	2026-05-07 21:41:53.188	2026-05-07 21:41:53.454	4	0	0	0	0	0	0	0	0	0	0	0	0	
378	2026-05-07 21:41:55.716	2026-05-07 21:41:56.090	4	0	0	0	0	0	0	0	0	0	0	0	0	
378	2026-05-07 21:41:56.199	2026-05-07 21:41:56.558	4	0	0	0	0	0	0	0	0	0	0	0	0	
378	2026-05-07 21:41:56.839	2026-05-07 21:41:57.681	4	0	0	0	0	0	0	0	0	0	0	0	0	
378	2026-05-07 21:42:04.545	2026-05-07 21:42:04.654	4	0	0	0	0	0	0	0	0	0	0	0	0	
382	2026-05-07 21:40:48.526	2026-05-07 21:40:58.385	5	0	0	0	0	72	3.86400008201599	8.4396149	0	0	0	0	0	2026-05-07 21:40:49.868
383	2026-05-07 21:43:31.968	2026-05-07 21:43:36.882	3	0	0	0	0	15	0.21000000089407	2.6988049	0	0	0	0	0	2026-05-07 21:43:32.404
383	2026-05-07 21:43:53.652	2026-05-07 21:43:53.761	3	0	0	0	0	0	0	0	0	0	0	0	0	
385	2026-05-07 21:44:17.457	2026-05-07 21:44:18.128	6	0	0	0	0	0	0	0	0	0	0	0	0	
384	2026-05-07 21:44:07.193	2026-05-07 21:44:07.271	4	0	0	0	0	0	0	0	0	0	0	0	0	
384	2026-05-07 21:44:08.987	2026-05-07 21:44:09.657	3	0	0	0	0	0	0	0	0	0	0	0	0	
384	2026-05-07 21:44:10.313	2026-05-07 21:44:10.703	3	0	0	0	0	0	0	0	0	0	0	0	0	
387	2026-05-07 21:44:28.159	2026-05-07 21:44:34.961	6	0	0	0	0	11	0.15400000475347	2.2932041	0	0	0	0	0	2026-05-07 21:44:29.157
387	2026-05-07 21:44:40.436	2026-05-07 21:44:40.686	6	0	0	0	0	0	0	0	0	0	0	0	0	
388	2026-05-07 21:44:44.087	2026-05-07 21:44:51.091	4	0	0	0	0	25	1.27400004863739	3.0888055	0	0	0	0	0	2026-05-07 21:44:44.321
388	2026-05-07 21:44:51.294	2026-05-07 21:44:53.135	4	0	0	0	0	0	0	0	0	0	0	0	0	
388	2026-05-07 21:44:54.773	2026-05-07 21:44:54.929	3	0	0	0	0	0	0	0	0	0	0	0	0	
388	2026-05-07 21:44:57.659	2026-05-07 21:45:00.888	3	0	0	0	0	16	0.69999998062849	2.2152039	0	0	0	0	0	2026-05-07 21:44:58.127
388	2026-05-07 21:45:04.055	2026-05-07 21:45:04.148	4	0	0	0	0	0	0	0	0	0	0	0	0	
381	2026-05-07 21:39:36.345	2026-05-07 21:39:36.392	8	0	0	0	0	0	0	0	0	0	0	0	0	
381	2026-05-07 21:39:36.782	2026-05-07 21:39:37.187	8	0	0	0	0	0	0	0	0	0	0	0	0	
381	2026-05-07 21:39:38.357	2026-05-07 21:39:38.466	7	0	0	0	0	0	0	0	0	0	0	0	0	
381	2026-05-07 21:39:38.498	2026-05-07 21:39:44.878	7	0	0	0	0	48	2.57600000500679	5.67841	0	0	0	0	0	2026-05-07 21:39:38.888
381	2026-05-07 21:41:26.341	2026-05-07 21:41:33.454	8	0	0	0	0	18	0.252000002190471	2.948405	0	0	0	0	0	2026-05-07 21:41:27.869
381	2026-05-07 21:41:36.574	2026-05-07 21:41:37.011	7	0	0	0	0	0	0	0	0	0	0	0	0	
381	2026-05-07 21:41:58.570	2026-05-07 21:41:58.945	8	0	0	0	0	0	0	0	0	0	0	0	0	
381	2026-05-07 21:41:59.896	2026-05-07 21:41:59.959	8	0	0	0	0	0	0	0	0	0	0	0	0	
381	2026-05-07 21:42:00.177	2026-05-07 21:42:01.160	8	0	0	0	0	0	0	0	0	0	0	0	0	
381	2026-05-07 21:42:01.534	2026-05-07 21:42:02.299	8	0	0	0	0	0	0	0	0	0	0	0	0	
381	2026-05-07 21:42:02.330	2026-05-07 21:42:02.486	8	0	0	0	0	0	0	0	0	0	0	0	0	
381	2026-05-07 21:42:19.833	2026-05-07 21:42:20.301	8	0	0	0	0	0	0	0	0	0	0	0	0	
391	2026-05-07 21:46:36.266	2026-05-07 21:46:37.436	4	0	0	0	0	0	0	0	0	0	0	0	0	
390	2026-05-07 21:46:20.698	2026-05-07 21:46:34.223	8	0	0	0	0	0	0	0	0	0	0	0	0	
390	2026-05-07 21:46:34.488	2026-05-07 21:46:36.906	8	0	0	0	0	0	0	0	0	0	0	0	0	
393	2026-05-07 21:48:04.181	2026-05-07 21:48:04.282	7	0	0	0	0	0	0	0	0	0	0	0	0	
393	2026-05-07 21:48:04.438	2026-05-07 21:48:04.703	7	0	0	0	0	0	0	0	0	0	0	0	0	
393	2026-05-07 21:48:05.717	2026-05-07 21:48:11.801	7	0	0	0	0	9	0.126000003889203	1.8096032	0	0	0	0	0	2026-05-07 21:48:07.807
393	2026-05-07 21:48:13.158	2026-05-07 21:48:13.345	7	0	0	0	0	0	0	0	0	0	0	0	0	
393	2026-05-07 21:48:13.423	2026-05-07 21:48:13.501	7	0	0	0	0	0	0	0	0	0	0	0	0	
393	2026-05-07 21:48:30.271	2026-05-07 21:48:30.287	8	0	0	0	0	0	0	0	0	0	0	0	0	
392	2026-05-07 21:46:50.728	2026-05-07 21:47:02.240	3	0	0	0	0	84	4.92799997329712	10.7172188	0	0	0	0	0	2026-05-07 21:46:51.242
392	2026-05-07 21:47:08.574	2026-05-07 21:47:08.636	3	0	0	0	0	0	0	0	0	0	0	0	0	
392	2026-05-07 21:47:08.761	2026-05-07 21:47:08.839	3	0	0	0	0	0	0	0	0	0	0	0	0	
392	2026-05-07 21:47:08.980	2026-05-07 21:47:09.026	3	0	0	0	0	0	0	0	0	0	0	0	0	
392	2026-05-07 21:48:04.188	2026-05-07 21:48:04.275	3	0	0	0	0	0	0	0	0	0	0	0	0	
392	2026-05-07 21:48:04.329	2026-05-07 21:48:04.344	3	0	0	0	0	0	0	0	0	0	0	0	0	
392	2026-05-07 21:48:04.469	2026-05-07 21:48:05.873	3	0	0	0	0	0	0	0	0	0	0	0	0	
392	2026-05-07 21:48:11.583	2026-05-07 21:48:15.857	3	0	0	0	0	28	1.54000005125999	3.5468063	0	0	0	0	0	2026-05-07 21:48:12.300
392	2026-05-07 21:48:21.036	2026-05-07 21:48:21.052	3	0	0	0	0	0	0	0	0	0	0	0	0	
392	2026-05-07 21:48:29.211	2026-05-07 21:48:29.835	4	0	0	0	0	0	0	0	0	0	0	0	0	
394	2026-05-07 21:49:49.379	2026-05-07 21:49:49.972	8	0	0	0	0	0	0	0	0	0	0	0	0	
394	2026-05-07 21:49:51.563	2026-05-07 21:49:57.320	7	0	0	0	0	10	0.140000004321337	2.0396037	0	0	0	0	0	2026-05-07 21:49:52.172
394	2026-05-07 21:49:59.582	2026-05-07 21:50:00.596	8	0	0	0	0	0	0	0	0	0	0	0	0	
394	2026-05-07 21:50:01.984	2026-05-07 21:50:02.374	7	0	0	0	0	0	0	0	0	0	0	0	0	
394	2026-05-07 21:50:02.548	2026-05-07 21:50:02.561	7	0	0	0	0	0	0	0	0	0	0	0	0	
377	2026-05-07 21:49:51.922	2026-05-07 21:49:55.978	1	0	0	0	0	13	0.182000001892447	2.1810038	0	0	0	0	0	2026-05-07 21:49:52.125
397	2026-05-07 21:50:20.220	2026-05-07 21:50:20.673	4	0	0	0	0	0	0	0	0	0	0	0	0	
397	2026-05-07 21:50:20.657	2026-05-07 21:50:20.829	3	0	0	0	0	0	0	0	0	0	0	0	0	
397	2026-05-07 21:50:20.876	2026-05-07 21:50:21.094	3	0	0	0	0	0	0	0	0	0	0	0	0	
389	2026-05-07 21:45:21.168	2026-05-07 21:45:23.508	5	0	0	0	0	0	0	0	0	0	0	0	0	
389	2026-05-07 21:45:25.068	2026-05-07 21:45:32.743	6	0	0	0	0	12	0.182000003755093	2.3400041	0	0	0	0	0	2026-05-07 21:45:26.628
389	2026-05-07 21:45:39.701	2026-05-07 21:45:39.748	6	0	0	0	0	0	0	0	0	0	0	0	0	
395	2026-05-07 21:50:04.199	2026-05-07 21:50:04.386	8	0	0	0	0	0	0	0	0	0	0	0	0	
395	2026-05-07 21:50:08.786	2026-05-07 21:50:15.790	7	0	0	0	0	52	2.73000001907349	5.9748105	0	0	0	0	0	2026-05-07 21:50:09.519
395	2026-05-07 21:50:19.534	2026-05-07 21:50:20.720	8	0	0	0	0	1	0.0839999988675117	0.2808005	0	0	0	0	0	2026-05-07 21:50:20.080
395	2026-05-07 21:50:19.347	2026-05-07 21:50:20.860	7	0	0	0	0	0	0	0	0	0	0	0	0	
395	2026-05-07 21:50:21.328	2026-05-07 21:50:22.233	8	0	0	0	0	0	0	0	0	0	0	0	0	
395	2026-05-07 21:50:21.656	2026-05-07 21:50:24.386	7	0	0	0	0	0	0	0	0	0	0	0	0	
395	2026-05-07 21:50:24.963	2026-05-07 21:50:24.994	8	0	0	0	0	0	0	0	0	0	0	0	0	
395	2026-05-07 21:50:25.056	2026-05-07 21:50:25.400	8	0	0	0	0	0	0	0	0	0	0	0	0	
395	2026-05-07 21:50:30.516	2026-05-07 21:50:31.109	8	0	0	0	0	0	0	0	0	0	0	0	0	
395	2026-05-07 21:50:39.580	2026-05-07 21:50:39.752	8	0	0	0	0	0	0	0	0	0	0	0	0	
395	2026-05-07 21:50:39.798	2026-05-07 21:50:39.861	8	0	0	0	0	0	0	0	0	0	0	0	0	
395	2026-05-07 21:50:39.939	2026-05-07 21:50:40.734	8	0	0	0	0	0	0	0	0	0	0	0	0	
395	2026-05-07 21:50:42.248	2026-05-07 21:50:46.756	7	0	0	0	0	22	1.23199999332428	2.5428044	0	0	0	0	0	2026-05-07 21:50:42.731
395	2026-05-07 21:50:47.255	2026-05-07 21:50:47.396	7	0	0	0	0	0	0	0	0	0	0	0	0	
398	2026-05-07 21:50:41.873	2026-05-07 21:50:44.385	5	0	0	0	0	0	0	0	0	0	0	0	0	
396	2026-05-07 21:50:14.355	2026-05-07 21:50:15.119	1	0	0	0	0	0	0	0	0	0	0	0	0	
396	2026-05-07 21:50:22.358	2026-05-07 21:50:25.680	2	0	0	0	0	23	1.21800005435944	2.8860051	0	0	0	0	0	2026-05-07 21:50:22.685
396	2026-05-07 21:50:31.780	2026-05-07 21:50:33.480	2	0	0	0	0	0	0	0	0	0	0	0	0	
396	2026-05-07 21:51:13.136	2026-05-07 21:51:13.448	1	0	0	0	0	0	0	0	0	0	0	0	0	
403	2026-05-07 21:52:02.135	2026-05-07 21:52:02.323	7	0	0	0	0	0	0	0	0	0	0	0	0	
403	2026-05-07 21:52:03.555	2026-05-07 21:52:03.586	8	0	0	0	0	0	0	0	0	0	0	0	0	
403	2026-05-07 21:52:03.820	2026-05-07 21:52:03.945	8	0	0	0	0	0	0	0	0	0	0	0	0	
403	2026-05-07 21:52:04.101	2026-05-07 21:52:16.160	8	0	0	0	0	91	5.08199992775917	11.3568201	0	0	0	0	0	2026-05-07 21:52:04.522
405	2026-05-07 21:54:48.650	2026-05-07 21:54:54.219	7	0	0	0	0	27	0.434000005945563	3.7496066	0	0	0	0	0	2026-05-07 21:54:49.352
401	2026-05-07 21:51:26.645	2026-05-07 21:51:26.786	5	0	0	0	0	0	0	0	0	0	0	0	0	
401	2026-05-07 21:51:28.143	2026-05-07 21:51:28.174	5	0	0	0	0	0	0	0	0	0	0	0	0	
401	2026-05-07 21:51:28.205	2026-05-07 21:51:28.829	5	0	0	0	0	0	0	0	0	0	0	0	0	
401	2026-05-07 21:51:29.859	2026-05-07 21:51:31.076	5	0	0	0	0	0	0	0	0	0	0	0	0	
401	2026-05-07 21:51:49.531	2026-05-07 21:51:52.807	5	0	0	0	0	21	1.07199999690056	2.9444052	0	0	0	0	0	2026-05-07 21:51:49.827
407	2026-05-07 21:55:21.753	2026-05-07 21:55:21.847	6	0	0	0	0	0	0	0	0	0	0	0	0	
407	2026-05-07 21:55:22.143	2026-05-07 21:55:22.627	6	0	0	0	0	0	0	0	0	0	0	0	0	
407	2026-05-07 21:55:25.685	2026-05-07 21:55:26.496	5	0	0	0	0	0	0	0	0	0	0	0	0	
406	2026-05-07 21:55:11.879	2026-05-07 21:55:11.941	8	0	0	0	0	0	0	0	0	0	0	0	0	
406	2026-05-07 21:55:15.451	2026-05-07 21:55:15.888	8	0	0	0	0	0	0	0	0	0	0	0	0	
406	2026-05-07 21:55:15.981	2026-05-07 21:55:16.169	8	0	0	0	0	0	0	0	0	0	0	0	0	
406	2026-05-07 21:55:16.309	2026-05-07 21:55:18.477	8	0	0	0	0	0	0	0	0	0	0	0	0	
406	2026-05-07 21:55:18.899	2026-05-07 21:55:19.179	8	0	0	0	0	0	0	0	0	0	0	0	0	
406	2026-05-07 21:55:19.429	2026-05-07 21:55:19.694	8	0	0	0	0	0	0	0	0	0	0	0	0	
406	2026-05-07 21:55:19.741	2026-05-07 21:55:19.772	8	0	0	0	0	0	0	0	0	0	0	0	0	
406	2026-05-07 21:55:20.786	2026-05-07 21:55:20.958	8	0	0	0	0	0	0	0	0	0	0	0	0	
406	2026-05-07 21:55:21.083	2026-05-07 21:55:21.176	8	0	0	0	0	0	0	0	0	0	0	0	0	
406	2026-05-07 21:56:04.622	2026-05-07 21:56:05.059	8	0	0	0	0	0	0	0	0	0	0	0	0	
406	2026-05-07 21:56:06.978	2026-05-07 21:56:34.465	8	0	0	0	0	0	0	0	0	0	0	0	0	
409	2026-05-07 21:56:36.228	2026-05-07 21:56:36.243	8	0	0	0	0	0	0	0	0	0	0	0	0	
404	2026-05-07 21:52:46.970	2026-05-07 21:52:58.015	1	0	0	0	0	82	4.59200000762939	10.6080186	0	0	0	0	0	2026-05-07 21:52:47.219
404	2026-05-07 21:53:10.588	2026-05-07 21:53:11.493	1	0	0	0	0	3	0.111999999731779	0.561601	0	0	0	0	0	2026-05-07 21:53:10.916
404	2026-05-07 21:53:19.090	2026-05-07 21:53:22.460	2	0	0	0	0	12	0.587999999523163	1.5600027	0	0	0	0	0	2026-05-07 21:53:19.434
404	2026-05-07 21:54:11.850	2026-05-07 21:54:12.099	2	0	0	0	0	0	0	0	0	0	0	0	0	
404	2026-05-07 21:54:12.208	2026-05-07 21:54:12.255	2	0	0	0	0	0	0	0	0	0	0	0	0	
404	2026-05-07 21:54:47.199	2026-05-07 21:54:47.324	2	0	0	0	0	0	0	0	0	0	0	0	0	
404	2026-05-07 21:55:06.169	2026-05-07 21:55:06.309	2	0	0	0	0	0	0	0	0	0	0	0	0	
404	2026-05-07 21:56:24.091	2026-05-07 21:56:24.871	2	0	0	0	0	0	0	0	0	0	0	0	0	
411	2026-05-07 21:56:57.475	2026-05-07 21:57:03.653	2	0	0	0	0	11	0.154000002890825	1.9968036	0	0	0	0	0	2026-05-07 21:56:58.146
411	2026-05-07 21:57:06.367	2026-05-07 21:57:06.414	1	0	0	0	0	0	0	0	0	0	0	0	0	
411	2026-05-07 21:57:06.554	2026-05-07 21:57:06.617	1	0	0	0	0	0	0	0	0	0	0	0	0	
411	2026-05-07 21:57:06.648	2026-05-07 21:57:06.679	1	0	0	0	0	0	0	0	0	0	0	0	0	
411	2026-05-07 21:57:21.655	2026-05-07 21:57:21.780	2	0	0	0	0	0	0	0	0	0	0	0	0	
411	2026-05-07 21:57:23.558	2026-05-07 21:57:23.605	2	0	0	0	0	0	0	0	0	0	0	0	0	
411	2026-05-07 21:57:25.384	2026-05-07 21:57:26.788	2	0	0	0	0	0	0	0	0	0	0	0	0	
411	2026-05-07 21:57:28.082	2026-05-07 21:57:28.426	2	0	0	0	0	0	0	0	0	0	0	0	0	
411	2026-05-07 21:57:32.747	2026-05-07 21:57:34.478	2	0	0	0	0	14	0.433999985456467	1.4508025	0	0	0	0	0	2026-05-07 21:57:33.012
408	2026-05-07 21:55:57.961	2026-05-07 21:56:05.262	5	0	0	0	0	54	2.5620000064373	6.6300116	0	0	0	0	0	2026-05-07 21:55:58.335
408	2026-05-07 21:56:39.956	2026-05-07 21:56:46.961	6	0	0	0	0	50	2.67399987578392	6.3538112	0	0	0	0	0	2026-05-07 21:56:40.424
408	2026-05-07 21:57:40.843	2026-05-07 21:57:40.874	6	0	0	0	0	0	0	0	0	0	0	0	0	
408	2026-05-07 21:58:25.662	2026-05-07 21:58:25.709	5	0	0	0	0	0	0	0	0	0	0	0	0	
408	2026-05-07 21:58:25.740	2026-05-07 21:58:25.771	5	0	0	0	0	0	0	0	0	0	0	0	0	
410	2026-05-07 21:56:50.954	2026-05-07 21:57:02.374	8	0	0	0	0	28	0.392000006511807	4.9920089	0	0	0	0	0	2026-05-07 21:56:51.703
410	2026-05-07 21:57:14.905	2026-05-07 21:57:14.916	8	0	0	0	0	0	0	0	0	0	0	0	0	
410	2026-05-07 21:57:14.978	2026-05-07 21:57:15.290	8	0	0	0	0	0	0	0	0	0	0	0	0	
410	2026-05-07 21:57:15.119	2026-05-07 21:57:15.353	7	0	0	0	0	0	0	0	0	0	0	0	0	
410	2026-05-07 21:57:15.415	2026-05-07 21:57:15.540	7	0	0	0	0	0	0	0	0	0	0	0	0	
410	2026-05-07 21:57:24.104	2026-05-07 21:57:26.179	7	0	0	0	0	13	0.741999983787537	1.6692029	0	0	0	0	0	2026-05-07 21:57:24.416
410	2026-05-07 21:57:29.689	2026-05-07 21:57:33.605	7	0	0	0	0	28	1.53999996185303	3.432006	0	0	0	0	0	2026-05-07 21:57:30.173
410	2026-05-07 21:57:46.225	2026-05-07 21:57:48.596	7	0	0	0	0	0	0	0	0	0	0	0	0	
410	2026-05-07 21:57:52.418	2026-05-07 21:57:52.496	7	0	0	0	0	0	0	0	0	0	0	0	0	
410	2026-05-07 21:58:33.758	2026-05-07 21:58:33.883	7	0	0	0	0	0	0	0	0	0	0	0	0	
413	2026-05-07 21:58:50.107	2026-05-07 21:58:50.185	1	0	0	0	0	0	0	0	0	0	0	0	0	
413	2026-05-07 21:58:49.936	2026-05-07 21:58:50.248	2	0	0	0	0	0	0	0	0	0	0	0	0	
413	2026-05-07 21:58:50.263	2026-05-07 21:58:50.497	1	0	0	0	0	0	0	0	0	0	0	0	0	
413	2026-05-07 21:58:55.053	2026-05-07 21:58:58.516	1	0	0	0	0	29	1.28799998760223	3.0888055	0	0	0	0	0	2026-05-07 21:58:55.427
413	2026-05-07 21:59:02.837	2026-05-07 21:59:03.243	1	0	0	0	0	0	0	0	0	0	0	0	0	
413	2026-05-07 21:59:08.219	2026-05-07 21:59:08.937	2	0	0	0	0	0	0	0	0	0	0	0	0	
412	2026-05-07 21:58:39.718	2026-05-07 21:58:39.920	5	0	0	0	0	0	0	0	0	0	0	0	0	
412	2026-05-07 21:58:41.792	2026-05-07 21:58:42.650	6	0	0	0	0	0	0	0	0	0	0	0	0	
412	2026-05-07 21:58:51.371	2026-05-07 21:59:02.182	5	0	0	0	0	80	4.99699985980988	10.0464176	0	0	0	0	0	2026-05-07 21:58:51.605
414	2026-05-07 21:59:58.981	2026-05-07 21:59:59.106	2	0	0	0	0	0	0	0	0	0	0	0	0	
414	2026-05-07 22:00:05.487	2026-05-07 22:00:05.580	1	0	0	0	0	0	0	0	0	0	0	0	0	
414	2026-05-07 22:00:05.658	2026-05-07 22:00:12.756	1	0	0	0	0	54	3.00999999046326	6.4272113	0	0	0	0	0	2026-05-07 22:00:06.173
414	2026-05-07 22:01:00.056	2026-05-07 22:01:00.414	2	0	0	0	0	0	0	0	0	0	0	0	0	
414	2026-05-07 22:01:00.929	2026-05-07 22:01:03.472	2	0	0	0	0	17	0.588000001385808	1.9188034	0	0	0	0	0	2026-05-07 22:01:01.288
414	2026-05-07 22:01:05.469	2026-05-07 22:01:06.342	2	0	0	0	0	3	0.042000001296401	0.4368008	0	0	0	0	0	2026-05-07 22:01:05.796
417	2026-05-07 22:02:05.279	2026-05-07 22:02:11.472	8	0	0	0	0	15	0.210000002756715	2.7768049	0	0	0	0	0	2026-05-07 22:02:05.638
417	2026-05-07 22:02:16.324	2026-05-07 22:02:16.714	7	0	0	0	0	0	0	0	0	0	0	0	0	
417	2026-05-07 22:02:30.405	2026-05-07 22:02:38.913	8	0	0	0	0	79	2.35199994780123	7.6284135	0	0	0	0	0	2026-05-07 22:02:30.926
417	2026-05-07 22:03:04.918	2026-05-07 22:03:05.745	8	0	0	0	0	0	0	0	0	0	0	0	0	
417	2026-05-07 22:03:05.948	2026-05-07 22:03:06.322	8	0	0	0	0	0	0	0	0	0	0	0	0	
418	2026-05-07 22:03:41.563	2026-05-07 22:03:42.233	7	0	0	0	0	0	0	0	0	0	0	0	0	
418	2026-05-07 22:03:45.946	2026-05-07 22:03:54.838	8	0	0	0	0	52	0.826000014320016	6.6768117	0	0	0	0	0	2026-05-07 22:03:47.179
418	2026-05-07 22:03:56.617	2026-05-07 22:03:58.754	8	0	0	0	0	5	0.0700000021606684	0.9204016	0	0	0	0	0	2026-05-07 22:03:57.194
419	2026-05-07 22:04:00.283	2026-05-07 22:04:00.423	7	0	0	0	0	0	0	0	0	0	0	0	0	
419	2026-05-07 22:04:03.730	2026-05-07 22:04:04.073	7	0	0	0	0	0	0	0	0	0	0	0	0	
420	2026-05-07 22:04:17.396	2026-05-07 22:04:18.082	7	0	0	0	0	0	0	0	0	0	0	0	0	
415	2026-05-07 22:03:07.945	2026-05-07 22:05:41.932	6	0	0	0	0	0	0	0	0	0	0	0	0	
415	2026-05-07 22:05:42.494	2026-05-07 22:05:42.759	6	0	0	0	0	0	0	0	0	0	0	0	0	
416	2026-05-07 22:01:15.796	2026-05-07 22:01:24.158	2	0	0	0	0	63	2.77200002968311	7.5972133	0	0	0	0	0	2026-05-07 22:01:16.155
416	2026-05-07 22:02:30.302	2026-05-07 22:02:34.670	1	0	0	0	0	13	0.182000005617738	2.3194041	0	0	0	0	0	2026-05-07 22:02:30.848
422	2026-05-07 22:08:56.418	2026-05-07 22:09:06.184	6	0	0	0	0	7	0.0980000030249357	1.5444027	0	0	0	0	0	2026-05-07 22:08:57.744
422	2026-05-07 22:09:08.274	2026-05-07 22:09:08.352	6	0	0	0	0	0	0	0	0	0	0	0	0	
422	2026-05-07 22:09:08.461	2026-05-07 22:09:08.570	6	0	0	0	0	0	0	0	0	0	0	0	0	
422	2026-05-07 22:09:08.648	2026-05-07 22:09:08.773	6	0	0	0	0	0	0	0	0	0	0	0	0	
423	2026-05-07 22:09:14.405	2026-05-07 22:09:14.826	6	0	0	0	0	0	0	0	0	0	0	0	0	
423	2026-05-07 22:09:14.888	2026-05-07 22:09:15.029	6	0	0	0	0	0	0	0	0	0	0	0	0	
423	2026-05-07 22:09:15.356	2026-05-07 22:09:15.388	6	0	0	0	0	0	0	0	0	0	0	0	0	
423	2026-05-07 22:09:18.913	2026-05-07 22:09:19.038	5	0	0	0	0	0	0	0	0	0	0	0	0	
423	2026-05-07 22:09:19.132	2026-05-07 22:09:21.362	5	0	0	0	0	4	0.181999996304512	0.6552012	0	0	0	0	0	2026-05-07 22:09:19.724
425	2026-05-07 22:09:33.281	2026-05-07 22:09:33.593	6	0	0	0	0	0	0	0	0	0	0	0	0	
425	2026-05-07 22:09:35.246	2026-05-07 22:09:35.730	5	0	0	0	0	0	0	0	0	0	0	0	0	
424	2026-05-07 22:09:15.044	2026-05-07 22:09:22.033	7	0	0	0	0	57	2.61800003051758	6.3492112	0	0	0	0	0	2026-05-07 22:09:15.606
424	2026-05-07 22:09:30.239	2026-05-07 22:09:31.409	7	0	0	0	0	5	0.266000002622604	0.6864012	0	0	0	0	0	2026-05-07 22:09:30.644
424	2026-05-07 22:09:33.218	2026-05-07 22:09:33.250	7	0	0	0	0	0	0	0	0	0	0	0	0	
424	2026-05-07 22:09:59.754	2026-05-07 22:10:01.938	7	0	0	0	0	0	0	0	0	0	0	0	0	
424	2026-05-07 22:09:59.738	2026-05-07 22:10:01.969	8	0	0	0	0	11	0.182000003755093	1.4352026	0	0	0	0	0	2026-05-07 22:10:00.144
424	2026-05-07 22:10:02.016	2026-05-07 22:10:04.122	8	0	0	0	0	0	0	0	0	0	0	0	0	
427	2026-05-07 22:10:59.237	2026-05-07 22:10:59.643	8	0	0	0	0	0	0	0	0	0	0	0	0	
427	2026-05-07 22:10:59.565	2026-05-07 22:10:59.877	7	0	0	0	0	0	0	0	0	0	0	0	0	
426	2026-05-07 22:09:57.929	2026-05-07 22:09:58.100	5	0	0	0	0	0	0	0	0	0	0	0	0	
426	2026-05-07 22:09:58.147	2026-05-07 22:09:58.210	5	0	0	0	0	0	0	0	0	0	0	0	0	
426	2026-05-07 22:09:58.381	2026-05-07 22:10:08.100	5	0	0	0	0	79	4.46600008010864	9.3600165	0	0	0	0	0	2026-05-07 22:09:58.709
429	2026-05-07 22:11:39.719	2026-05-07 22:11:48.096	6	0	0	0	0	33	0.462000004947186	4.5754079	0	0	0	0	0	2026-05-07 22:11:40.608
430	2026-05-07 22:12:19.827	2026-05-07 22:12:20.388	6	0	0	0	0	0	0	0	0	0	0	0	0	
430	2026-05-07 22:12:23.243	2026-05-07 22:12:24.117	5	0	0	0	0	0	0	0	0	0	0	0	0	
430	2026-05-07 22:12:25.505	2026-05-07 22:12:25.552	6	0	0	0	0	0	0	0	0	0	0	0	0	
430	2026-05-07 22:12:25.614	2026-05-07 22:12:25.724	6	0	0	0	0	0	0	0	0	0	0	0	0	
430	2026-05-07 22:12:25.786	2026-05-07 22:12:25.880	5	0	0	0	0	0	0	0	0	0	0	0	0	
421	2026-05-07 22:08:49.570	2026-05-07 22:08:49.694	1	0	0	0	0	0	0	0	0	0	0	0	0	
421	2026-05-07 22:09:55.698	2026-05-07 22:09:55.776	2	0	0	0	0	0	0	0	0	0	0	0	0	
421	2026-05-07 22:10:34.168	2026-05-07 22:11:35.273	2	0	0	0	0	0	0	0	0	0	0	0	0	
432	2026-05-07 22:15:28.961	2026-05-07 22:15:28.993	7	0	0	0	0	0	0	0	0	0	0	0	0	
432	2026-05-07 22:15:29.086	2026-05-07 22:15:29.211	7	0	0	0	0	0	0	0	0	0	0	0	0	
432	2026-05-07 22:15:29.242	2026-05-07 22:15:29.273	7	0	0	0	0	0	0	0	0	0	0	0	0	
432	2026-05-07 22:15:29.367	2026-05-07 22:15:29.398	7	0	0	0	0	0	0	0	0	0	0	0	0	
432	2026-05-07 22:15:29.741	2026-05-07 22:15:29.913	7	0	0	0	0	0	0	0	0	0	0	0	0	
432	2026-05-07 22:15:29.929	2026-05-07 22:15:31.067	7	0	0	0	0	0	0	0	0	0	0	0	0	
432	2026-05-07 22:15:31.161	2026-05-07 22:15:31.223	7	0	0	0	0	0	0	0	0	0	0	0	0	
432	2026-05-07 22:15:31.333	2026-05-07 22:15:32.003	7	0	0	0	0	0	0	0	0	0	0	0	0	
432	2026-05-07 22:15:37.276	2026-05-07 22:15:37.292	7	0	0	0	0	0	0	0	0	0	0	0	0	
432	2026-05-07 22:16:01.488	2026-05-07 22:16:01.503	7	0	0	0	0	0	0	0	0	0	0	0	0	
432	2026-05-07 22:16:01.659	2026-05-07 22:16:01.675	7	0	0	0	0	0	0	0	0	0	0	0	0	
432	2026-05-07 22:16:03.406	2026-05-07 22:16:03.453	7	0	0	0	0	0	0	0	0	0	0	0	0	
432	2026-05-07 22:16:06.651	2026-05-07 22:16:07.104	7	0	0	0	0	0	0	0	0	0	0	0	0	
432	2026-05-07 22:16:07.696	2026-05-07 22:16:07.759	7	0	0	0	0	0	0	0	0	0	0	0	0	
432	2026-05-07 22:16:13.515	2026-05-07 22:16:13.562	7	0	0	0	0	0	0	0	0	0	0	0	0	
432	2026-05-07 22:16:16.869	2026-05-07 22:16:17.010	7	0	0	0	0	0	0	0	0	0	0	0	0	
432	2026-05-07 22:16:17.072	2026-05-07 22:16:18.913	7	0	0	0	0	8	0.448000013828278	1.0140018	0	0	0	0	0	2026-05-07 22:16:17.868
432	2026-05-07 22:16:26.931	2026-05-07 22:16:26.962	7	0	0	0	0	0	0	0	0	0	0	0	0	
432	2026-05-07 22:16:28.086	2026-05-07 22:16:28.117	7	0	0	0	0	0	0	0	0	0	0	0	0	
432	2026-05-07 22:16:28.179	2026-05-07 22:16:28.210	7	0	0	0	0	0	0	0	0	0	0	0	0	
432	2026-05-07 22:16:28.897	2026-05-07 22:16:28.928	7	0	0	0	0	0	0	0	0	0	0	0	0	
432	2026-05-07 22:16:30.878	2026-05-07 22:16:31.362	8	0	0	0	0	0	0	0	0	0	0	0	0	
432	2026-05-07 22:16:32.360	2026-05-07 22:16:32.438	8	0	0	0	0	0	0	0	0	0	0	0	0	
432	2026-05-07 22:16:50.253	2026-05-07 22:16:50.721	8	0	0	0	0	0	0	0	0	0	0	0	0	
432	2026-05-07 22:16:53.545	2026-05-07 22:16:53.560	8	0	0	0	0	0	0	0	0	0	0	0	0	
432	2026-05-07 22:16:53.654	2026-05-07 22:16:53.701	8	0	0	0	0	0	0	0	0	0	0	0	0	
432	2026-05-07 22:16:53.841	2026-05-07 22:16:54.028	8	0	0	0	0	0	0	0	0	0	0	0	0	
432	2026-05-07 22:16:54.200	2026-05-07 22:16:54.356	8	0	0	0	0	0	0	0	0	0	0	0	0	
432	2026-05-07 22:16:54.559	2026-05-07 22:16:55.542	8	0	0	0	0	0	0	0	0	0	0	0	0	
433	2026-05-07 22:16:35.730	2026-05-07 22:16:37.290	2	0	0	0	0	1	0.0280000008642673	0.2028004	0	0	0	0	0	2026-05-07 22:16:36.525
433	2026-05-07 22:16:39.910	2026-05-07 22:16:44.778	1	0	0	0	0	39	1.58200001716614	4.1652073	0	0	0	0	0	2026-05-07 22:16:40.612
434	2026-05-07 22:17:41.655	2026-05-07 22:17:49.502	1	0	0	0	0	8	0.112000003457069	1.5756027	0	0	0	0	0	2026-05-07 22:17:42.498
434	2026-05-07 22:17:52.872	2026-05-07 22:17:53.621	2	0	0	0	0	0	0	0	0	0	0	0	0	
434	2026-05-07 22:18:49.079	2026-05-07 22:18:55.802	1	0	0	0	0	0	0	0	0	0	0	0	0	
402	2026-05-07 21:51:48.595	2026-05-07 21:51:48.797	3	0	0	0	0	0	0	0	0	0	0	0	0	
402	2026-05-07 21:51:48.829	2026-05-07 21:52:05.193	3	0	0	0	0	123	6.83199977874756	15.7248276	0	0	0	0	0	2026-05-07 21:51:49.406
402	2026-05-07 21:52:08.453	2026-05-07 21:52:08.485	4	0	0	0	0	0	0	0	0	0	0	0	0	
402	2026-05-07 21:52:23.710	2026-05-07 21:52:23.788	4	0	0	0	0	0	0	0	0	0	0	0	0	
402	2026-05-07 21:53:23.817	2026-05-07 21:54:44.656	4	0	0	0	0	0	0	0	0	0	0	0	0	
402	2026-05-07 21:58:58.672	2026-05-07 21:59:36.595	4	0	0	0	0	0	0	0	0	0	0	0	0	
402	2026-05-07 21:59:43.397	2026-05-07 21:59:43.413	4	0	0	0	0	0	0	0	0	0	0	0	0	
402	2026-05-07 22:00:30.930	2026-05-07 22:00:30.977	4	0	0	0	0	0	0	0	0	0	0	0	0	
402	2026-05-07 22:00:31.227	2026-05-07 22:00:31.726	4	0	0	0	0	0	0	0	0	0	0	0	0	
402	2026-05-07 22:00:32.537	2026-05-07 22:00:33.742	4	0	0	0	0	0	0	0	0	0	0	0	0	
402	2026-05-07 22:10:43.387	2026-05-07 22:10:43.403	4	0	0	0	0	0	0	0	0	0	0	0	0	
402	2026-05-07 22:10:43.419	2026-05-07 22:10:43.434	4	0	0	0	0	0	0	0	0	0	0	0	0	
402	2026-05-07 22:13:08.702	2026-05-07 22:17:17.506	4	0	0	0	0	0	0	0	0	0	0	0	0	
402	2026-05-07 22:18:08.097	2026-05-07 22:18:57.971	4	0	0	0	0	0	0	0	0	0	0	0	0	
402	2026-05-07 22:19:02.526	2026-05-07 22:19:02.635	4	0	0	0	0	0	0	0	0	0	0	0	0	
402	2026-05-07 22:19:10.965	2026-05-07 22:20:21.961	4	0	0	0	0	0	0	0	0	0	0	0	0	
402	2026-05-07 22:20:23.287	2026-05-07 22:20:24.161	4	0	0	0	0	0	0	0	0	0	0	0	0	
437	2026-05-07 22:21:25.094	2026-05-07 22:21:25.313	3	0	0	0	0	0	0	0	0	0	0	0	0	
435	2026-05-07 22:19:02.276	2026-05-07 22:19:10.076	8	0	0	0	0	12	0.168000005185604	2.324404	0	0	0	0	0	2026-05-07 22:19:03.696
435	2026-05-07 22:19:15.848	2026-05-07 22:19:16.051	8	0	0	0	0	0	0	0	0	0	0	0	0	
435	2026-05-07 22:19:16.425	2026-05-07 22:19:23.118	8	0	0	0	0	52	3.05200004577637	6.1776108	0	0	0	0	0	2026-05-07 22:19:16.862
435	2026-05-07 22:19:55.363	2026-05-07 22:20:00.293	8	0	0	0	0	39	2.02999997138977	4.7112082	0	0	0	0	0	2026-05-07 22:19:55.582
435	2026-05-07 22:20:23.615	2026-05-07 22:20:27.718	7	0	0	0	0	25	1.2039999961853	2.9640052	0	0	0	0	0	2026-05-07 22:20:24.644
435	2026-05-07 22:20:41.009	2026-05-07 22:20:41.087	7	0	0	0	0	0	0	0	0	0	0	0	0	
435	2026-05-07 22:20:41.180	2026-05-07 22:20:41.305	7	0	0	0	0	0	0	0	0	0	0	0	0	
435	2026-05-07 22:21:17.653	2026-05-07 22:21:17.825	7	0	0	0	0	0	0	0	0	0	0	0	0	
435	2026-05-07 22:23:00.239	2026-05-07 22:23:00.411	7	0	0	0	0	0	0	0	0	0	0	0	0	
435	2026-05-07 22:23:26.899	2026-05-07 22:23:27.087	7	0	0	0	0	0	0	0	0	0	0	0	0	
439	2026-05-07 22:21:37.793	2026-05-07 22:21:38.105	4	0	0	0	0	0	0	0	0	0	0	0	0	
439	2026-05-07 22:21:38.152	2026-05-07 22:21:38.323	4	0	0	0	0	0	0	0	0	0	0	0	0	
439	2026-05-07 22:21:38.245	2026-05-07 22:21:38.433	3	0	0	0	0	0	0	0	0	0	0	0	0	
439	2026-05-07 22:21:42.723	2026-05-07 22:21:53.331	3	0	0	0	0	85	6.67799997329712	10.0620177	0	0	0	0	0	2026-05-07 22:21:43.175
439	2026-05-07 22:21:55.780	2026-05-07 22:21:59.992	3	0	0	0	0	32	2.3659999370575	4.0042071	0	0	0	0	0	2026-05-07 22:21:55.983
439	2026-05-07 22:22:44.155	2026-05-07 22:22:44.202	3	0	0	0	0	0	0	0	0	0	0	0	0	
439	2026-05-07 22:22:44.405	2026-05-07 22:22:45.060	3	0	0	0	0	0	0	0	0	0	0	0	0	
439	2026-05-07 22:22:49.740	2026-05-07 22:22:49.834	3	0	0	0	0	0	0	0	0	0	0	0	0	
439	2026-05-07 22:22:49.896	2026-05-07 22:22:49.943	3	0	0	0	0	0	0	0	0	0	0	0	0	
439	2026-05-07 22:22:49.990	2026-05-07 22:22:50.567	3	0	0	0	0	0	0	0	0	0	0	0	0	
439	2026-05-07 22:22:51.659	2026-05-07 22:22:52.954	3	0	0	0	0	0	0	0	0	0	0	0	0	
439	2026-05-07 22:22:53.110	2026-05-07 22:22:55.590	3	0	0	0	0	0	0	0	0	0	0	0	0	
439	2026-05-07 22:22:56.011	2026-05-07 22:22:56.542	3	0	0	0	0	0	0	0	0	0	0	0	0	
439	2026-05-07 22:22:56.589	2026-05-07 22:22:56.604	3	0	0	0	0	0	0	0	0	0	0	0	0	
439	2026-05-07 22:23:54.574	2026-05-07 22:23:55.260	4	0	0	0	0	0	0	0	0	0	0	0	0	
439	2026-05-07 22:23:55.385	2026-05-07 22:23:55.682	4	0	0	0	0	0	0	0	0	0	0	0	0	
439	2026-05-07 22:24:10.829	2026-05-07 22:24:11.422	4	0	0	0	0	0	0	0	0	0	0	0	0	
441	2026-05-07 22:24:17.085	2026-05-07 22:24:21.484	3	0	0	0	0	30	1.567999958992	3.7752066	0	0	0	0	0	2026-05-07 22:24:17.444
442	2026-05-07 22:25:32.417	2026-05-07 22:25:35.163	3	0	0	0	0	0	0	0	0	0	0	0	0	
443	2026-05-07 22:26:04.148	2026-05-07 22:26:04.460	4	0	0	0	0	0	0	0	0	0	0	0	0	
443	2026-05-07 22:26:05.692	2026-05-07 22:26:05.879	3	0	0	0	0	0	0	0	0	0	0	0	0	
443	2026-05-07 22:26:15.505	2026-05-07 22:26:15.551	4	0	0	0	0	0	0	0	0	0	0	0	0	
443	2026-05-07 22:26:15.832	2026-05-07 22:26:15.895	4	0	0	0	0	0	0	0	0	0	0	0	0	
443	2026-05-07 22:26:16.191	2026-05-07 22:26:16.285	4	0	0	0	0	0	0	0	0	0	0	0	0	
443	2026-05-07 22:26:16.706	2026-05-07 22:26:19.093	4	0	0	0	0	7	0.252000004053116	0.9360016	0	0	0	0	0	2026-05-07 22:26:17.969
443	2026-05-07 22:26:19.295	2026-05-07 22:26:19.498	4	0	0	0	0	0	0	0	0	0	0	0	0	
443	2026-05-07 22:26:21.308	2026-05-07 22:26:27.501	3	0	0	0	0	44	2.28199988789856	5.3820094	0	0	0	0	0	2026-05-07 22:26:21.838
443	2026-05-07 22:26:32.493	2026-05-07 22:26:34.802	4	0	0	0	0	0	0	0	0	0	0	0	0	
443	2026-05-07 22:26:32.353	2026-05-07 22:26:34.895	3	0	0	0	0	18	0.924000024795532	2.1840038	0	0	0	0	0	2026-05-07 22:26:32.711
443	2026-05-07 22:26:36.019	2026-05-07 22:26:36.299	3	0	0	0	0	0	0	0	0	0	0	0	0	
443	2026-05-07 22:26:38.858	2026-05-07 22:26:39.513	3	0	0	0	0	0	0	0	0	0	0	0	0	
443	2026-05-07 22:26:38.437	2026-05-07 22:26:40.012	4	0	0	0	0	0	0	0	0	0	0	0	0	
443	2026-05-07 22:26:40.527	2026-05-07 22:26:40.761	3	0	0	0	0	0	0	0	0	0	0	0	0	
443	2026-05-07 22:26:41.104	2026-05-07 22:26:41.572	4	0	0	0	0	0	0	0	0	0	0	0	0	
436	2026-05-07 22:20:40.400	2026-05-07 22:20:40.775	2	0	0	0	0	0	0	0	0	0	0	0	0	
445	2026-05-07 22:26:50.230	2026-05-07 22:26:50.277	4	0	0	0	0	0	0	0	0	0	0	0	0	
445	2026-05-07 22:26:51.712	2026-05-07 22:26:51.775	4	0	0	0	0	0	0	0	0	0	0	0	0	
431	2026-05-07 22:13:11.603	2026-05-07 22:13:15.987	5	0	0	0	0	35	1.66600000858307	4.1914073	0	0	0	0	0	2026-05-07 22:13:11.790
431	2026-05-07 22:25:08.424	2026-05-07 22:26:35.816	5	0	0	0	0	0	0	0	0	0	0	0	0	
431	2026-05-07 22:26:36.533	2026-05-07 22:26:40.870	5	0	0	0	0	0	0	0	0	0	0	0	0	
431	2026-05-07 22:26:41.915	2026-05-07 22:26:47.079	5	0	0	0	0	36	1.63800001144409	4.6176081	0	0	0	0	0	2026-05-07 22:26:42.383
446	2026-05-07 22:26:52.617	2026-05-07 22:26:53.038	2	0	0	0	0	0	0	0	0	0	0	0	0	
446	2026-05-07 22:26:53.865	2026-05-07 22:26:54.224	2	0	0	0	0	0	0	0	0	0	0	0	0	
440	2026-05-07 22:23:37.492	2026-05-07 22:23:55.120	8	0	0	0	0	58	0.82600000873208	9.1844157	0	0	0	0	0	2026-05-07 22:23:38.256
440	2026-05-07 22:23:59.223	2026-05-07 22:24:03.872	8	0	0	0	0	26	0.363999992609024	3.1200054	0	0	0	0	0	2026-05-07 22:24:00.050
440	2026-05-07 22:26:10.372	2026-05-07 22:26:10.559	8	0	0	0	0	0	0	0	0	0	0	0	0	
449	2026-05-07 22:27:12.694	2026-05-07 22:27:12.788	3	0	0	0	0	0	0	0	0	0	0	0	0	
449	2026-05-07 22:27:17.421	2026-05-07 22:27:17.951	3	0	0	0	0	0	0	0	0	0	0	0	0	
449	2026-05-07 22:27:18.123	2026-05-07 22:27:18.263	4	0	0	0	0	0	0	0	0	0	0	0	0	
449	2026-05-07 22:27:38.497	2026-05-07 22:27:38.559	4	0	0	0	0	0	0	0	0	0	0	0	0	
449	2026-05-07 22:27:41.055	2026-05-07 22:27:42.475	4	0	0	0	0	0	0	0	0	0	0	0	0	
449	2026-05-07 22:27:44.846	2026-05-07 22:27:46.000	4	0	0	0	0	0	0	0	0	0	0	0	0	
447	2026-05-07 22:27:13.147	2026-05-07 22:27:19.277	1	0	0	0	0	36	0.92400000244379	4.549208	0	0	0	0	0	2026-05-07 22:27:14.020
447	2026-05-07 22:27:28.918	2026-05-07 22:27:32.241	2	0	0	0	0	15	0.573999986052513	1.8876033	0	0	0	0	0	2026-05-07 22:27:29.683
450	2026-05-07 22:27:40.509	2026-05-07 22:27:43.458	7	0	0	0	0	6	0.084000002592802	1.2324023	0	0	0	0	0	2026-05-07 22:27:41.383
450	2026-05-07 22:27:50.431	2026-05-07 22:27:51.117	7	0	0	0	0	0	0	0	0	0	0	0	0	
450	2026-05-07 22:27:51.164	2026-05-07 22:27:52.537	8	0	0	0	0	0	0	0	0	0	0	0	0	
450	2026-05-07 22:27:57.154	2026-05-07 22:27:57.342	8	0	0	0	0	0	0	0	0	0	0	0	0	
450	2026-05-07 22:27:58.558	2026-05-07 22:27:58.636	7	0	0	0	0	0	0	0	0	0	0	0	0	
450	2026-05-07 22:27:58.699	2026-05-07 22:28:00.118	7	0	0	0	0	6	0.224000006914139	0.6396011	0	0	0	0	0	2026-05-07 22:27:59.260
450	2026-05-07 22:28:00.571	2026-05-07 22:28:00.649	8	0	0	0	0	0	0	0	0	0	0	0	0	
451	2026-05-07 22:28:10.539	2026-05-07 22:28:10.742	8	0	0	0	0	0	0	0	0	0	0	0	0	
451	2026-05-07 22:28:11.397	2026-05-07 22:28:11.647	8	0	0	0	0	0	0	0	0	0	0	0	0	
451	2026-05-07 22:28:11.694	2026-05-07 22:28:12.380	8	0	0	0	0	0	0	0	0	0	0	0	0	
451	2026-05-07 22:28:12.598	2026-05-07 22:28:12.739	8	0	0	0	0	0	0	0	0	0	0	0	0	
453	2026-05-07 22:28:12.364	2026-05-07 22:28:12.910	3	0	0	0	0	0	0	0	0	0	0	0	0	
448	2026-05-07 22:27:26.688	2026-05-07 22:27:31.726	5	0	0	0	0	36	2.11400008201599	4.7424083	0	0	0	0	0	2026-05-07 22:27:26.984
448	2026-05-07 22:27:38.746	2026-05-07 22:28:20.398	5	0	0	0	0	0	0	0	0	0	0	0	0	
448	2026-05-07 22:28:21.506	2026-05-07 22:28:38.994	5	0	0	0	0	0	0	0	0	0	0	0	0	
452	2026-05-07 22:28:16.982	2026-05-07 22:28:24.844	2	0	0	0	0	16	0.224000006914139	3.0576053	0	0	0	0	0	2026-05-07 22:28:17.887
452	2026-05-07 22:28:27.606	2026-05-07 22:28:27.855	1	0	0	0	0	0	0	0	0	0	0	0	0	
452	2026-05-07 22:28:27.949	2026-05-07 22:28:28.042	1	0	0	0	0	0	0	0	0	0	0	0	0	
457	2026-05-07 22:30:53.981	2026-05-07 22:30:54.495	8	0	0	0	0	0	0	0	0	0	0	0	0	
457	2026-05-07 22:30:54.261	2026-05-07 22:30:54.636	7	0	0	0	0	0	0	0	0	0	0	0	0	
456	2026-05-07 22:29:34.062	2026-05-07 22:29:34.483	4	0	0	0	0	0	0	0	0	0	0	0	0	
456	2026-05-07 22:29:34.857	2026-05-07 22:29:35.715	4	0	0	0	0	1	0.0280000008642673	0.2028003	0	0	0	0	0	2026-05-07 22:29:35.357
456	2026-05-07 22:29:45.075	2026-05-07 22:29:45.278	3	0	0	0	0	0	0	0	0	0	0	0	0	
456	2026-05-07 22:29:46.760	2026-05-07 22:29:56.588	3	0	0	0	0	36	1.66599994897842	4.4772079	0	0	0	0	0	2026-05-07 22:29:47.072
456	2026-05-07 22:29:57.758	2026-05-07 22:29:58.445	4	0	0	0	0	0	0	0	0	0	0	0	0	
456	2026-05-07 22:30:13.779	2026-05-07 22:30:17.882	3	0	0	0	0	26	1.55399996414781	3.4164061	0	0	0	0	0	2026-05-07 22:30:14.216
456	2026-05-07 22:30:28.053	2026-05-07 22:30:28.880	3	0	0	0	0	0	0	0	0	0	0	0	0	
456	2026-05-07 22:30:40.050	2026-05-07 22:30:40.939	4	0	0	0	0	0	0	0	0	0	0	0	0	
456	2026-05-07 22:30:41.360	2026-05-07 22:30:41.579	3	0	0	0	0	0	0	0	0	0	0	0	0	
456	2026-05-07 22:31:10.626	2026-05-07 22:31:10.657	3	0	0	0	0	0	0	0	0	0	0	0	0	
456	2026-05-07 22:31:13.450	2026-05-07 22:31:13.543	4	0	0	0	0	0	0	0	0	0	0	0	0	
458	2026-05-07 22:32:01.934	2026-05-07 22:32:02.106	7	0	0	0	0	0	0	0	0	0	0	0	0	
458	2026-05-07 22:32:02.075	2026-05-07 22:32:02.387	8	0	0	0	0	0	0	0	0	0	0	0	0	
461	2026-05-07 22:32:18.112	2026-05-07 22:32:18.221	1	0	0	0	0	0	0	0	0	0	0	0	0	
462	2026-05-07 22:32:22.792	2026-05-07 22:32:23.072	4	0	0	0	0	0	0	0	0	0	0	0	0	
462	2026-05-07 22:32:23.010	2026-05-07 22:32:23.416	3	0	0	0	0	0	0	0	0	0	0	0	0	
464	2026-05-07 22:32:26.567	2026-05-07 22:32:27.394	3	0	0	0	0	0	0	0	0	0	0	0	0	
464	2026-05-07 22:32:28.579	2026-05-07 22:32:29.156	4	0	0	0	0	0	0	0	0	0	0	0	0	
465	2026-05-07 22:32:32.932	2026-05-07 22:32:33.322	4	0	0	0	0	0	0	0	0	0	0	0	0	
465	2026-05-07 22:32:34.866	2026-05-07 22:32:39.562	3	0	0	0	0	34	1.58200001716614	3.993607	0	0	0	0	0	2026-05-07 22:32:35.537
465	2026-05-07 22:32:45.848	2026-05-07 22:32:46.285	4	0	0	0	0	0	0	0	0	0	0	0	0	
465	2026-05-07 22:32:47.720	2026-05-07 22:32:49.109	4	0	0	0	0	1	0.0560000017285347	0.2154004	0	0	0	0	0	2026-05-07 22:32:48.890
465	2026-05-07 22:32:54.444	2026-05-07 22:32:54.584	4	0	0	0	0	0	0	0	0	0	0	0	0	
465	2026-05-07 22:32:55.848	2026-05-07 22:33:01.511	4	0	0	0	0	0	0	0	0	0	0	0	0	
465	2026-05-07 22:33:07.829	2026-05-07 22:33:09.436	3	0	0	0	0	0	0	0	0	0	0	0	0	
465	2026-05-07 22:33:16.393	2026-05-07 22:33:16.659	3	0	0	0	0	0	0	0	0	0	0	0	0	
465	2026-05-07 22:33:18.281	2026-05-07 22:33:21.978	3	0	0	0	0	1	0.0140000004321337	0.2184004	0	0	0	0	0	2026-05-07 22:33:21.510
466	2026-05-07 22:33:26.830	2026-05-07 22:33:27.017	3	0	0	0	0	0	0	0	0	0	0	0	0	
466	2026-05-07 22:33:30.355	2026-05-07 22:33:36.798	3	0	0	0	0	21	0.853999994695187	2.324404	0	0	0	0	0	2026-05-07 22:33:31.510
460	2026-05-07 22:32:07.706	2026-05-07 22:32:07.862	8	0	0	0	0	0	0	0	0	0	0	0	0	
460	2026-05-07 22:32:09.797	2026-05-07 22:32:10.343	7	0	0	0	0	0	0	0	0	0	0	0	0	
460	2026-05-07 22:32:25.007	2026-05-07 22:32:35.038	8	0	0	0	0	66	1.98799999989569	7.6098135	0	0	0	0	0	2026-05-07 22:32:25.631
460	2026-05-07 22:32:53.134	2026-05-07 22:32:53.165	8	0	0	0	0	0	0	0	0	0	0	0	0	
460	2026-05-07 22:32:53.477	2026-05-07 22:32:54.413	8	0	0	0	0	0	0	0	0	0	0	0	0	
460	2026-05-07 22:32:54.460	2026-05-07 22:32:54.600	8	0	0	0	0	0	0	0	0	0	0	0	0	
460	2026-05-07 22:32:54.772	2026-05-07 22:32:55.146	8	0	0	0	0	0	0	0	0	0	0	0	0	
460	2026-05-07 22:32:55.240	2026-05-07 22:32:55.302	8	0	0	0	0	0	0	0	0	0	0	0	0	
460	2026-05-07 22:32:55.349	2026-05-07 22:32:56.612	8	0	0	0	0	0	0	0	0	0	0	0	0	
460	2026-05-07 22:32:56.628	2026-05-07 22:32:56.737	8	0	0	0	0	0	0	0	0	0	0	0	0	
460	2026-05-07 22:32:56.971	2026-05-07 22:32:57.720	8	0	0	0	0	0	0	0	0	0	0	0	0	
460	2026-05-07 22:32:57.782	2026-05-07 22:32:57.876	8	0	0	0	0	0	0	0	0	0	0	0	0	
460	2026-05-07 22:32:58.266	2026-05-07 22:32:58.594	8	0	0	0	0	0	0	0	0	0	0	0	0	
460	2026-05-07 22:32:58.640	2026-05-07 22:32:58.750	8	0	0	0	0	0	0	0	0	0	0	0	0	
460	2026-05-07 22:32:58.843	2026-05-07 22:32:59.046	8	0	0	0	0	0	0	0	0	0	0	0	0	
460	2026-05-07 22:32:59.124	2026-05-07 22:32:59.249	8	0	0	0	0	0	0	0	0	0	0	0	0	
460	2026-05-07 22:32:59.998	2026-05-07 22:33:00.060	8	0	0	0	0	0	0	0	0	0	0	0	0	
460	2026-05-07 22:33:00.341	2026-05-07 22:33:00.450	8	0	0	0	0	0	0	0	0	0	0	0	0	
460	2026-05-07 22:33:47.063	2026-05-07 22:33:47.157	8	0	0	0	0	0	0	0	0	0	0	0	0	
460	2026-05-07 22:33:52.788	2026-05-07 22:33:53.007	8	0	0	0	0	0	0	0	0	0	0	0	0	
460	2026-05-07 22:33:53.178	2026-05-07 22:34:09.901	8	0	0	0	0	0	0	0	0	0	0	0	0	
460	2026-05-07 22:34:09.979	2026-05-07 22:34:17.155	8	0	0	0	0	57	2.36599999666214	6.6612118	0	0	0	0	0	2026-05-07 22:34:10.260
467	2026-05-07 22:33:49.387	2026-05-07 22:33:49.902	4	0	0	0	0	0	0	0	0	0	0	0	0	
467	2026-05-07 22:33:53.771	2026-05-07 22:33:58.857	4	0	0	0	0	0	0	0	0	0	0	0	0	
467	2026-05-07 22:34:15.159	2026-05-07 22:34:15.502	3	0	0	0	0	0	0	0	0	0	0	0	0	
467	2026-05-07 22:34:16.095	2026-05-07 22:34:19.152	3	0	0	0	0	23	1.49800002574921	2.6988048	0	0	0	0	0	2026-05-07 22:34:16.360
467	2026-05-07 22:34:20.213	2026-05-07 22:34:20.307	3	0	0	0	0	0	0	0	0	0	0	0	0	
467	2026-05-07 22:34:20.400	2026-05-07 22:34:20.463	3	0	0	0	0	0	0	0	0	0	0	0	0	
467	2026-05-07 22:34:20.572	2026-05-07 22:34:20.634	3	0	0	0	0	0	0	0	0	0	0	0	0	
467	2026-05-07 22:34:20.728	2026-05-07 22:34:20.790	3	0	0	0	0	0	0	0	0	0	0	0	0	
467	2026-05-07 22:34:24.784	2026-05-07 22:34:24.862	3	0	0	0	0	0	0	0	0	0	0	0	0	
467	2026-05-07 22:34:24.940	2026-05-07 22:34:24.971	3	0	0	0	0	0	0	0	0	0	0	0	0	
467	2026-05-07 22:34:25.267	2026-05-07 22:34:26.203	3	0	0	0	0	2	0.126000002026558	0.3432006	0	0	0	0	0	2026-05-07 22:34:25.860
467	2026-05-07 22:34:27.997	2026-05-07 22:34:28.606	4	0	0	0	0	0	0	0	0	0	0	0	0	
467	2026-05-07 22:34:30.961	2026-05-07 22:34:31.336	4	0	0	0	0	0	0	0	0	0	0	0	0	
467	2026-05-07 22:34:34.627	2026-05-07 22:34:34.643	3	0	0	0	0	0	0	0	0	0	0	0	0	
467	2026-05-07 22:34:34.737	2026-05-07 22:34:35.719	3	0	0	0	0	0	0	0	0	0	0	0	0	
467	2026-05-07 22:34:35.813	2026-05-07 22:34:36.640	3	0	0	0	0	4	0.224000006914139	0.530401	0	0	0	0	0	2026-05-07 22:34:36.109
467	2026-05-07 22:34:38.949	2026-05-07 22:34:39.822	4	0	0	0	0	0	0	0	0	0	0	0	0	
467	2026-05-07 22:34:43.176	2026-05-07 22:34:43.301	4	0	0	0	0	0	0	0	0	0	0	0	0	
467	2026-05-07 22:34:47.778	2026-05-07 22:34:48.168	4	0	0	0	0	0	0	0	0	0	0	0	0	
467	2026-05-07 22:34:48.870	2026-05-07 22:34:48.995	4	0	0	0	0	0	0	0	0	0	0	0	0	
467	2026-05-07 22:34:49.104	2026-05-07 22:34:49.245	4	0	0	0	0	0	0	0	0	0	0	0	0	
467	2026-05-07 22:34:52.801	2026-05-07 22:34:52.973	4	0	0	0	0	0	0	0	0	0	0	0	0	
467	2026-05-07 22:34:55.688	2026-05-07 22:34:55.766	4	0	0	0	0	0	0	0	0	0	0	0	0	
467	2026-05-07 22:34:56.046	2026-05-07 22:34:56.140	4	0	0	0	0	0	0	0	0	0	0	0	0	
467	2026-05-07 22:34:57.341	2026-05-07 22:34:57.435	4	0	0	0	0	0	0	0	0	0	0	0	0	
467	2026-05-07 22:34:57.638	2026-05-07 22:35:02.848	4	0	0	0	0	0	0	0	0	0	0	0	0	
467	2026-05-07 22:35:02.988	2026-05-07 22:35:04.673	4	0	0	0	0	0	0	0	0	0	0	0	0	
468	2026-05-07 22:33:59.106	2026-05-07 22:35:17.450	5	0	0	0	0	0	0	0	0	0	0	0	0	
470	2026-05-07 22:36:22.439	2026-05-07 22:36:27.572	4	0	0	0	0	4	0.153999999165535	0.8268015	0	0	0	0	0	2026-05-07 22:36:25.216
470	2026-05-07 22:36:29.366	2026-05-07 22:36:29.974	3	0	0	0	0	0	0	0	0	0	0	0	0	
470	2026-05-07 22:36:34.607	2026-05-07 22:36:45.590	3	0	0	0	0	90	5.57200002670288	10.7484189	0	0	0	0	0	2026-05-07 22:36:34.794
470	2026-05-07 22:36:50.036	2026-05-07 22:36:50.114	3	0	0	0	0	0	0	0	0	0	0	0	0	
470	2026-05-07 22:36:58.475	2026-05-07 22:36:58.694	3	0	0	0	0	0	0	0	0	0	0	0	0	
470	2026-05-07 22:36:58.803	2026-05-07 22:36:59.708	3	0	0	0	0	4	0.238000005483627	0.577201	0	0	0	0	0	2026-05-07 22:36:59.037
470	2026-05-07 22:36:59.989	2026-05-07 22:37:02.594	3	0	0	0	0	0	0	0	0	0	0	0	0	
472	2026-05-07 22:37:23.123	2026-05-07 22:37:23.545	3	0	0	0	0	0	0	0	0	0	0	0	0	
472	2026-05-07 22:37:25.448	2026-05-07 22:37:26.821	3	0	0	0	0	0	0	0	0	0	0	0	0	
463	2026-05-07 22:32:30.295	2026-05-07 22:32:40.357	1	0	0	0	0	13	0.182000003755093	2.4804043	0	0	0	0	0	2026-05-07 22:32:31.528
463	2026-05-07 22:32:48.532	2026-05-07 22:32:48.594	1	0	0	0	0	0	0	0	0	0	0	0	0	
463	2026-05-07 22:36:07.588	2026-05-07 22:36:08.150	2	0	0	0	0	0	0	0	0	0	0	0	0	
463	2026-05-07 22:36:38.772	2026-05-07 22:36:41.518	1	0	0	0	0	0	0	0	0	0	0	0	0	
463	2026-05-07 22:36:42.298	2026-05-07 22:36:42.719	1	0	0	0	0	0	0	0	0	0	0	0	0	
463	2026-05-07 22:36:43.889	2026-05-07 22:36:43.936	1	0	0	0	0	0	0	0	0	0	0	0	0	
463	2026-05-07 22:36:44.076	2026-05-07 22:36:44.170	1	0	0	0	0	0	0	0	0	0	0	0	0	
463	2026-05-07 22:36:44.435	2026-05-07 22:36:44.872	1	0	0	0	0	0	0	0	0	0	0	0	0	
463	2026-05-07 22:36:47.150	2026-05-07 22:36:47.228	1	0	0	0	0	0	0	0	0	0	0	0	0	
463	2026-05-07 22:36:47.696	2026-05-07 22:36:47.758	1	0	0	0	0	0	0	0	0	0	0	0	0	
463	2026-05-07 22:36:47.930	2026-05-07 22:36:47.976	1	0	0	0	0	0	0	0	0	0	0	0	0	
463	2026-05-07 22:36:48.117	2026-05-07 22:37:07.445	1	0	0	0	0	0	0	0	0	0	0	0	0	
463	2026-05-07 22:37:07.539	2026-05-07 22:37:07.555	1	0	0	0	0	0	0	0	0	0	0	0	0	
463	2026-05-07 22:37:10.565	2026-05-07 22:37:10.737	1	0	0	0	0	0	0	0	0	0	0	0	0	
463	2026-05-07 22:37:13.342	2026-05-07 22:37:14.107	1	0	0	0	0	0	0	0	0	0	0	0	0	
463	2026-05-07 22:37:35.245	2026-05-07 22:37:37.085	1	0	0	0	0	0	0	0	0	0	0	0	0	
463	2026-05-07 22:37:37.210	2026-05-07 22:37:37.241	1	0	0	0	0	0	0	0	0	0	0	0	0	
463	2026-05-07 22:37:37.397	2026-05-07 22:37:37.413	1	0	0	0	0	0	0	0	0	0	0	0	0	
463	2026-05-07 22:37:37.507	2026-05-07 22:37:37.538	1	0	0	0	0	0	0	0	0	0	0	0	0	
463	2026-05-07 22:37:44.230	2026-05-07 22:37:44.308	1	0	0	0	0	0	0	0	0	0	0	0	0	
473	2026-05-07 22:38:01.312	2026-05-07 22:38:01.406	3	0	0	0	0	0	0	0	0	0	0	0	0	
473	2026-05-07 22:38:01.437	2026-05-07 22:38:08.285	3	0	0	0	0	48	2.04400001093745	6.1152108	0	0	0	0	0	2026-05-07 22:38:01.749
471	2026-05-07 22:37:10.097	2026-05-07 22:37:10.753	6	0	0	0	0	0	0	0	0	0	0	0	0	
471	2026-05-07 22:38:08.566	2026-05-07 22:38:08.691	5	0	0	0	0	0	0	0	0	0	0	0	0	
477	2026-05-07 22:40:34.192	2026-05-07 22:40:35.300	3	0	0	0	0	4	0.112000003457069	0.5304009	0	0	0	0	0	2026-05-07 22:40:34.754
478	2026-05-07 22:41:50.773	2026-05-07 22:41:51.069	4	0	0	0	0	0	0	0	0	0	0	0	0	
478	2026-05-07 22:41:51.881	2026-05-07 22:41:52.068	3	0	0	0	0	0	0	0	0	0	0	0	0	
478	2026-05-07 22:41:52.224	2026-05-07 22:41:52.645	4	0	0	0	0	0	0	0	0	0	0	0	0	
475	2026-05-07 22:40:15.816	2026-05-07 22:40:16.018	2	0	0	0	0	0	0	0	0	0	0	0	0	
475	2026-05-07 22:40:17.188	2026-05-07 22:40:21.775	2	0	0	0	0	35	1.67999994754791	4.1612073	0	0	0	0	0	2026-05-07 22:40:17.610
475	2026-05-07 22:41:31.710	2026-05-07 22:41:36.234	2	0	0	0	0	30	1.48400003090501	3.8220066	0	0	0	0	0	2026-05-07 22:41:32.193
475	2026-05-07 22:41:43.082	2026-05-07 22:41:45.095	2	0	0	0	0	15	0.587999999523163	1.7628031	0	0	0	0	0	2026-05-07 22:41:43.301
469	2026-05-07 22:36:53.249	2026-05-07 22:36:53.327	7	0	0	0	0	0	0	0	0	0	0	0	0	
469	2026-05-07 22:36:54.248	2026-05-07 22:36:55.137	7	0	0	0	0	0	0	0	0	0	0	0	0	
469	2026-05-07 22:38:48.440	2026-05-07 22:40:00.574	7	0	0	0	0	0	0	0	0	0	0	0	0	
480	2026-05-07 22:42:13.970	2026-05-07 22:42:14.251	7	0	0	0	0	0	0	0	0	0	0	0	0	
480	2026-05-07 22:42:15.015	2026-05-07 22:42:25.327	8	0	0	0	0	31	0.476000007241964	5.2372091	0	0	0	0	0	2026-05-07 22:42:16.185
480	2026-05-07 22:42:28.369	2026-05-07 22:42:28.619	7	0	0	0	0	0	0	0	0	0	0	0	0	
480	2026-05-07 22:42:29.461	2026-05-07 22:42:30.647	7	0	0	0	0	0	0	0	0	0	0	0	0	
480	2026-05-07 22:42:30.818	2026-05-07 22:42:31.052	7	0	0	0	0	0	0	0	0	0	0	0	0	
479	2026-05-07 22:42:00.102	2026-05-07 22:42:00.273	4	0	0	0	0	0	0	0	0	0	0	0	0	
479	2026-05-07 22:42:01.100	2026-05-07 22:42:01.381	4	0	0	0	0	0	0	0	0	0	0	0	0	
479	2026-05-07 22:42:10.460	2026-05-07 22:42:10.850	3	0	0	0	0	0	0	0	0	0	0	0	0	
479	2026-05-07 22:42:15.390	2026-05-07 22:42:22.550	3	0	0	0	0	52	0.860000004991889	5.6574101	0	0	0	0	0	2026-05-07 22:42:16.217
479	2026-05-07 22:42:36.980	2026-05-07 22:42:37.230	3	0	0	0	0	0	0	0	0	0	0	0	0	
479	2026-05-07 22:42:41.473	2026-05-07 22:42:44.110	3	0	0	0	0	19	1.06400001049042	2.2152039	0	0	0	0	0	2026-05-07 22:42:41.848
479	2026-05-07 22:42:45.264	2026-05-07 22:42:45.358	3	0	0	0	0	0	0	0	0	0	0	0	0	
479	2026-05-07 22:42:45.420	2026-05-07 22:42:45.467	3	0	0	0	0	0	0	0	0	0	0	0	0	
479	2026-05-07 22:42:45.935	2026-05-07 22:42:46.122	3	0	0	0	0	0	0	0	0	0	0	0	0	
479	2026-05-07 22:42:46.184	2026-05-07 22:42:46.262	3	0	0	0	0	0	0	0	0	0	0	0	0	
482	2026-05-07 22:43:02.658	2026-05-07 22:43:02.767	1	0	0	0	0	0	0	0	0	0	0	0	0	
482	2026-05-07 22:43:05.513	2026-05-07 22:43:11.878	2	0	0	0	0	41	0.685999998822808	5.4188096	0	0	0	0	0	2026-05-07 22:43:05.965
482	2026-05-07 22:43:15.263	2026-05-07 22:43:15.388	2	0	0	0	0	0	0	0	0	0	0	0	0	
482	2026-05-07 22:43:15.653	2026-05-07 22:43:23.125	2	0	0	0	0	58	3.20600008964539	6.9732123	0	0	0	0	0	2026-05-07 22:43:16.027
482	2026-05-07 22:43:27.946	2026-05-07 22:43:32.470	2	0	0	0	0	34	1.90400004386902	4.2276075	0	0	0	0	0	2026-05-07 22:43:28.164
482	2026-05-07 22:43:40.816	2026-05-07 22:43:41.050	1	0	0	0	0	0	0	0	0	0	0	0	0	
482	2026-05-07 22:43:41.159	2026-05-07 22:43:44.497	1	0	0	0	0	2	0.0280000008642673	0.4680009	0	0	0	0	0	2026-05-07 22:43:42.344
482	2026-05-07 22:43:52.360	2026-05-07 22:43:53.015	1	0	0	0	0	0	0	0	0	0	0	0	0	
476	2026-05-07 22:39:56.440	2026-05-07 22:40:11.463	5	0	0	0	0	0	0	0	0	0	0	0	0	
476	2026-05-07 22:40:44.317	2026-05-07 22:42:35.062	5	0	0	0	0	0	0	0	0	0	0	0	0	
483	2026-05-07 22:44:07.382	2026-05-07 22:44:07.694	2	0	0	0	0	0	0	0	0	0	0	0	0	
483	2026-05-07 22:44:15.120	2026-05-07 22:44:18.630	2	0	0	0	0	26	1.12000000476837	3.0264053	0	0	0	0	0	2026-05-07 22:44:15.572
483	2026-05-07 22:44:58.129	2026-05-07 22:44:58.379	1	0	0	0	0	0	0	0	0	0	0	0	0	
483	2026-05-07 22:45:00.594	2026-05-07 22:45:00.625	2	0	0	0	0	0	0	0	0	0	0	0	0	
483	2026-05-07 22:45:01.234	2026-05-07 22:45:01.265	2	0	0	0	0	0	0	0	0	0	0	0	0	
484	2026-05-07 22:44:05.323	2026-05-07 22:44:05.354	5	0	0	0	0	0	0	0	0	0	0	0	0	
484	2026-05-07 22:44:05.666	2026-05-07 22:44:09.816	5	0	0	0	0	0	0	0	0	0	0	0	0	
484	2026-05-07 22:44:10.471	2026-05-07 22:44:48.801	5	0	0	0	0	0	0	0	0	0	0	0	0	
484	2026-05-07 22:45:10.797	2026-05-07 22:45:11.935	5	0	0	0	0	0	0	0	0	0	0	0	0	
484	2026-05-07 22:46:07.799	2026-05-07 22:46:07.815	5	0	0	0	0	0	0	0	0	0	0	0	0	
484	2026-05-07 22:46:07.955	2026-05-07 22:46:09.234	5	0	0	0	0	0	0	0	0	0	0	0	0	
481	2026-05-07 22:42:51.629	2026-05-07 22:42:51.800	8	0	0	0	0	0	0	0	0	0	0	0	0	
481	2026-05-07 22:42:53.033	2026-05-07 22:42:53.189	8	0	0	0	0	0	0	0	0	0	0	0	0	
481	2026-05-07 22:42:53.298	2026-05-07 22:42:55.763	8	0	0	0	0	1	0.0280000008642673	0.2184004	0	0	0	0	0	2026-05-07 22:42:53.828
481	2026-05-07 22:44:28.053	2026-05-07 22:44:28.084	7	0	0	0	0	0	0	0	0	0	0	0	0	
481	2026-05-07 22:44:36.789	2026-05-07 22:44:36.820	7	0	0	0	0	0	0	0	0	0	0	0	0	
481	2026-05-07 22:44:50.501	2026-05-07 22:44:50.891	7	0	0	0	0	0	0	0	0	0	0	0	0	
481	2026-05-07 22:45:08.067	2026-05-07 22:45:08.129	7	0	0	0	0	0	0	0	0	0	0	0	0	
481	2026-05-07 22:45:08.394	2026-05-07 22:45:08.425	7	0	0	0	0	0	0	0	0	0	0	0	0	
481	2026-05-07 22:45:09.205	2026-05-07 22:45:09.377	7	0	0	0	0	0	0	0	0	0	0	0	0	
481	2026-05-07 22:47:54.316	2026-05-07 22:47:54.659	8	0	0	0	0	0	0	0	0	0	0	0	0	
486	2026-05-07 22:45:37.254	2026-05-07 22:45:42.667	2	0	0	0	0	34	1.51199999451637	4.6332082	0	0	0	0	0	2026-05-07 22:45:37.722
486	2026-05-07 22:48:04.784	2026-05-07 22:48:44.533	2	0	0	0	0	0	0	0	0	0	0	0	0	
485	2026-05-07 22:45:25.461	2026-05-07 22:45:25.851	3	0	0	0	0	0	0	0	0	0	0	0	0	
485	2026-05-07 22:45:25.944	2026-05-07 22:45:37.270	3	0	0	0	0	85	6.99899977818131	10.7796189	0	0	0	0	0	2026-05-07 22:45:26.319
485	2026-05-07 22:45:42.137	2026-05-07 22:45:42.660	3	0	0	0	0	0	0	0	0	0	0	0	0	
487	2026-05-07 22:48:46.405	2026-05-07 22:48:46.420	6	0	0	0	0	0	0	0	0	0	0	0	0	
487	2026-05-07 22:49:02.566	2026-05-07 22:49:05.951	6	0	0	0	0	3	0.042000001296401	0.6552012	0	0	0	0	0	2026-05-07 22:49:04.282
487	2026-05-07 22:49:07.870	2026-05-07 22:49:07.933	6	0	0	0	0	0	0	0	0	0	0	0	0	
492	2026-05-07 22:49:26.887	2026-05-07 22:49:26.980	6	0	0	0	0	0	0	0	0	0	0	0	0	
492	2026-05-07 22:49:27.495	2026-05-07 22:49:27.791	6	0	0	0	0	0	0	0	0	0	0	0	0	
492	2026-05-07 22:49:32.440	2026-05-07 22:49:32.549	6	0	0	0	0	0	0	0	0	0	0	0	0	
492	2026-05-07 22:49:34.328	2026-05-07 22:49:34.343	5	0	0	0	0	0	0	0	0	0	0	0	0	
488	2026-05-07 22:48:23.909	2026-05-07 22:48:26.468	7	0	0	0	0	1	0.0140000004321337	0.2184003	0	0	0	0	0	2026-05-07 22:48:25.033
488	2026-05-07 22:48:29.728	2026-05-07 22:48:36.202	8	0	0	0	0	10	0.140000002458692	2.0124035	0	0	0	0	0	2026-05-07 22:48:30.680
488	2026-05-07 22:48:41.225	2026-05-07 22:48:41.272	7	0	0	0	0	0	0	0	0	0	0	0	0	
488	2026-05-07 22:48:41.288	2026-05-07 22:48:41.662	8	0	0	0	0	0	0	0	0	0	0	0	0	
488	2026-05-07 22:48:41.303	2026-05-07 22:48:41.881	7	0	0	0	0	0	0	0	0	0	0	0	0	
488	2026-05-07 22:48:49.493	2026-05-07 22:48:57.091	8	0	0	0	0	20	0.36400000192225	3.5724064	0	0	0	0	0	2026-05-07 22:48:50.289
488	2026-05-07 22:49:18.416	2026-05-07 22:49:21.411	8	0	0	0	0	18	0.559000000357628	1.8876033	0	0	0	0	0	2026-05-07 22:49:18.868
491	2026-05-07 22:49:21.349	2026-05-07 22:49:31.036	3	0	0	0	0	63	0.965999990701675	6.7392118	0	0	0	0	0	2026-05-07 22:49:22.659
491	2026-05-07 22:49:43.797	2026-05-07 22:49:44.125	4	0	0	0	0	0	0	0	0	0	0	0	0	
495	2026-05-07 22:49:57.478	2026-05-07 22:49:57.993	8	0	0	0	0	0	0	0	0	0	0	0	0	
497	2026-05-07 22:50:03.531	2026-05-07 22:50:03.843	8	0	0	0	0	0	0	0	0	0	0	0	0	
497	2026-05-07 22:50:05.387	2026-05-07 22:50:05.621	7	0	0	0	0	0	0	0	0	0	0	0	0	
498	2026-05-07 22:50:06.230	2026-05-07 22:50:06.464	7	0	0	0	0	0	0	0	0	0	0	0	0	
496	2026-05-07 22:49:58.695	2026-05-07 22:50:03.437	5	0	0	0	0	35	1.82000005245209	4.2744075	0	0	0	0	0	2026-05-07 22:49:59.116
496	2026-05-07 22:50:34.560	2026-05-07 22:50:34.622	5	0	0	0	0	0	0	0	0	0	0	0	0	
501	2026-05-07 22:51:36.866	2026-05-07 22:51:37.131	5	0	0	0	0	0	0	0	0	0	0	0	0	
501	2026-05-07 22:51:38.130	2026-05-07 22:51:43.636	6	0	0	0	0	36	1.65199995040894	4.1184072	0	0	0	0	0	2026-05-07 22:51:39.424
501	2026-05-07 22:51:54.026	2026-05-07 22:51:54.120	6	0	0	0	0	0	0	0	0	0	0	0	0	
501	2026-05-07 22:51:56.288	2026-05-07 22:52:00.765	5	0	0	0	0	6	0.280000001192093	0.7020012	0	0	0	0	0	2026-05-07 22:51:58.550
501	2026-05-07 22:52:05.976	2026-05-07 22:52:06.381	5	0	0	0	0	0	0	0	0	0	0	0	0	
501	2026-05-07 22:52:08.207	2026-05-07 22:52:08.285	5	0	0	0	0	0	0	0	0	0	0	0	0	
501	2026-05-07 22:52:09.158	2026-05-07 22:52:09.205	5	0	0	0	0	0	0	0	0	0	0	0	0	
501	2026-05-07 22:52:17.879	2026-05-07 22:52:19.844	5	0	0	0	0	0	0	0	0	0	0	0	0	
501	2026-05-07 22:52:19.851	2026-05-07 22:52:20.437	5	0	0	0	0	0	0	0	0	0	0	0	0	
501	2026-05-07 22:52:20.468	2026-05-07 22:52:26.037	5	0	0	0	0	6	0.30799999833107	0.7644014	0	0	0	0	0	2026-05-07 22:52:22.325
500	2026-05-07 22:50:17.899	2026-05-07 22:50:26.806	8	0	0	0	0	72	3.33200001716614	7.7376136	0	0	0	0	0	2026-05-07 22:50:19.006
500	2026-05-07 22:51:35.134	2026-05-07 22:51:36.928	7	0	0	0	0	0	0	0	0	0	0	0	0	
500	2026-05-07 22:51:37.630	2026-05-07 22:51:37.927	7	0	0	0	0	0	0	0	0	0	0	0	0	
500	2026-05-07 22:52:11.685	2026-05-07 22:52:11.997	8	0	0	0	0	0	0	0	0	0	0	0	0	
500	2026-05-07 22:52:12.247	2026-05-07 22:52:12.309	8	0	0	0	0	0	0	0	0	0	0	0	0	
500	2026-05-07 22:52:12.387	2026-05-07 22:52:12.543	8	0	0	0	0	0	0	0	0	0	0	0	0	
500	2026-05-07 22:52:18.846	2026-05-07 22:52:21.701	8	0	0	0	0	20	0.966000020503998	2.3556042	0	0	0	0	0	2026-05-07 22:52:19.298
500	2026-05-07 22:52:21.919	2026-05-07 22:52:22.137	7	0	0	0	0	0	0	0	0	0	0	0	0	
500	2026-05-07 22:52:22.418	2026-05-07 22:52:22.839	7	0	0	0	0	0	0	0	0	0	0	0	0	
500	2026-05-07 22:52:23.900	2026-05-07 22:52:23.916	7	0	0	0	0	0	0	0	0	0	0	0	0	
500	2026-05-07 22:52:23.947	2026-05-07 22:52:24.025	7	0	0	0	0	0	0	0	0	0	0	0	0	
500	2026-05-07 22:52:25.507	2026-05-07 22:52:25.632	7	0	0	0	0	0	0	0	0	0	0	0	0	
500	2026-05-07 22:52:25.772	2026-05-07 22:52:25.803	7	0	0	0	0	0	0	0	0	0	0	0	0	
500	2026-05-07 22:52:26.646	2026-05-07 22:52:26.739	7	0	0	0	0	0	0	0	0	0	0	0	0	
500	2026-05-07 22:52:26.973	2026-05-07 22:52:27.067	7	0	0	0	0	0	0	0	0	0	0	0	0	
500	2026-05-07 22:52:29.126	2026-05-07 22:52:29.204	8	0	0	0	0	0	0	0	0	0	0	0	0	
506	2026-05-07 22:54:01.447	2026-05-07 22:54:04.489	2	0	0	0	0	0	0	0	0	0	0	0	0	
494	2026-05-07 22:49:51.004	2026-05-07 22:49:58.087	3	0	0	0	0	57	3.84999990463257	6.7236118	0	0	0	0	0	2026-05-07 22:49:51.316
494	2026-05-07 22:50:00.427	2026-05-07 22:50:01.300	3	0	0	0	0	4	0.195999994874001	0.5304009	0	0	0	0	0	2026-05-07 22:50:00.598
494	2026-05-07 22:50:01.378	2026-05-07 22:50:03.375	3	0	0	0	0	14	0.910000026226044	1.8096032	0	0	0	0	0	2026-05-07 22:50:01.487
494	2026-05-07 22:50:04.249	2026-05-07 22:50:06.105	3	0	0	0	0	12	0.629999995231628	1.5600027	0	0	0	0	0	2026-05-07 22:50:04.498
494	2026-05-07 22:50:10.052	2026-05-07 22:50:10.614	3	0	0	0	0	0	0	0	0	0	0	0	0	
494	2026-05-07 22:51:48.238	2026-05-07 22:51:48.394	4	0	0	0	0	0	0	0	0	0	0	0	0	
494	2026-05-07 22:54:59.744	2026-05-07 22:55:00.415	4	0	0	0	0	0	0	0	0	0	0	0	0	
494	2026-05-07 22:55:25.469	2026-05-07 22:55:25.703	3	0	0	0	0	0	0	0	0	0	0	0	0	
494	2026-05-07 22:55:26.389	2026-05-07 22:55:27.278	4	0	0	0	0	0	0	0	0	0	0	0	0	
494	2026-05-07 22:55:25.906	2026-05-07 22:55:27.575	3	0	0	0	0	6	0.084000002592802	0.7956014	0	0	0	0	0	2026-05-07 22:55:26.561
502	2026-05-07 22:52:33.338	2026-05-07 22:52:33.369	6	0	0	0	0	0	0	0	0	0	0	0	0	
502	2026-05-07 22:52:41.045	2026-05-07 22:52:41.388	6	0	0	0	0	0	0	0	0	0	0	0	0	
502	2026-05-07 22:52:42.137	2026-05-07 22:52:42.168	6	0	0	0	0	0	0	0	0	0	0	0	0	
502	2026-05-07 22:52:42.230	2026-05-07 22:52:42.464	6	0	0	0	0	0	0	0	0	0	0	0	0	
502	2026-05-07 22:52:45.584	2026-05-07 22:52:46.286	6	0	0	0	0	0	0	0	0	0	0	0	0	
502	2026-05-07 22:52:47.035	2026-05-07 22:52:49.422	6	0	0	0	0	0	0	0	0	0	0	0	0	
502	2026-05-07 22:52:56.457	2026-05-07 22:52:56.598	6	0	0	0	0	0	0	0	0	0	0	0	0	
502	2026-05-07 22:52:58.969	2026-05-07 22:52:59.297	5	0	0	0	0	0	0	0	0	0	0	0	0	
502	2026-05-07 22:54:27.172	2026-05-07 22:54:30.120	6	0	0	0	0	0	0	0	0	0	0	0	0	
502	2026-05-07 22:54:30.214	2026-05-07 22:56:14.859	6	0	0	0	0	0	0	0	0	0	0	0	0	
502	2026-05-07 22:56:15.030	2026-05-07 22:56:16.528	6	0	0	0	0	0	0	0	0	0	0	0	0	
503	2026-05-07 22:53:53.897	2026-05-07 22:54:06.611	7	0	0	0	0	47	8.39999974146485	11.7936206	0	0	0	0	0	2026-05-07 22:53:54.646
503	2026-05-07 22:57:03.749	2026-05-07 22:57:03.765	8	0	0	0	0	0	0	0	0	0	0	0	0	
509	2026-05-07 22:57:02.797	2026-05-07 22:57:06.245	5	0	0	0	0	19	1.00799997150898	2.4492042	0	0	0	0	0	2026-05-07 22:57:03.187
510	2026-05-07 22:57:14.232	2026-05-07 22:57:14.825	7	0	0	0	0	0	0	0	0	0	0	0	0	
510	2026-05-07 22:57:15.075	2026-05-07 22:57:15.121	8	0	0	0	0	0	0	0	0	0	0	0	0	
511	2026-05-07 22:57:15.137	2026-05-07 22:57:15.309	5	0	0	0	0	0	0	0	0	0	0	0	0	
511	2026-05-07 22:57:15.324	2026-05-07 22:57:15.543	5	0	0	0	0	0	0	0	0	0	0	0	0	
511	2026-05-07 22:57:16.806	2026-05-07 22:57:24.029	6	0	0	0	0	55	2.30999994277954	6.4740114	0	0	0	0	0	2026-05-07 22:57:17.352
512	2026-05-07 22:58:06.664	2026-05-07 22:58:07.007	7	0	0	0	0	0	0	0	0	0	0	0	0	
512	2026-05-07 22:58:10.595	2026-05-07 22:58:10.626	8	0	0	0	0	0	0	0	0	0	0	0	0	
507	2026-05-07 22:57:59.862	2026-05-07 22:58:00.221	2	0	0	0	0	0	0	0	0	0	0	0	0	
507	2026-05-07 22:58:39.330	2026-05-07 22:58:43.667	2	0	0	0	0	29	1.41400004923344	4.0404071	0	0	0	0	0	2026-05-07 22:58:39.533
507	2026-05-07 22:58:43.683	2026-05-07 22:58:43.761	2	0	0	0	0	0	0	0	0	0	0	0	0	
513	2026-05-07 22:59:50.825	2026-05-07 23:00:00.263	7	0	0	0	0	70	1.35800001583993	7.6440134	0	0	0	0	0	2026-05-07 22:59:51.761
513	2026-05-07 23:00:04.054	2026-05-07 23:00:04.397	7	0	0	0	0	0	0	0	0	0	0	0	0	
513	2026-05-07 23:00:06.488	2026-05-07 23:00:06.535	7	0	0	0	0	0	0	0	0	0	0	0	0	
513	2026-05-07 23:00:06.581	2026-05-07 23:00:12.993	7	0	0	0	0	0	0	0	0	0	0	0	0	
513	2026-05-07 23:00:13.243	2026-05-07 23:00:49.762	7	0	0	0	0	0	0	0	0	0	0	0	0	
513	2026-05-07 23:00:53.038	2026-05-07 23:00:53.335	8	0	0	0	0	0	0	0	0	0	0	0	0	
508	2026-05-07 22:56:54.654	2026-05-07 22:56:55.185	3	0	0	0	0	0	0	0	0	0	0	0	0	
516	2026-05-07 23:04:59.051	2026-05-07 23:04:59.269	3	0	0	0	0	0	0	0	0	0	0	0	0	
514	2026-05-07 23:00:33.211	2026-05-07 23:00:33.460	6	0	0	0	0	0	0	0	0	0	0	0	0	
514	2026-05-07 23:00:34.381	2026-05-07 23:00:34.661	6	0	0	0	0	0	0	0	0	0	0	0	0	
515	2026-05-07 23:04:45.291	2026-05-07 23:04:45.541	7	0	0	0	0	0	0	0	0	0	0	0	0	
515	2026-05-07 23:04:46.040	2026-05-07 23:04:47.959	7	0	0	0	0	0	0	0	0	0	0	0	0	
515	2026-05-07 23:04:48.146	2026-05-07 23:04:48.240	7	0	0	0	0	0	0	0	0	0	0	0	0	
515	2026-05-07 23:04:56.633	2026-05-07 23:04:56.913	7	0	0	0	0	0	0	0	0	0	0	0	0	
515	2026-05-07 23:04:57.834	2026-05-07 23:04:57.881	7	0	0	0	0	0	0	0	0	0	0	0	0	
515	2026-05-07 23:05:16.647	2026-05-07 23:06:04.711	7	0	0	0	0	0	0	0	0	0	0	0	0	
515	2026-05-07 23:06:13.213	2026-05-07 23:06:13.244	7	0	0	0	0	0	0	0	0	0	0	0	0	
515	2026-05-07 23:06:13.993	2026-05-07 23:07:08.094	7	0	0	0	0	0	0	0	0	0	0	0	0	
515	2026-05-07 23:08:03.989	2026-05-07 23:08:04.005	7	0	0	0	0	0	0	0	0	0	0	0	0	
515	2026-05-07 23:08:04.426	2026-05-07 23:08:04.504	7	0	0	0	0	0	0	0	0	0	0	0	0	
515	2026-05-07 23:08:08.825	2026-05-07 23:08:09.121	8	0	0	0	0	0	0	0	0	0	0	0	0	
518	2026-05-07 23:05:03.450	2026-05-07 23:05:07.740	4	0	0	0	0	30	1.12000000849366	3.6348064	0	0	0	0	0	2026-05-07 23:05:04.011
518	2026-05-07 23:05:07.849	2026-05-07 23:05:08.036	4	0	0	0	0	0	0	0	0	0	0	0	0	
518	2026-05-07 23:05:09.971	2026-05-07 23:05:14.947	4	0	0	0	0	16	0.504000015556812	1.8720033	0	0	0	0	0	2026-05-07 23:05:10.470
518	2026-05-07 23:05:26.039	2026-05-07 23:05:27.583	4	0	0	0	0	1	0.0280000008642673	0.2340004	0	0	0	0	0	2026-05-07 23:05:27.100
518	2026-05-07 23:06:32.495	2026-05-07 23:06:32.542	4	0	0	0	0	0	0	0	0	0	0	0	0	
518	2026-05-07 23:06:32.885	2026-05-07 23:06:32.900	4	0	0	0	0	0	0	0	0	0	0	0	0	
518	2026-05-07 23:06:33.150	2026-05-07 23:06:33.166	4	0	0	0	0	0	0	0	0	0	0	0	0	
518	2026-05-07 23:06:33.337	2026-05-07 23:06:33.384	4	0	0	0	0	0	0	0	0	0	0	0	0	
518	2026-05-07 23:06:33.571	2026-05-07 23:06:33.602	4	0	0	0	0	0	0	0	0	0	0	0	0	
518	2026-05-07 23:06:33.758	2026-05-07 23:06:33.821	4	0	0	0	0	0	0	0	0	0	0	0	0	
518	2026-05-07 23:06:34.367	2026-05-07 23:06:34.398	4	0	0	0	0	0	0	0	0	0	0	0	0	
518	2026-05-07 23:06:34.788	2026-05-07 23:06:34.819	4	0	0	0	0	0	0	0	0	0	0	0	0	
518	2026-05-07 23:06:35.131	2026-05-07 23:06:35.194	4	0	0	0	0	0	0	0	0	0	0	0	0	
518	2026-05-07 23:06:35.474	2026-05-07 23:06:35.568	4	0	0	0	0	0	0	0	0	0	0	0	0	
518	2026-05-07 23:06:35.896	2026-05-07 23:06:39.031	4	0	0	0	0	0	0	0	0	0	0	0	0	
518	2026-05-07 23:08:32.443	2026-05-07 23:08:38.605	3	0	0	0	0	48	1.86200000345707	5.5068097	0	0	0	0	0	2026-05-07 23:08:32.943
518	2026-05-07 23:10:01.348	2026-05-07 23:10:01.379	4	0	0	0	0	0	0	0	0	0	0	0	0	
519	2026-05-07 23:07:44.473	2026-05-07 23:07:49.309	5	0	0	0	0	33	1.67999994754791	4.2900076	0	0	0	0	0	2026-05-07 23:07:44.941
519	2026-05-07 23:09:11.054	2026-05-07 23:09:11.319	6	0	0	0	0	0	0	0	0	0	0	0	0	
519	2026-05-07 23:09:11.412	2026-05-07 23:09:11.444	6	0	0	0	0	0	0	0	0	0	0	0	0	
519	2026-05-07 23:13:19.796	2026-05-07 23:13:20.529	5	0	0	0	0	0	0	0	0	0	0	0	0	
523	2026-05-07 23:13:21.871	2026-05-07 23:13:25.100	5	0	0	0	0	0	0	0	0	0	0	0	0	
523	2026-05-07 23:13:26.598	2026-05-07 23:13:28.423	6	0	0	0	0	0	0	0	0	0	0	0	0	
523	2026-05-07 23:14:05.707	2026-05-07 23:14:11.744	5	0	0	0	0	37	2.02999997138977	5.2170091	0	0	0	0	0	2026-05-07 23:14:06.471
521	2026-05-07 23:10:23.906	2026-05-07 23:10:25.135	4	0	0	0	0	0	0	0	0	0	0	0	0	
521	2026-05-07 23:13:55.801	2026-05-07 23:13:55.972	3	0	0	0	0	0	0	0	0	0	0	0	0	
521	2026-05-07 23:14:23.226	2026-05-07 23:14:29.590	3	0	0	0	0	48	2.38000011444092	5.8188102	0	0	0	0	0	2026-05-07 23:14:23.694
525	2026-05-07 23:15:38.355	2026-05-07 23:15:38.714	3	0	0	0	0	0	0	0	0	0	0	0	0	
525	2026-05-07 23:15:39.323	2026-05-07 23:15:39.494	4	0	0	0	0	0	0	0	0	0	0	0	0	
520	2026-05-07 23:08:41.694	2026-05-07 23:08:41.772	8	0	0	0	0	0	0	0	0	0	0	0	0	
520	2026-05-07 23:08:42.115	2026-05-07 23:08:53.784	8	0	0	0	0	42	0.588000012561679	6.752412	0	0	0	0	0	2026-05-07 23:08:42.817
520	2026-05-07 23:08:56.514	2026-05-07 23:08:56.779	7	0	0	0	0	0	0	0	0	0	0	0	0	
520	2026-05-07 23:08:58.230	2026-05-07 23:08:58.839	8	0	0	0	0	0	0	0	0	0	0	0	0	
520	2026-05-07 23:09:00.960	2026-05-07 23:09:01.725	7	0	0	0	0	0	0	0	0	0	0	0	0	
520	2026-05-07 23:09:11.007	2026-05-07 23:09:21.162	8	0	0	0	0	71	4.08799999952316	9.0636159	0	0	0	0	0	2026-05-07 23:09:11.787
520	2026-05-07 23:09:26.950	2026-05-07 23:09:27.044	8	0	0	0	0	0	0	0	0	0	0	0	0	
527	2026-05-07 23:17:01.784	2026-05-07 23:17:14.748	7	0	0	0	0	80	3.58299993537366	10.0570175	0	0	0	0	0	2026-05-07 23:17:02.705
527	2026-05-07 23:17:29.864	2026-05-07 23:17:30.052	8	0	0	0	0	0	0	0	0	0	0	0	0	
527	2026-05-07 23:17:30.644	2026-05-07 23:17:58.038	8	0	0	0	0	0	0	0	0	0	0	0	0	
522	2026-05-07 23:10:54.965	2026-05-07 23:10:55.246	1	0	0	0	0	0	0	0	0	0	0	0	0	
522	2026-05-07 23:10:55.308	2026-05-07 23:11:05.386	1	0	0	0	0	70	4.03200000710785	9.096016	0	0	0	0	0	2026-05-07 23:10:55.792
522	2026-05-07 23:14:20.542	2026-05-07 23:16:06.420	2	0	0	0	0	0	0	0	0	0	0	0	0	
522	2026-05-07 23:16:07.262	2026-05-07 23:16:14.657	2	0	0	0	0	8	0.112000003457069	1.7784033	0	0	0	0	0	2026-05-07 23:16:07.824
522	2026-05-07 23:16:34.890	2026-05-07 23:16:34.983	2	0	0	0	0	0	0	0	0	0	0	0	0	
522	2026-05-07 23:16:36.918	2026-05-07 23:16:38.400	2	0	0	0	0	0	0	0	0	0	0	0	0	
522	2026-05-07 23:16:43.408	2026-05-07 23:16:44.047	2	0	0	0	0	0	0	0	0	0	0	0	0	
522	2026-05-07 23:16:44.858	2026-05-07 23:16:44.905	2	0	0	0	0	0	0	0	0	0	0	0	0	
522	2026-05-07 23:16:45.997	2026-05-07 23:16:46.138	2	0	0	0	0	0	0	0	0	0	0	0	0	
522	2026-05-07 23:16:46.652	2026-05-07 23:16:47.230	2	0	0	0	0	0	0	0	0	0	0	0	0	
522	2026-05-07 23:16:47.947	2026-05-07 23:16:48.540	2	0	0	0	0	0	0	0	0	0	0	0	0	
522	2026-05-07 23:16:48.883	2026-05-07 23:16:48.914	2	0	0	0	0	0	0	0	0	0	0	0	0	
522	2026-05-07 23:16:50.116	2026-05-07 23:16:50.334	2	0	0	0	0	0	0	0	0	0	0	0	0	
522	2026-05-07 23:17:47.602	2026-05-07 23:17:51.408	2	0	0	0	0	15	0.209999999031425	2.3868041	0	0	0	0	0	2026-05-07 23:17:48.163
522	2026-05-07 23:17:52.890	2026-05-07 23:17:52.921	2	0	0	0	0	0	0	0	0	0	0	0	0	
522	2026-05-07 23:17:53.130	2026-05-07 23:17:53.140	2	0	0	0	0	0	0	0	0	0	0	0	0	
522	2026-05-07 23:19:44.695	2026-05-07 23:19:49.219	2	0	0	0	0	4	0.0700000002980232	0.7020012	0	0	0	0	0	2026-05-07 23:19:45.772
530	2026-05-07 23:20:32.276	2026-05-07 23:20:32.525	1	0	0	0	0	0	0	0	0	0	0	0	0	
530	2026-05-07 23:20:33.898	2026-05-07 23:20:34.366	1	0	0	0	0	0	0	0	0	0	0	0	0	
529	2026-05-07 23:20:38.594	2026-05-07 23:20:38.656	8	0	0	0	0	0	0	0	0	0	0	0	0	
529	2026-05-07 23:20:38.765	2026-05-07 23:20:38.828	8	0	0	0	0	0	0	0	0	0	0	0	0	
529	2026-05-07 23:20:45.208	2026-05-07 23:20:45.255	8	0	0	0	0	0	0	0	0	0	0	0	0	
529	2026-05-07 23:20:45.364	2026-05-07 23:20:45.426	8	0	0	0	0	0	0	0	0	0	0	0	0	
529	2026-05-07 23:20:45.567	2026-05-07 23:20:45.582	8	0	0	0	0	0	0	0	0	0	0	0	0	
529	2026-05-07 23:20:45.785	2026-05-07 23:20:45.801	8	0	0	0	0	0	0	0	0	0	0	0	0	
529	2026-05-07 23:20:48.032	2026-05-07 23:20:48.718	7	0	0	0	0	0	0	0	0	0	0	0	0	
529	2026-05-07 23:20:48.812	2026-05-07 23:20:49.092	7	0	0	0	0	0	0	0	0	0	0	0	0	
529	2026-05-07 23:20:49.061	2026-05-07 23:20:50.777	8	0	0	0	0	0	0	0	0	0	0	0	0	
532	2026-05-07 23:20:59.513	2026-05-07 23:20:59.591	7	0	0	0	0	0	0	0	0	0	0	0	0	
532	2026-05-07 23:20:59.716	2026-05-07 23:21:00.122	7	0	0	0	0	0	0	0	0	0	0	0	0	
532	2026-05-07 23:21:00.184	2026-05-07 23:21:00.574	7	0	0	0	0	0	0	0	0	0	0	0	0	
532	2026-05-07 23:21:01.120	2026-05-07 23:21:01.182	7	0	0	0	0	0	0	0	0	0	0	0	0	
532	2026-05-07 23:21:26.018	2026-05-07 23:21:29.418	7	0	0	0	0	0	0	0	0	0	0	0	0	
532	2026-05-07 23:21:29.590	2026-05-07 23:21:41.321	7	0	0	0	0	0	0	0	0	0	0	0	0	
532	2026-05-07 23:21:41.462	2026-05-07 23:21:48.216	7	0	0	0	0	0	0	0	0	0	0	0	0	
532	2026-05-07 23:21:49.917	2026-05-07 23:21:50.010	7	0	0	0	0	0	0	0	0	0	0	0	0	
532	2026-05-07 23:21:50.182	2026-05-07 23:21:50.322	7	0	0	0	0	0	0	0	0	0	0	0	0	
532	2026-05-07 23:21:50.463	2026-05-07 23:21:59.558	7	0	0	0	0	0	0	0	0	0	0	0	0	
532	2026-05-07 23:22:00.650	2026-05-07 23:22:00.696	7	0	0	0	0	0	0	0	0	0	0	0	0	
532	2026-05-07 23:22:00.790	2026-05-07 23:22:00.852	7	0	0	0	0	0	0	0	0	0	0	0	0	
532	2026-05-07 23:22:01.554	2026-05-07 23:22:01.632	7	0	0	0	0	0	0	0	0	0	0	0	0	
532	2026-05-07 23:22:01.710	2026-05-07 23:22:01.804	7	0	0	0	0	0	0	0	0	0	0	0	0	
532	2026-05-07 23:22:01.929	2026-05-07 23:22:07.373	7	0	0	0	0	0	0	0	0	0	0	0	0	
532	2026-05-07 23:22:15.750	2026-05-07 23:22:15.813	7	0	0	0	0	0	0	0	0	0	0	0	0	
532	2026-05-07 23:22:16.296	2026-05-07 23:22:16.452	7	0	0	0	0	0	0	0	0	0	0	0	0	
532	2026-05-07 23:22:16.530	2026-05-07 23:22:17.076	7	0	0	0	0	0	0	0	0	0	0	0	0	
532	2026-05-07 23:22:17.342	2026-05-07 23:22:17.529	7	0	0	0	0	0	0	0	0	0	0	0	0	
532	2026-05-07 23:22:17.576	2026-05-07 23:22:18.153	7	0	0	0	0	0	0	0	0	0	0	0	0	
532	2026-05-07 23:22:19.042	2026-05-07 23:22:19.619	7	0	0	0	0	0	0	0	0	0	0	0	0	
532	2026-05-07 23:22:19.916	2026-05-07 23:22:22.895	7	0	0	0	0	0	0	0	0	0	0	0	0	
532	2026-05-07 23:22:24.830	2026-05-07 23:22:24.986	8	0	0	0	0	0	0	0	0	0	0	0	0	
532	2026-05-07 23:22:25.267	2026-05-07 23:22:25.735	7	0	0	0	0	0	0	0	0	0	0	0	0	
532	2026-05-07 23:22:26.421	2026-05-07 23:22:26.936	7	0	0	0	0	0	0	0	0	0	0	0	0	
532	2026-05-07 23:22:36.077	2026-05-07 23:22:36.218	8	0	0	0	0	0	0	0	0	0	0	0	0	
532	2026-05-07 23:22:38.121	2026-05-07 23:22:38.698	8	0	0	0	0	0	0	0	0	0	0	0	0	
533	2026-05-07 23:22:45.812	2026-05-07 23:22:55.297	7	0	0	0	0	69	3.73799991607666	8.8452155	0	0	0	0	0	2026-05-07 23:22:46.358
533	2026-05-07 23:22:59.930	2026-05-07 23:23:00.148	7	0	0	0	0	0	0	0	0	0	0	0	0	
533	2026-05-07 23:23:00.523	2026-05-07 23:23:34.250	7	0	0	0	0	0	0	0	0	0	0	0	0	
534	2026-05-07 23:23:39.757	2026-05-07 23:23:39.835	7	0	0	0	0	0	0	0	0	0	0	0	0	
534	2026-05-07 23:23:46.543	2026-05-07 23:23:46.699	8	0	0	0	0	0	0	0	0	0	0	0	0	
534	2026-05-07 23:23:57.665	2026-05-07 23:23:58.009	8	0	0	0	0	0	0	0	0	0	0	0	0	
534	2026-05-07 23:24:02.049	2026-05-07 23:24:02.330	8	0	0	0	0	0	0	0	0	0	0	0	0	
534	2026-05-07 23:24:02.423	2026-05-07 23:24:02.954	8	0	0	0	0	0	0	0	0	0	0	0	0	
536	2026-05-07 23:24:12.002	2026-05-07 23:24:12.283	7	0	0	0	0	0	0	0	0	0	0	0	0	
536	2026-05-07 23:24:12.329	2026-05-07 23:24:19.771	7	0	0	0	0	16	0.224000005051494	2.8518048	0	0	0	0	0	2026-05-07 23:24:13.031
536	2026-05-07 23:24:22.719	2026-05-07 23:24:22.953	7	0	0	0	0	0	0	0	0	0	0	0	0	
536	2026-05-07 23:25:28.411	2026-05-07 23:25:28.426	8	0	0	0	0	0	0	0	0	0	0	0	0	
536	2026-05-07 23:25:47.256	2026-05-07 23:25:47.287	8	0	0	0	0	0	0	0	0	0	0	0	0	
536	2026-05-07 23:26:11.607	2026-05-07 23:26:12.465	7	0	0	0	0	0	0	0	0	0	0	0	0	
536	2026-05-07 23:26:40.951	2026-05-07 23:26:40.967	8	0	0	0	0	0	0	0	0	0	0	0	0	
536	2026-05-07 23:26:41.076	2026-05-07 23:26:41.154	8	0	0	0	0	0	0	0	0	0	0	0	0	
536	2026-05-07 23:26:56.613	2026-05-07 23:26:57.066	7	0	0	0	0	0	0	0	0	0	0	0	0	
524	2026-05-07 23:23:08.432	2026-05-07 23:23:08.463	5	0	0	0	0	0	0	0	0	0	0	0	0	
524	2026-05-07 23:24:03.765	2026-05-07 23:24:05.996	5	0	0	0	0	0	0	0	0	0	0	0	0	
524	2026-05-07 23:25:58.254	2026-05-07 23:26:14.119	5	0	0	0	0	0	0	0	0	0	0	0	0	
524	2026-05-07 23:26:25.569	2026-05-07 23:26:33.697	5	0	0	0	0	0	0	0	0	0	0	0	0	
537	2026-05-07 23:28:57.966	2026-05-07 23:29:05.719	8	0	0	0	0	15	0.21000000461936	2.8236049	0	0	0	0	0	2026-05-07 23:28:58.933
537	2026-05-07 23:29:08.059	2026-05-07 23:29:08.184	7	0	0	0	0	0	0	0	0	0	0	0	0	
537	2026-05-07 23:29:11.772	2026-05-07 23:29:15.360	7	0	0	0	0	26	1.42799997329712	3.3384058	0	0	0	0	0	2026-05-07 23:29:12.022
537	2026-05-07 23:29:21.803	2026-05-07 23:29:22.115	7	0	0	0	0	0	0	0	0	0	0	0	0	
537	2026-05-07 23:29:39.805	2026-05-07 23:29:39.852	8	0	0	0	0	0	0	0	0	0	0	0	0	
537	2026-05-07 23:29:40.960	2026-05-07 23:29:41.100	8	0	0	0	0	0	0	0	0	0	0	0	0	
537	2026-05-07 23:29:42.192	2026-05-07 23:29:42.301	8	0	0	0	0	0	0	0	0	0	0	0	0	
537	2026-05-07 23:29:42.504	2026-05-07 23:29:42.613	8	0	0	0	0	0	0	0	0	0	0	0	0	
537	2026-05-07 23:29:42.738	2026-05-07 23:29:44.236	8	0	0	0	0	0	0	0	0	0	0	0	0	
537	2026-05-07 23:29:44.314	2026-05-07 23:29:46.139	8	0	0	0	0	0	0	0	0	0	0	0	0	
537	2026-05-07 23:29:48.120	2026-05-07 23:29:48.136	8	0	0	0	0	0	0	0	0	0	0	0	0	
537	2026-05-07 23:30:32.331	2026-05-07 23:30:33.532	8	0	0	0	0	0	0	0	0	0	0	0	0	
537	2026-05-07 23:30:33.610	2026-05-07 23:30:34.031	8	0	0	0	0	0	0	0	0	0	0	0	0	
537	2026-05-07 23:30:34.764	2026-05-07 23:30:35.513	8	0	0	0	0	0	0	0	0	0	0	0	0	
537	2026-05-07 23:30:38.212	2026-05-07 23:30:38.243	8	0	0	0	0	0	0	0	0	0	0	0	0	
537	2026-05-07 23:30:38.352	2026-05-07 23:30:38.586	8	0	0	0	0	0	0	0	0	0	0	0	0	
537	2026-05-07 23:30:38.633	2026-05-07 23:30:38.727	8	0	0	0	0	0	0	0	0	0	0	0	0	
537	2026-05-07 23:30:38.820	2026-05-07 23:30:38.867	8	0	0	0	0	0	0	0	0	0	0	0	0	
537	2026-05-07 23:30:39.210	2026-05-07 23:30:39.241	8	0	0	0	0	0	0	0	0	0	0	0	0	
537	2026-05-07 23:30:39.397	2026-05-07 23:30:40.677	8	0	0	0	0	0	0	0	0	0	0	0	0	
537	2026-05-07 23:31:22.999	2026-05-07 23:31:23.140	8	0	0	0	0	0	0	0	0	0	0	0	0	
537	2026-05-07 23:31:39.582	2026-05-07 23:31:39.660	8	0	0	0	0	0	0	0	0	0	0	0	0	
537	2026-05-07 23:31:49.005	2026-05-07 23:31:51.017	8	0	0	0	0	0	0	0	0	0	0	0	0	
537	2026-05-07 23:32:09.129	2026-05-07 23:32:09.300	8	0	0	0	0	0	0	0	0	0	0	0	0	
537	2026-05-07 23:32:09.316	2026-05-07 23:32:09.456	8	0	0	0	0	0	0	0	0	0	0	0	0	
537	2026-05-07 23:32:35.789	2026-05-07 23:32:37.193	7	0	0	0	0	0	0	0	0	0	0	0	0	
537	2026-05-07 23:32:38.129	2026-05-07 23:32:39.970	7	0	0	0	0	0	0	0	0	0	0	0	0	
537	2026-05-07 23:32:37.380	2026-05-07 23:32:40.157	8	0	0	0	0	18	0.811999976634979	2.324404	0	0	0	0	0	2026-05-07 23:32:37.833
526	2026-05-07 23:15:54.860	2026-05-07 23:15:54.954	3	0	0	0	0	0	0	0	0	0	0	0	0	
526	2026-05-07 23:15:56.483	2026-05-07 23:15:56.545	3	0	0	0	0	0	0	0	0	0	0	0	0	
526	2026-05-07 23:15:57.185	2026-05-07 23:16:06.155	3	0	0	0	0	64	3.09400005638599	7.956014	0	0	0	0	0	2026-05-07 23:15:57.699
526	2026-05-07 23:17:43.187	2026-05-07 23:17:43.717	3	0	0	0	0	0	0	0	0	0	0	0	0	
526	2026-05-07 23:17:47.695	2026-05-07 23:17:53.623	3	0	0	0	0	44	1.21799999661744	4.9920088	0	0	0	0	0	2026-05-07 23:17:48.272
526	2026-05-07 23:20:07.893	2026-05-07 23:20:07.955	4	0	0	0	0	0	0	0	0	0	0	0	0	
526	2026-05-07 23:20:07.877	2026-05-07 23:20:08.127	3	0	0	0	0	0	0	0	0	0	0	0	0	
526	2026-05-07 23:20:08.236	2026-05-07 23:20:08.283	4	0	0	0	0	0	0	0	0	0	0	0	0	
526	2026-05-07 23:20:08.517	2026-05-07 23:20:08.548	4	0	0	0	0	0	0	0	0	0	0	0	0	
526	2026-05-07 23:20:08.735	2026-05-07 23:20:08.766	4	0	0	0	0	0	0	0	0	0	0	0	0	
526	2026-05-07 23:20:09.156	2026-05-07 23:20:09.983	4	0	0	0	0	0	0	0	0	0	0	0	0	
541	2026-05-07 23:42:37.279	2026-05-07 23:42:38.371	4	0	0	0	0	0	0	0	0	0	0	0	0	
541	2026-05-07 23:42:39.011	2026-05-07 23:42:39.058	4	0	0	0	0	0	0	0	0	0	0	0	0	
541	2026-05-07 23:42:39.619	2026-05-07 23:42:39.713	4	0	0	0	0	0	0	0	0	0	0	0	0	
541	2026-05-07 23:42:39.869	2026-05-07 23:42:40.150	4	0	0	0	0	0	0	0	0	0	0	0	0	
541	2026-05-07 23:42:40.509	2026-05-07 23:42:41.039	4	0	0	0	0	0	0	0	0	0	0	0	0	
531	2026-05-07 23:20:54.412	2026-05-07 23:21:05.098	2	0	0	0	0	18	0.294000005349517	3.2136056	0	0	0	0	0	2026-05-07 23:20:55.566
531	2026-05-07 23:23:51.519	2026-05-07 23:23:51.566	2	0	0	0	0	0	0	0	0	0	0	0	0	
531	2026-05-07 23:24:56.072	2026-05-07 23:24:56.088	2	0	0	0	0	0	0	0	0	0	0	0	0	
531	2026-05-07 23:25:00.331	2026-05-07 23:25:11.610	2	0	0	0	0	0	0	0	0	0	0	0	0	
531	2026-05-07 23:27:03.290	2026-05-07 23:27:03.337	2	0	0	0	0	0	0	0	0	0	0	0	0	
544	2026-05-07 23:44:41.939	2026-05-07 23:44:42.501	2	0	0	0	0	0	0	0	0	0	0	0	0	
538	2026-05-07 23:35:36.827	2026-05-07 23:35:50.930	8	0	0	0	0	26	0.364000003784895	4.2744078	0	0	0	0	0	2026-05-07 23:35:37.451
538	2026-05-07 23:35:56.749	2026-05-07 23:35:57.981	8	0	0	0	0	0	0	0	0	0	0	0	0	
538	2026-05-07 23:36:07.809	2026-05-07 23:36:07.903	7	0	0	0	0	0	0	0	0	0	0	0	0	
538	2026-05-07 23:36:08.792	2026-05-07 23:36:15.266	7	0	0	0	0	46	2.74399995803833	5.7096101	0	0	0	0	0	2026-05-07 23:36:09.556
538	2026-05-07 23:36:26.373	2026-05-07 23:36:26.451	7	0	0	0	0	0	0	0	0	0	0	0	0	
538	2026-05-07 23:36:26.794	2026-05-07 23:36:26.826	7	0	0	0	0	0	0	0	0	0	0	0	0	
538	2026-05-07 23:38:28.989	2026-05-07 23:38:29.021	7	0	0	0	0	0	0	0	0	0	0	0	0	
538	2026-05-07 23:38:29.629	2026-05-07 23:38:29.691	7	0	0	0	0	0	0	0	0	0	0	0	0	
538	2026-05-07 23:38:30.097	2026-05-07 23:38:30.159	7	0	0	0	0	0	0	0	0	0	0	0	0	
538	2026-05-07 23:38:31.548	2026-05-07 23:38:31.657	7	0	0	0	0	0	0	0	0	0	0	0	0	
538	2026-05-07 23:38:31.688	2026-05-07 23:38:36.041	7	0	0	0	0	0	0	0	0	0	0	0	0	
538	2026-05-07 23:38:36.072	2026-05-07 23:38:36.212	7	0	0	0	0	0	0	0	0	0	0	0	0	
538	2026-05-07 23:38:36.243	2026-05-07 23:38:36.353	7	0	0	0	0	0	0	0	0	0	0	0	0	
538	2026-05-07 23:38:36.431	2026-05-07 23:38:36.524	7	0	0	0	0	0	0	0	0	0	0	0	0	
538	2026-05-07 23:38:36.821	2026-05-07 23:38:36.930	7	0	0	0	0	0	0	0	0	0	0	0	0	
538	2026-05-07 23:38:37.008	2026-05-07 23:38:37.133	7	0	0	0	0	0	0	0	0	0	0	0	0	
538	2026-05-07 23:38:37.179	2026-05-07 23:38:37.320	7	0	0	0	0	0	0	0	0	0	0	0	0	
538	2026-05-07 23:38:37.398	2026-05-07 23:38:37.523	7	0	0	0	0	0	0	0	0	0	0	0	0	
538	2026-05-07 23:38:37.585	2026-05-07 23:38:37.741	7	0	0	0	0	0	0	0	0	0	0	0	0	
538	2026-05-07 23:38:37.803	2026-05-07 23:38:37.881	7	0	0	0	0	0	0	0	0	0	0	0	0	
538	2026-05-07 23:38:38.989	2026-05-07 23:38:39.285	7	0	0	0	0	0	0	0	0	0	0	0	0	
538	2026-05-07 23:39:45.305	2026-05-07 23:39:45.320	8	0	0	0	0	0	0	0	0	0	0	0	0	
538	2026-05-07 23:39:45.414	2026-05-07 23:39:45.461	8	0	0	0	0	0	0	0	0	0	0	0	0	
538	2026-05-07 23:39:47.255	2026-05-07 23:39:47.270	8	0	0	0	0	0	0	0	0	0	0	0	0	
538	2026-05-07 23:39:48.144	2026-05-07 23:39:48.175	8	0	0	0	0	0	0	0	0	0	0	0	0	
538	2026-05-07 23:39:48.674	2026-05-07 23:39:48.752	8	0	0	0	0	0	0	0	0	0	0	0	0	
538	2026-05-07 23:39:48.846	2026-05-07 23:39:49.158	8	0	0	0	0	0	0	0	0	0	0	0	0	
538	2026-05-07 23:39:49.220	2026-05-07 23:39:49.283	8	0	0	0	0	0	0	0	0	0	0	0	0	
538	2026-05-07 23:39:49.392	2026-05-07 23:39:49.439	8	0	0	0	0	0	0	0	0	0	0	0	0	
538	2026-05-07 23:39:49.579	2026-05-07 23:39:49.876	8	0	0	0	0	0	0	0	0	0	0	0	0	
538	2026-05-07 23:39:49.954	2026-05-07 23:39:49.985	8	0	0	0	0	0	0	0	0	0	0	0	0	
538	2026-05-07 23:39:50.078	2026-05-07 23:39:50.172	8	0	0	0	0	0	0	0	0	0	0	0	0	
538	2026-05-07 23:39:50.266	2026-05-07 23:39:50.702	8	0	0	0	0	0	0	0	0	0	0	0	0	
538	2026-05-07 23:39:50.796	2026-05-07 23:39:51.077	8	0	0	0	0	0	0	0	0	0	0	0	0	
538	2026-05-07 23:39:51.170	2026-05-07 23:39:51.841	8	0	0	0	0	0	0	0	0	0	0	0	0	
538	2026-05-07 23:39:51.904	2026-05-07 23:39:52.013	8	0	0	0	0	0	0	0	0	0	0	0	0	
538	2026-05-07 23:39:52.060	2026-05-07 23:39:52.106	8	0	0	0	0	0	0	0	0	0	0	0	0	
538	2026-05-07 23:39:52.231	2026-05-07 23:39:52.684	8	0	0	0	0	0	0	0	0	0	0	0	0	
538	2026-05-07 23:39:52.777	2026-05-07 23:39:52.902	8	0	0	0	0	0	0	0	0	0	0	0	0	
538	2026-05-07 23:39:52.964	2026-05-07 23:39:53.089	8	0	0	0	0	0	0	0	0	0	0	0	0	
538	2026-05-07 23:39:53.152	2026-05-07 23:39:53.214	8	0	0	0	0	0	0	0	0	0	0	0	0	
538	2026-05-07 23:39:53.386	2026-05-07 23:39:53.464	8	0	0	0	0	0	0	0	0	0	0	0	0	
538	2026-05-07 23:39:53.588	2026-05-07 23:39:54.025	8	0	0	0	0	0	0	0	0	0	0	0	0	
538	2026-05-07 23:39:54.134	2026-05-07 23:39:54.634	8	0	0	0	0	0	0	0	0	0	0	0	0	
538	2026-05-07 23:39:54.743	2026-05-07 23:39:54.774	8	0	0	0	0	0	0	0	0	0	0	0	0	
538	2026-05-07 23:39:54.868	2026-05-07 23:39:55.180	8	0	0	0	0	0	0	0	0	0	0	0	0	
538	2026-05-07 23:39:55.273	2026-05-07 23:39:55.367	8	0	0	0	0	0	0	0	0	0	0	0	0	
538	2026-05-07 23:39:55.460	2026-05-07 23:39:55.507	8	0	0	0	0	0	0	0	0	0	0	0	0	
538	2026-05-07 23:39:56.755	2026-05-07 23:39:56.802	8	0	0	0	0	0	0	0	0	0	0	0	0	
538	2026-05-07 23:39:56.927	2026-05-07 23:39:57.114	8	0	0	0	0	0	0	0	0	0	0	0	0	
538	2026-05-07 23:39:57.145	2026-05-07 23:39:57.192	8	0	0	0	0	0	0	0	0	0	0	0	0	
538	2026-05-07 23:39:57.239	2026-05-07 23:39:57.676	8	0	0	0	0	0	0	0	0	0	0	0	0	
538	2026-05-07 23:39:57.800	2026-05-07 23:39:57.878	8	0	0	0	0	0	0	0	0	0	0	0	0	
538	2026-05-07 23:39:58.097	2026-05-07 23:39:58.128	8	0	0	0	0	0	0	0	0	0	0	0	0	
538	2026-05-07 23:39:58.268	2026-05-07 23:39:58.378	8	0	0	0	0	0	0	0	0	0	0	0	0	
538	2026-05-07 23:39:58.612	2026-05-07 23:39:58.674	8	0	0	0	0	0	0	0	0	0	0	0	0	
538	2026-05-07 23:39:58.783	2026-05-07 23:39:58.908	8	0	0	0	0	0	0	0	0	0	0	0	0	
538	2026-05-07 23:39:59.002	2026-05-07 23:39:59.033	8	0	0	0	0	0	0	0	0	0	0	0	0	
538	2026-05-07 23:39:59.142	2026-05-07 23:39:59.236	8	0	0	0	0	0	0	0	0	0	0	0	0	
538	2026-05-07 23:39:59.329	2026-05-07 23:39:59.688	8	0	0	0	0	0	0	0	0	0	0	0	0	
538	2026-05-07 23:39:59.828	2026-05-07 23:39:59.844	8	0	0	0	0	0	0	0	0	0	0	0	0	
538	2026-05-07 23:40:00.187	2026-05-07 23:40:00.296	8	0	0	0	0	0	0	0	0	0	0	0	0	
538	2026-05-07 23:40:00.343	2026-05-07 23:40:00.468	8	0	0	0	0	0	0	0	0	0	0	0	0	
538	2026-05-07 23:40:00.530	2026-05-07 23:40:00.640	8	0	0	0	0	0	0	0	0	0	0	0	0	
538	2026-05-07 23:40:00.749	2026-05-07 23:40:00.842	8	0	0	0	0	0	0	0	0	0	0	0	0	
538	2026-05-07 23:40:00.920	2026-05-07 23:40:00.952	8	0	0	0	0	0	0	0	0	0	0	0	0	
538	2026-05-07 23:40:01.014	2026-05-07 23:40:01.170	8	0	0	0	0	0	0	0	0	0	0	0	0	
538	2026-05-07 23:40:01.186	2026-05-07 23:40:01.607	8	0	0	0	0	0	0	0	0	0	0	0	0	
538	2026-05-07 23:40:01.825	2026-05-07 23:40:02.137	8	0	0	0	0	0	0	0	0	0	0	0	0	
538	2026-05-07 23:40:02.153	2026-05-07 23:40:02.278	8	0	0	0	0	0	0	0	0	0	0	0	0	
538	2026-05-07 23:40:02.340	2026-05-07 23:40:02.496	8	0	0	0	0	0	0	0	0	0	0	0	0	
538	2026-05-07 23:40:02.558	2026-05-07 23:40:02.683	8	0	0	0	0	0	0	0	0	0	0	0	0	
538	2026-05-07 23:40:02.714	2026-05-07 23:40:03.120	8	0	0	0	0	0	0	0	0	0	0	0	0	
538	2026-05-07 23:40:03.136	2026-05-07 23:40:03.276	8	0	0	0	0	0	0	0	0	0	0	0	0	
538	2026-05-07 23:40:03.370	2026-05-07 23:40:03.416	8	0	0	0	0	0	0	0	0	0	0	0	0	
538	2026-05-07 23:40:05.054	2026-05-07 23:40:05.086	8	0	0	0	0	0	0	0	0	0	0	0	0	
538	2026-05-07 23:40:05.226	2026-05-07 23:40:06.224	8	0	0	0	0	0	0	0	0	0	0	0	0	
538	2026-05-07 23:40:06.334	2026-05-07 23:40:06.880	8	0	0	0	0	0	0	0	0	0	0	0	0	
538	2026-05-07 23:40:06.911	2026-05-07 23:40:06.989	8	0	0	0	0	0	0	0	0	0	0	0	0	
538	2026-05-07 23:40:07.098	2026-05-07 23:40:07.145	8	0	0	0	0	0	0	0	0	0	0	0	0	
538	2026-05-07 23:40:07.254	2026-05-07 23:40:07.706	8	0	0	0	0	0	0	0	0	0	0	0	0	
538	2026-05-07 23:40:07.784	2026-05-07 23:40:08.783	8	0	0	0	0	0	0	0	0	0	0	0	0	
538	2026-05-07 23:40:08.814	2026-05-07 23:40:08.876	8	0	0	0	0	0	0	0	0	0	0	0	0	
538	2026-05-07 23:40:09.787	2026-05-07 23:40:09.797	8	0	0	0	0	0	0	0	0	0	0	0	0	
538	2026-05-07 23:40:10.062	2026-05-07 23:40:10.078	8	0	0	0	0	0	0	0	0	0	0	0	0	
538	2026-05-07 23:40:10.109	2026-05-07 23:40:10.156	8	0	0	0	0	0	0	0	0	0	0	0	0	
538	2026-05-07 23:40:10.265	2026-05-07 23:40:10.436	8	0	0	0	0	0	0	0	0	0	0	0	0	
538	2026-05-07 23:40:10.904	2026-05-07 23:40:10.936	8	0	0	0	0	0	0	0	0	0	0	0	0	
538	2026-05-07 23:40:11.076	2026-05-07 23:40:11.279	8	0	0	0	0	0	0	0	0	0	0	0	0	
538	2026-05-07 23:40:11.357	2026-05-07 23:40:11.404	8	0	0	0	0	0	0	0	0	0	0	0	0	
538	2026-05-07 23:40:11.513	2026-05-07 23:40:11.544	8	0	0	0	0	0	0	0	0	0	0	0	0	
538	2026-05-07 23:40:11.700	2026-05-07 23:40:11.856	8	0	0	0	0	0	0	0	0	0	0	0	0	
538	2026-05-07 23:40:12.152	2026-05-07 23:40:12.184	8	0	0	0	0	0	0	0	0	0	0	0	0	
538	2026-05-07 23:40:12.948	2026-05-07 23:40:12.979	8	0	0	0	0	0	0	0	0	0	0	0	0	
538	2026-05-07 23:40:48.719	2026-05-07 23:40:49.000	8	0	0	0	0	0	0	0	0	0	0	0	0	
538	2026-05-07 23:40:53.789	2026-05-07 23:41:02.759	7	0	0	0	0	69	3.4300000667572	8.3304146	0	0	0	0	0	2026-05-07 23:40:54.304
538	2026-05-07 23:41:02.837	2026-05-07 23:41:02.852	7	0	0	0	0	0	0	0	0	0	0	0	0	
538	2026-05-07 23:41:03.414	2026-05-07 23:41:03.539	7	0	0	0	0	0	0	0	0	0	0	0	0	
538	2026-05-07 23:41:03.617	2026-05-07 23:45:02.796	7	0	0	0	0	0	0	0	0	0	0	0	0	
543	2026-05-07 23:42:56.296	2026-05-07 23:42:57.201	4	0	0	0	0	0	0	0	0	0	0	0	0	
543	2026-05-07 23:42:58.963	2026-05-07 23:42:59.166	3	0	0	0	0	0	0	0	0	0	0	0	0	
543	2026-05-07 23:42:59.291	2026-05-07 23:43:02.583	3	0	0	0	0	27	0.924000024795532	2.7300048	0	0	0	0	0	2026-05-07 23:42:59.853
543	2026-05-07 23:43:05.999	2026-05-07 23:43:07.512	3	0	0	0	0	0	0	0	0	0	0	0	0	
543	2026-05-07 23:45:31.610	2026-05-07 23:45:38.474	4	0	0	0	0	0	0	0	0	0	0	0	0	
547	2026-05-07 23:49:18.559	2026-05-07 23:49:18.824	4	0	0	0	0	0	0	0	0	0	0	0	0	
547	2026-05-07 23:49:18.746	2026-05-07 23:49:19.199	3	0	0	0	0	0	0	0	0	0	0	0	0	
546	2026-05-07 23:46:04.829	2026-05-07 23:46:10.157	8	0	0	0	0	15	0.21000000461936	2.4804044	0	0	0	0	0	2026-05-07 23:46:05.165
546	2026-05-07 23:46:12.201	2026-05-07 23:46:12.669	7	0	0	0	0	0	0	0	0	0	0	0	0	
540	2026-05-07 23:40:47.564	2026-05-07 23:40:57.439	5	0	0	0	0	17	0.727999992668629	2.4492044	0	0	0	0	0	2026-05-07 23:40:47.939
540	2026-05-07 23:42:18.169	2026-05-07 23:42:18.310	6	0	0	0	0	0	0	0	0	0	0	0	0	
548	2026-05-07 23:49:51.085	2026-05-07 23:49:51.288	4	0	0	0	0	0	0	0	0	0	0	0	0	
548	2026-05-07 23:49:51.803	2026-05-07 23:49:51.849	3	0	0	0	0	0	0	0	0	0	0	0	0	
549	2026-05-07 23:50:19.961	2026-05-07 23:50:20.070	3	0	0	0	0	0	0	0	0	0	0	0	0	
549	2026-05-07 23:50:20.101	2026-05-07 23:50:29.695	3	0	0	0	0	65	5.69799995422363	8.2056144	0	0	0	0	0	2026-05-07 23:50:20.756
549	2026-05-07 23:50:30.506	2026-05-07 23:50:31.239	4	0	0	0	0	0	0	0	0	0	0	0	0	
549	2026-05-07 23:50:31.661	2026-05-07 23:50:31.770	3	0	0	0	0	0	0	0	0	0	0	0	0	
549	2026-05-07 23:50:31.926	2026-05-07 23:50:32.066	4	0	0	0	0	0	0	0	0	0	0	0	0	
552	2026-05-07 23:50:55.685	2026-05-07 23:50:55.732	8	0	0	0	0	0	0	0	0	0	0	0	0	
552	2026-05-07 23:51:01.909	2026-05-07 23:51:02.330	7	0	0	0	0	0	0	0	0	0	0	0	0	
552	2026-05-07 23:51:02.377	2026-05-07 23:51:02.518	8	0	0	0	0	0	0	0	0	0	0	0	0	
552	2026-05-07 23:51:02.580	2026-05-07 23:51:02.611	8	0	0	0	0	0	0	0	0	0	0	0	0	
552	2026-05-07 23:51:04.031	2026-05-07 23:51:09.475	8	0	0	0	0	48	1.62399995326996	5.116809	0	0	0	0	0	2026-05-07 23:51:04.312
552	2026-05-07 23:51:29.287	2026-05-07 23:51:29.552	8	0	0	0	0	0	0	0	0	0	0	0	0	
552	2026-05-07 23:51:30.176	2026-05-07 23:51:30.223	8	0	0	0	0	0	0	0	0	0	0	0	0	
552	2026-05-07 23:51:30.348	2026-05-07 23:51:30.566	8	0	0	0	0	0	0	0	0	0	0	0	0	
552	2026-05-07 23:51:33.125	2026-05-07 23:51:33.156	8	0	0	0	0	0	0	0	0	0	0	0	0	
553	2026-05-07 23:51:36.604	2026-05-07 23:51:37.165	8	0	0	0	0	0	0	0	0	0	0	0	0	
553	2026-05-07 23:51:40.847	2026-05-07 23:51:42.048	8	0	0	0	0	0	0	0	0	0	0	0	0	
555	2026-05-07 23:51:55.448	2026-05-07 23:52:04.949	7	0	0	0	0	60	2.07199998572469	7.4060131	0	0	0	0	0	2026-05-07 23:51:55.932
555	2026-05-07 23:52:05.011	2026-05-07 23:52:05.042	7	0	0	0	0	0	0	0	0	0	0	0	0	
555	2026-05-07 23:52:05.994	2026-05-07 23:52:06.041	7	0	0	0	0	0	0	0	0	0	0	0	0	
555	2026-05-07 23:52:11.548	2026-05-07 23:52:11.688	7	0	0	0	0	0	0	0	0	0	0	0	0	
555	2026-05-07 23:52:14.902	2026-05-07 23:52:15.292	7	0	0	0	0	0	0	0	0	0	0	0	0	
555	2026-05-07 23:52:15.432	2026-05-07 23:52:15.463	7	0	0	0	0	0	0	0	0	0	0	0	0	
555	2026-05-07 23:52:15.541	2026-05-07 23:52:19.691	7	0	0	0	0	0	0	0	0	0	0	0	0	
555	2026-05-07 23:53:15.679	2026-05-07 23:53:15.882	8	0	0	0	0	0	0	0	0	0	0	0	0	
555	2026-05-07 23:53:18.021	2026-05-07 23:53:18.035	7	0	0	0	0	0	0	0	0	0	0	0	0	
556	2026-05-07 23:53:06.522	2026-05-07 23:53:06.694	3	0	0	0	0	0	0	0	0	0	0	0	0	
558	2026-05-07 23:55:55.252	2026-05-07 23:55:55.330	5	0	0	0	0	0	0	0	0	0	0	0	0	
558	2026-05-07 23:55:55.517	2026-05-07 23:56:05.486	5	0	0	0	0	76	4.57800006866455	9.5472168	0	0	0	0	0	2026-05-07 23:55:55.845
558	2026-05-07 23:56:06.484	2026-05-07 23:56:06.531	5	0	0	0	0	0	0	0	0	0	0	0	0	
558	2026-05-07 23:56:06.593	2026-05-07 23:56:06.671	5	0	0	0	0	0	0	0	0	0	0	0	0	
558	2026-05-07 23:56:09.245	2026-05-07 23:56:09.386	5	0	0	0	0	0	0	0	0	0	0	0	0	
558	2026-05-07 23:56:10.384	2026-05-07 23:56:13.800	5	0	0	0	0	0	0	0	0	0	0	0	0	
560	2026-05-07 23:59:46.023	2026-05-07 23:59:46.304	6	0	0	0	0	0	0	0	0	0	0	0	0	
560	2026-05-07 23:59:46.476	2026-05-07 23:59:46.507	6	0	0	0	0	0	0	0	0	0	0	0	0	
560	2026-05-07 23:59:50.563	2026-05-07 23:59:51.093	5	0	0	0	0	0	0	0	0	0	0	0	0	
559	2026-05-07 23:59:31.734	2026-05-07 23:59:32.857	3	0	0	0	0	0	0	0	0	0	0	0	0	
559	2026-05-07 23:59:41.842	2026-05-07 23:59:41.936	4	0	0	0	0	0	0	0	0	0	0	0	0	
559	2026-05-07 23:59:47.568	2026-05-07 23:59:47.661	4	0	0	0	0	0	0	0	0	0	0	0	0	
551	2026-05-07 23:50:56.902	2026-05-07 23:50:57.448	2	0	0	0	0	0	0	0	0	0	0	0	0	
562	2026-05-08 00:03:20.149	2026-05-08 00:03:27.419	3	0	0	0	0	53	1.00799999386072	6.0216106	0	0	0	0	0	2026-05-08 00:03:20.492
557	2026-05-07 23:53:36.256	2026-05-07 23:53:36.334	7	0	0	0	0	0	0	0	0	0	0	0	0	
557	2026-05-07 23:53:37.083	2026-05-07 23:53:37.816	7	0	0	0	0	0	0	0	0	0	0	0	0	
557	2026-05-07 23:53:39.376	2026-05-07 23:53:39.423	7	0	0	0	0	0	0	0	0	0	0	0	0	
557	2026-05-07 23:53:39.454	2026-05-07 23:53:39.501	7	0	0	0	0	0	0	0	0	0	0	0	0	
557	2026-05-07 23:53:42.137	2026-05-07 23:53:53.229	7	0	0	0	0	78	4.367999965325	10.280418	0	0	0	0	0	2026-05-07 23:53:42.465
557	2026-05-07 23:53:54.508	2026-05-07 23:53:54.523	7	0	0	0	0	0	0	0	0	0	0	0	0	
557	2026-05-07 23:53:54.555	2026-05-07 23:53:54.773	7	0	0	0	0	0	0	0	0	0	0	0	0	
557	2026-05-07 23:57:03.362	2026-05-07 23:59:38.192	8	0	0	0	0	0	0	0	0	0	0	0	0	
557	2026-05-07 23:59:38.395	2026-05-07 23:59:38.676	7	0	0	0	0	0	0	0	0	0	0	0	0	
557	2026-05-07 23:59:41.468	2026-05-08 00:06:00.767	8	0	0	0	0	0	0	0	0	0	0	0	0	
557	2026-05-08 00:06:17.054	2026-05-08 00:06:26.133	8	0	0	0	0	26	0.364000000059605	4.4616076	0	0	0	0	0	2026-05-08 00:06:17.646
557	2026-05-08 00:06:28.598	2026-05-08 00:06:29.159	7	0	0	0	0	0	0	0	0	0	0	0	0	
564	2026-05-08 00:04:30.973	2026-05-08 00:04:32.065	2	0	0	0	0	0	0	0	0	0	0	0	0	
564	2026-05-08 00:05:00.457	2026-05-08 00:05:01.097	2	0	0	0	0	0	0	0	0	0	0	0	0	
567	2026-05-08 00:06:37.614	2026-05-08 00:06:38.020	8	0	0	0	0	0	0	0	0	0	0	0	0	
567	2026-05-08 00:06:38.129	2026-05-08 00:07:23.416	8	0	0	0	0	0	0	0	0	0	0	0	0	
567	2026-05-08 00:07:24.134	2026-05-08 00:07:30.202	8	0	0	0	0	46	1.79199996590614	5.3196093	0	0	0	0	0	2026-05-08 00:07:24.758
567	2026-05-08 00:07:40.654	2026-05-08 00:07:41.075	7	0	0	0	0	0	0	0	0	0	0	0	0	
567	2026-05-08 00:07:41.091	2026-05-08 00:07:41.325	7	0	0	0	0	0	0	0	0	0	0	0	0	
567	2026-05-08 00:11:42.283	2026-05-08 00:11:42.517	7	0	0	0	0	0	0	0	0	0	0	0	0	
567	2026-05-08 00:11:43.781	2026-05-08 00:11:44.077	7	0	0	0	0	0	0	0	0	0	0	0	0	
567	2026-05-08 00:11:44.139	2026-05-08 00:11:44.295	7	0	0	0	0	0	0	0	0	0	0	0	0	
567	2026-05-08 00:11:45.372	2026-05-08 00:11:45.387	8	0	0	0	0	0	0	0	0	0	0	0	0	
568	2026-05-08 00:12:03.249	2026-05-08 00:12:05.215	5	0	0	0	0	0	0	0	0	0	0	0	0	
570	2026-05-08 00:11:52.688	2026-05-08 00:11:52.860	8	0	0	0	0	0	0	0	0	0	0	0	0	
572	2026-05-08 00:13:59.704	2026-05-08 00:14:14.212	7	0	0	0	0	0	0	0	0	0	0	0	0	
572	2026-05-08 00:14:15.460	2026-05-08 00:14:15.522	7	0	0	0	0	0	0	0	0	0	0	0	0	
572	2026-05-08 00:14:15.959	2026-05-08 00:14:42.167	7	0	0	0	0	0	0	0	0	0	0	0	0	
572	2026-05-08 00:14:42.572	2026-05-08 00:15:07.220	7	0	0	0	0	0	0	0	0	0	0	0	0	
572	2026-05-08 00:15:09.014	2026-05-08 00:15:09.077	7	0	0	0	0	0	0	0	0	0	0	0	0	
572	2026-05-08 00:15:10.122	2026-05-08 00:15:10.964	7	0	0	0	0	0	0	0	0	0	0	0	0	
572	2026-05-08 00:15:17.033	2026-05-08 00:15:57.031	7	0	0	0	0	0	0	0	0	0	0	0	0	
572	2026-05-08 00:16:05.097	2026-05-08 00:16:06.953	7	0	0	0	0	0	0	0	0	0	0	0	0	
572	2026-05-08 00:16:09.168	2026-05-08 00:16:09.246	7	0	0	0	0	0	0	0	0	0	0	0	0	
572	2026-05-08 00:16:10.011	2026-05-08 00:16:10.167	8	0	0	0	0	0	0	0	0	0	0	0	0	
573	2026-05-08 00:16:44.471	2026-05-08 00:16:55.360	7	0	0	0	0	0	0	0	0	0	0	0	0	
573	2026-05-08 00:16:43.176	2026-05-08 00:16:55.875	8	0	0	0	0	51	0.714000005275011	7.7376136	0	0	0	0	0	2026-05-08 00:16:43.566
573	2026-05-08 00:16:56.062	2026-05-08 00:16:56.935	8	0	0	0	0	0	0	0	0	0	0	0	0	
573	2026-05-08 00:17:01.803	2026-05-08 00:17:01.912	7	0	0	0	0	0	0	0	0	0	0	0	0	
573	2026-05-08 00:17:03.191	2026-05-08 00:17:11.989	7	0	0	0	0	70	3.49999997019768	8.4552148	0	0	0	0	0	2026-05-08 00:17:03.441
573	2026-05-08 00:17:31.240	2026-05-08 00:17:31.271	7	0	0	0	0	0	0	0	0	0	0	0	0	
573	2026-05-08 00:17:32.909	2026-05-08 00:17:32.972	7	0	0	0	0	0	0	0	0	0	0	0	0	
573	2026-05-08 00:17:34.734	2026-05-08 00:17:34.875	7	0	0	0	0	0	0	0	0	0	0	0	0	
573	2026-05-08 00:17:38.588	2026-05-08 00:17:38.650	7	0	0	0	0	0	0	0	0	0	0	0	0	
573	2026-05-08 00:17:43.736	2026-05-08 00:17:43.767	7	0	0	0	0	0	0	0	0	0	0	0	0	
573	2026-05-08 00:17:44.094	2026-05-08 00:17:44.282	7	0	0	0	0	0	0	0	0	0	0	0	0	
573	2026-05-08 00:17:47.214	2026-05-08 00:17:47.292	7	0	0	0	0	0	0	0	0	0	0	0	0	
573	2026-05-08 00:17:47.526	2026-05-08 00:17:47.620	7	0	0	0	0	0	0	0	0	0	0	0	0	
573	2026-05-08 00:17:47.901	2026-05-08 00:17:48.104	7	0	0	0	0	0	0	0	0	0	0	0	0	
573	2026-05-08 00:17:48.665	2026-05-08 00:17:50.100	7	0	0	0	0	0	0	0	0	0	0	0	0	
573	2026-05-08 00:18:03.220	2026-05-08 00:18:03.298	7	0	0	0	0	0	0	0	0	0	0	0	0	
573	2026-05-08 00:18:03.579	2026-05-08 00:18:03.860	7	0	0	0	0	0	0	0	0	0	0	0	0	
573	2026-05-08 00:18:04.827	2026-05-08 00:18:04.920	7	0	0	0	0	0	0	0	0	0	0	0	0	
573	2026-05-08 00:18:44.295	2026-05-08 00:18:44.560	8	0	0	0	0	0	0	0	0	0	0	0	0	
575	2026-05-08 00:20:51.997	2026-05-08 00:21:02.168	6	0	0	0	0	29	0.420000003650784	4.7706087	0	0	0	0	0	2026-05-08 00:20:52.745
575	2026-05-08 00:21:05.147	2026-05-08 00:21:05.803	6	0	0	0	0	0	0	0	0	0	0	0	0	
575	2026-05-08 00:21:06.957	2026-05-08 00:21:07.144	6	0	0	0	0	0	0	0	0	0	0	0	0	
575	2026-05-08 00:21:09.032	2026-05-08 00:21:10.061	6	0	0	0	0	0	0	0	0	0	0	0	0	
574	2026-05-08 00:20:44.571	2026-05-08 00:20:54.976	7	0	0	0	0	23	0.350000005215406	3.9116069	0	0	0	0	0	2026-05-08 00:20:45.491
574	2026-05-08 00:20:55.756	2026-05-08 00:20:56.162	7	0	0	0	0	0	0	0	0	0	0	0	0	
574	2026-05-08 00:21:00.311	2026-05-08 00:21:18.314	7	0	0	0	0	0	0	0	0	0	0	0	0	
574	2026-05-08 00:21:41.636	2026-05-08 00:21:48.313	7	0	0	0	0	0	0	0	0	0	0	0	0	
574	2026-05-08 00:21:54.194	2026-05-08 00:21:54.210	7	0	0	0	0	0	0	0	0	0	0	0	0	
578	2026-05-08 00:24:04.766	2026-05-08 00:24:05.733	5	0	0	0	0	0	0	0	0	0	0	0	0	
578	2026-05-08 00:24:11.365	2026-05-08 00:24:11.599	5	0	0	0	0	0	0	0	0	0	0	0	0	
578	2026-05-08 00:24:17.777	2026-05-08 00:24:24.734	6	0	0	0	0	47	1.62399998679757	5.3976094	0	0	0	0	0	2026-05-08 00:24:18.213
579	2026-05-08 00:24:39.929	2026-05-08 00:24:41.145	6	0	0	0	0	0	0	0	0	0	0	0	0	
569	2026-05-08 00:11:46.433	2026-05-08 00:11:52.220	2	0	0	0	0	31	0.546000011265278	3.9624069	0	0	0	0	0	2026-05-08 00:11:46.963
569	2026-05-08 00:13:15.150	2026-05-08 00:13:15.493	1	0	0	0	0	0	0	0	0	0	0	0	0	
566	2026-05-08 00:04:43.313	2026-05-08 00:04:43.422	3	0	0	0	0	0	0	0	0	0	0	0	0	
566	2026-05-08 00:18:43.842	2026-05-08 00:18:43.905	3	0	0	0	0	0	0	0	0	0	0	0	0	
580	2026-05-08 00:25:25.652	2026-05-08 00:25:25.918	5	0	0	0	0	0	0	0	0	0	0	0	0	
580	2026-05-08 00:25:31.128	2026-05-08 00:25:31.268	5	0	0	0	0	0	0	0	0	0	0	0	0	
580	2026-05-08 00:25:32.376	2026-05-08 00:25:32.766	5	0	0	0	0	0	0	0	0	0	0	0	0	
580	2026-05-08 00:25:34.700	2026-05-08 00:25:34.732	5	0	0	0	0	0	0	0	0	0	0	0	0	
580	2026-05-08 00:25:35.028	2026-05-08 00:25:35.293	5	0	0	0	0	0	0	0	0	0	0	0	0	
580	2026-05-08 00:25:39.380	2026-05-08 00:25:39.568	6	0	0	0	0	0	0	0	0	0	0	0	0	
580	2026-05-08 00:25:47.555	2026-05-08 00:25:49.536	6	0	0	0	0	11	0.349999994039536	1.2324022	0	0	0	0	0	2026-05-08 00:25:48.085
580	2026-05-08 00:25:50.924	2026-05-08 00:25:51.221	6	0	0	0	0	0	0	0	0	0	0	0	0	
580	2026-05-08 00:25:56.946	2026-05-08 00:25:57.118	6	0	0	0	0	0	0	0	0	0	0	0	0	
580	2026-05-08 00:26:01.891	2026-05-08 00:26:01.922	6	0	0	0	0	0	0	0	0	0	0	0	0	
580	2026-05-08 00:26:04.855	2026-05-08 00:26:06.462	6	0	0	0	0	0	0	0	0	0	0	0	0	
580	2026-05-08 00:26:19.550	2026-05-08 00:26:19.691	6	0	0	0	0	0	0	0	0	0	0	0	0	
580	2026-05-08 00:26:20.143	2026-05-08 00:26:21.032	6	0	0	0	0	0	0	0	0	0	0	0	0	
580	2026-05-08 00:26:21.110	2026-05-08 00:26:22.156	6	0	0	0	0	6	0.126000002026558	0.592801	0	0	0	0	0	2026-05-08 00:26:21.422
583	2026-05-08 00:26:48.457	2026-05-08 00:26:48.691	6	0	0	0	0	0	0	0	0	0	0	0	0	
583	2026-05-08 00:26:49.456	2026-05-08 00:26:49.502	6	0	0	0	0	0	0	0	0	0	0	0	0	
583	2026-05-08 00:26:49.814	2026-05-08 00:26:50.033	6	0	0	0	0	0	0	0	0	0	0	0	0	
585	2026-05-08 00:27:39.594	2026-05-08 00:27:41.419	1	0	0	0	0	12	0.574000000953674	1.3572024	0	0	0	0	0	2026-05-08 00:27:40.062
585	2026-05-08 00:28:29.155	2026-05-08 00:28:29.202	2	0	0	0	0	0	0	0	0	0	0	0	0	
585	2026-05-08 00:28:29.296	2026-05-08 00:28:34.865	2	0	0	0	0	29	1.37200005352497	3.3384058	0	0	0	0	0	2026-05-08 00:28:29.842
586	2026-05-08 00:28:08.142	2026-05-08 00:28:12.619	4	0	0	0	0	12	0.168000003322959	2.0280036	0	0	0	0	0	2026-05-08 00:28:08.579
586	2026-05-08 00:28:21.511	2026-05-08 00:28:22.416	4	0	0	0	0	3	0.0419999994337559	0.3276006	0	0	0	0	0	2026-05-08 00:28:22.057
586	2026-05-08 00:28:22.541	2026-05-08 00:28:23.805	4	0	0	0	0	0	0	0	0	0	0	0	0	
586	2026-05-08 00:28:30.637	2026-05-08 00:28:34.615	3	0	0	0	0	18	0.266000000759959	2.1322037	0	0	0	0	0	2026-05-08 00:28:31.121
587	2026-05-08 00:28:49.888	2026-05-08 00:28:49.997	3	0	0	0	0	0	0	0	0	0	0	0	0	
587	2026-05-08 00:28:51.526	2026-05-08 00:28:51.588	3	0	0	0	0	0	0	0	0	0	0	0	0	
584	2026-05-08 00:27:11.889	2026-05-08 00:27:12.060	5	0	0	0	0	0	0	0	0	0	0	0	0	
584	2026-05-08 00:27:12.091	2026-05-08 00:27:14.603	5	0	0	0	0	19	0.938000023365021	2.3400041	0	0	0	0	0	2026-05-08 00:27:12.263
584	2026-05-08 00:27:20.375	2026-05-08 00:27:20.671	5	0	0	0	0	0	0	0	0	0	0	0	0	
584	2026-05-08 00:27:20.874	2026-05-08 00:27:21.046	6	0	0	0	0	0	0	0	0	0	0	0	0	
584	2026-05-08 00:27:21.077	2026-05-08 00:27:21.685	5	0	0	0	0	3	0.112000003457069	0.4524008	0	0	0	0	0	2026-05-08 00:27:21.233
584	2026-05-08 00:27:25.648	2026-05-08 00:27:25.726	5	0	0	0	0	0	0	0	0	0	0	0	0	
584	2026-05-08 00:28:07.237	2026-05-08 00:28:07.315	6	0	0	0	0	0	0	0	0	0	0	0	0	
584	2026-05-08 00:28:16.956	2026-05-08 00:28:17.284	6	0	0	0	0	0	0	0	0	0	0	0	0	
584	2026-05-08 00:28:17.440	2026-05-08 00:28:17.627	5	0	0	0	0	0	0	0	0	0	0	0	0	
584	2026-05-08 00:28:18.813	2026-05-08 00:28:19.265	5	0	0	0	0	0	0	0	0	0	0	0	0	
584	2026-05-08 00:28:19.998	2026-05-08 00:28:20.513	5	0	0	0	0	0	0	0	0	0	0	0	0	
584	2026-05-08 00:28:20.357	2026-05-08 00:28:21.465	6	0	0	0	0	0	0	0	0	0	0	0	0	
584	2026-05-08 00:29:16.392	2026-05-08 00:29:16.486	5	0	0	0	0	0	0	0	0	0	0	0	0	
584	2026-05-08 00:29:16.580	2026-05-08 00:29:21.072	5	0	0	0	0	32	1.76400005817413	4.0716071	0	0	0	0	0	2026-05-08 00:29:16.938
589	2026-05-08 00:29:36.251	2026-05-08 00:29:36.345	4	0	0	0	0	0	0	0	0	0	0	0	0	
589	2026-05-08 00:29:36.423	2026-05-08 00:29:37.094	4	0	0	0	0	0	0	0	0	0	0	0	0	
589	2026-05-08 00:29:37.858	2026-05-08 00:29:48.825	3	0	0	0	0	128	3.03800006583333	9.5442167	0	0	0	0	0	2026-05-08 00:29:38.451
589	2026-05-08 00:29:59.386	2026-05-08 00:29:59.542	3	0	0	0	0	0	0	0	0	0	0	0	0	
589	2026-05-08 00:29:59.760	2026-05-08 00:30:06.905	3	0	0	0	0	57	3.89199995994568	6.7080118	0	0	0	0	0	2026-05-08 00:30:00.119
588	2026-05-08 00:29:13.319	2026-05-08 00:29:15.784	1	0	0	0	0	16	0.601999999955297	1.9656035	0	0	0	0	0	2026-05-08 00:29:13.678
588	2026-05-08 00:29:45.221	2026-05-08 00:29:50.759	1	0	0	0	0	0	0	0	0	0	0	0	0	
588	2026-05-08 00:29:51.773	2026-05-08 00:31:12.098	1	0	0	0	0	0	0	0	0	0	0	0	0	
594	2026-05-08 00:31:25.639	2026-05-08 00:31:27.417	4	0	0	0	0	3	0.167999997735023	0.5184009	0	0	0	0	0	2026-05-08 00:31:26.887
595	2026-05-08 00:31:57.431	2026-05-08 00:31:57.525	3	0	0	0	0	0	0	0	0	0	0	0	0	
576	2026-05-08 00:21:54.412	2026-05-08 00:21:54.428	7	0	0	0	0	0	0	0	0	0	0	0	0	
576	2026-05-08 00:21:54.490	2026-05-08 00:21:54.740	7	0	0	0	0	0	0	0	0	0	0	0	0	
576	2026-05-08 00:21:55.068	2026-05-08 00:21:55.083	7	0	0	0	0	0	0	0	0	0	0	0	0	
576	2026-05-08 00:21:55.536	2026-05-08 00:21:55.567	7	0	0	0	0	0	0	0	0	0	0	0	0	
576	2026-05-08 00:21:55.598	2026-05-08 00:21:55.676	7	0	0	0	0	0	0	0	0	0	0	0	0	
576	2026-05-08 00:21:55.816	2026-05-08 00:21:56.066	7	0	0	0	0	0	0	0	0	0	0	0	0	
576	2026-05-08 00:22:08.031	2026-05-08 00:22:13.803	8	0	0	0	0	8	0.112000003457069	1.7472031	0	0	0	0	0	2026-05-08 00:22:08.515
576	2026-05-08 00:22:15.270	2026-05-08 00:22:15.597	7	0	0	0	0	0	0	0	0	0	0	0	0	
576	2026-05-08 00:22:31.088	2026-05-08 00:22:39.637	8	0	0	0	0	66	3.09400010108948	7.987214	0	0	0	0	0	2026-05-08 00:22:31.509
576	2026-05-08 00:22:47.936	2026-05-08 00:22:49.324	8	0	0	0	0	5	0.0700000021606684	0.8112014	0	0	0	0	0	2026-05-08 00:22:48.248
576	2026-05-08 00:22:50.697	2026-05-08 00:22:52.101	8	0	0	0	0	4	0.084000002592802	0.7332013	0	0	0	0	0	2026-05-08 00:22:51.212
576	2026-05-08 00:22:52.257	2026-05-08 00:22:52.320	8	0	0	0	0	0	0	0	0	0	0	0	0	
576	2026-05-08 00:23:14.113	2026-05-08 00:27:23.121	8	0	0	0	0	0	0	0	0	0	0	0	0	
576	2026-05-08 00:27:24.213	2026-05-08 00:27:24.603	8	0	0	0	0	0	0	0	0	0	0	0	0	
576	2026-05-08 00:27:24.977	2026-05-08 00:31:08.791	8	0	0	0	0	0	0	0	0	0	0	0	0	
576	2026-05-08 00:31:44.125	2026-05-08 00:31:45.529	8	0	0	0	0	0	0	0	0	0	0	0	0	
576	2026-05-08 00:31:45.997	2026-05-08 00:35:14.959	8	0	0	0	0	0	0	0	0	0	0	0	0	
600	2026-05-08 00:40:47.520	2026-05-08 00:40:47.879	8	0	0	0	0	0	0	0	0	0	0	0	0	
596	2026-05-08 00:36:30.916	2026-05-08 00:36:30.962	3	0	0	0	0	0	0	0	0	0	0	0	0	
596	2026-05-08 00:38:10.147	2026-05-08 00:38:10.350	4	0	0	0	0	0	0	0	0	0	0	0	0	
596	2026-05-08 00:38:10.475	2026-05-08 00:40:33.309	4	0	0	0	0	0	0	0	0	0	0	0	0	
596	2026-05-08 00:40:33.418	2026-05-08 00:41:14.415	4	0	0	0	0	0	0	0	0	0	0	0	0	
590	2026-05-08 00:30:38.823	2026-05-08 00:30:42.255	6	0	0	0	0	5	0.0700000021606684	0.9984017	0	0	0	0	0	2026-05-08 00:30:40.149
590	2026-05-08 00:30:43.768	2026-05-08 00:30:44.158	5	0	0	0	0	0	0	0	0	0	0	0	0	
590	2026-05-08 00:32:14.685	2026-05-08 00:37:24.860	6	0	0	0	0	0	0	0	0	0	0	0	0	
590	2026-05-08 00:39:25.059	2026-05-08 00:39:28.194	5	0	0	0	0	20	0.895999982953072	2.6052047	0	0	0	0	0	2026-05-08 00:39:25.324
590	2026-05-08 00:41:49.203	2026-05-08 00:41:49.296	6	0	0	0	0	0	0	0	0	0	0	0	0	
602	2026-05-08 00:41:45.864	2026-05-08 00:41:47.300	4	0	0	0	0	2	0.0280000008642673	0.2808005	0	0	0	0	0	2026-05-08 00:41:46.488
602	2026-05-08 00:41:50.700	2026-05-08 00:41:57.939	3	0	0	0	0	52	2.73000001907349	6.5988116	0	0	0	0	0	2026-05-08 00:41:51.246
602	2026-05-08 00:41:59.811	2026-05-08 00:42:00.060	4	0	0	0	0	0	0	0	0	0	0	0	0	
602	2026-05-08 00:42:20.341	2026-05-08 00:42:20.419	3	0	0	0	0	0	0	0	0	0	0	0	0	
602	2026-05-08 00:42:20.762	2026-05-08 00:42:20.840	3	0	0	0	0	0	0	0	0	0	0	0	0	
603	2026-05-08 00:42:21.901	2026-05-08 00:42:37.438	6	0	0	0	0	132	6.66399985551834	14.8824261	0	0	0	0	0	2026-05-08 00:42:22.135
603	2026-05-08 00:42:40.574	2026-05-08 00:42:40.589	6	0	0	0	0	0	0	0	0	0	0	0	0	
603	2026-05-08 00:42:45.207	2026-05-08 00:42:49.388	5	0	0	0	0	31	1.37199997901917	3.6348063	0	0	0	0	0	2026-05-08 00:42:45.737
603	2026-05-08 00:43:03.365	2026-05-08 00:43:03.802	5	0	0	0	0	0	0	0	0	0	0	0	0	
593	2026-05-08 00:31:17.386	2026-05-08 00:31:24.484	2	0	0	0	0	20	0.294000003486872	3.2720057	0	0	0	0	0	2026-05-08 00:31:17.870
593	2026-05-08 00:31:26.403	2026-05-08 00:31:26.606	1	0	0	0	0	0	0	0	0	0	0	0	0	
593	2026-05-08 00:31:43.859	2026-05-08 00:31:49.787	2	0	0	0	0	16	0.224000005051494	2.6520046	0	0	0	0	0	2026-05-08 00:31:45.388
593	2026-05-08 00:31:55.762	2026-05-08 00:31:58.040	2	0	0	0	0	0	0	0	0	0	0	0	0	
593	2026-05-08 00:32:01.456	2026-05-08 00:32:09.693	2	0	0	0	0	0	0	0	0	0	0	0	0	
593	2026-05-08 00:32:13.219	2026-05-08 00:32:13.375	2	0	0	0	0	0	0	0	0	0	0	0	0	
593	2026-05-08 00:34:09.267	2026-05-08 00:34:10.000	1	0	0	0	0	0	0	0	0	0	0	0	0	
593	2026-05-08 00:34:10.734	2026-05-08 00:34:10.749	2	0	0	0	0	0	0	0	0	0	0	0	0	
606	2026-05-08 00:43:46.531	2026-05-08 00:43:49.604	1	0	0	0	0	0	0	0	0	0	0	0	0	
606	2026-05-08 00:43:51.944	2026-05-08 00:43:54.097	2	0	0	0	0	1	0.0140000004321337	0.2028003	0	0	0	0	0	2026-05-08 00:43:52.646
605	2026-05-08 00:43:34.066	2026-05-08 00:43:39.994	5	0	0	0	0	4	0.153999999165535	0.5460009	0	0	0	0	0	2026-05-08 00:43:34.378
605	2026-05-08 00:43:40.025	2026-05-08 00:43:40.103	5	0	0	0	0	0	0	0	0	0	0	0	0	
605	2026-05-08 00:44:32.832	2026-05-08 00:44:32.878	6	0	0	0	0	0	0	0	0	0	0	0	0	
601	2026-05-08 00:43:26.469	2026-05-08 00:43:26.531	7	0	0	0	0	0	0	0	0	0	0	0	0	
601	2026-05-08 00:43:28.669	2026-05-08 00:43:28.747	7	0	0	0	0	0	0	0	0	0	0	0	0	
601	2026-05-08 00:43:28.981	2026-05-08 00:43:29.043	7	0	0	0	0	0	0	0	0	0	0	0	0	
601	2026-05-08 00:43:29.293	2026-05-08 00:43:29.355	7	0	0	0	0	0	0	0	0	0	0	0	0	
601	2026-05-08 00:43:32.366	2026-05-08 00:43:32.522	7	0	0	0	0	0	0	0	0	0	0	0	0	
601	2026-05-08 00:43:33.380	2026-05-08 00:43:39.027	7	0	0	0	0	0	0	0	0	0	0	0	0	
601	2026-05-08 00:45:41.175	2026-05-08 00:45:42.501	7	0	0	0	0	0	0	0	0	0	0	0	0	
601	2026-05-08 00:46:13.296	2026-05-08 00:46:13.452	7	0	0	0	0	0	0	0	0	0	0	0	0	
601	2026-05-08 00:46:13.592	2026-05-08 00:46:14.669	7	0	0	0	0	0	0	0	0	0	0	0	0	
601	2026-05-08 00:46:14.840	2026-05-08 00:46:36.493	7	0	0	0	0	0	0	0	0	0	0	0	0	
601	2026-05-08 00:46:36.524	2026-05-08 00:46:36.555	7	0	0	0	0	0	0	0	0	0	0	0	0	
601	2026-05-08 00:46:36.758	2026-05-08 00:46:37.273	8	0	0	0	0	0	0	0	0	0	0	0	0	
601	2026-05-08 00:46:38.973	2026-05-08 00:46:39.145	7	0	0	0	0	0	0	0	0	0	0	0	0	
608	2026-05-08 00:46:39.847	2026-05-08 00:46:40.565	8	0	0	0	0	0	0	0	0	0	0	0	0	
609	2026-05-08 00:46:43.092	2026-05-08 00:46:48.318	7	0	0	0	0	14	0.252000000327826	2.0748036	0	0	0	0	0	2026-05-08 00:46:43.763
611	2026-05-08 00:48:27.004	2026-05-08 00:48:35.287	6	0	0	0	0	67	3.09399998188019	7.8156137	0	0	0	0	0	2026-05-08 00:48:27.269
613	2026-05-08 00:53:20.019	2026-05-08 00:53:20.097	4	0	0	0	0	0	0	0	0	0	0	0	0	
613	2026-05-08 00:53:21.251	2026-05-08 00:53:21.626	4	0	0	0	0	0	0	0	0	0	0	0	0	
614	2026-05-08 00:53:30.955	2026-05-08 00:53:31.001	3	0	0	0	0	0	0	0	0	0	0	0	0	
614	2026-05-08 00:53:39.379	2026-05-08 00:53:39.784	3	0	0	0	0	0	0	0	0	0	0	0	0	
614	2026-05-08 00:53:38.723	2026-05-08 00:53:40.143	4	0	0	0	0	0	0	0	0	0	0	0	0	
614	2026-05-08 00:53:43.325	2026-05-08 00:53:43.466	3	0	0	0	0	0	0	0	0	0	0	0	0	
614	2026-05-08 00:53:43.513	2026-05-08 00:53:53.543	3	0	0	0	0	106	5.69000017642975	8.1900144	0	0	0	0	0	2026-05-08 00:53:43.809
614	2026-05-08 00:53:59.425	2026-05-08 00:54:04.136	3	0	0	0	0	35	3.24799990653992	4.2900075	0	0	0	0	0	2026-05-08 00:53:59.690
614	2026-05-08 00:54:10.563	2026-05-08 00:54:10.610	3	0	0	0	0	0	0	0	0	0	0	0	0	
614	2026-05-08 00:54:23.807	2026-05-08 00:54:23.823	3	0	0	0	0	0	0	0	0	0	0	0	0	
614	2026-05-08 00:54:35.585	2026-05-08 00:54:35.757	3	0	0	0	0	0	0	0	0	0	0	0	0	
614	2026-05-08 00:54:40.952	2026-05-08 00:54:41.311	4	0	0	0	0	0	0	0	0	0	0	0	0	
614	2026-05-08 00:54:41.623	2026-05-08 00:54:42.761	4	0	0	0	0	0	0	0	0	0	0	0	0	
614	2026-05-08 00:54:54.399	2026-05-08 00:54:54.477	4	0	0	0	0	0	0	0	0	0	0	0	0	
614	2026-05-08 00:54:54.586	2026-05-08 00:54:54.695	4	0	0	0	0	0	0	0	0	0	0	0	0	
614	2026-05-08 00:54:57.940	2026-05-08 00:55:04.835	3	0	0	0	0	49	2.50600004382432	5.67841	0	0	0	0	0	2026-05-08 00:54:58.299
614	2026-05-08 00:55:13.743	2026-05-08 00:55:14.039	3	0	0	0	0	0	0	0	0	0	0	0	0	
614	2026-05-08 00:55:42.276	2026-05-08 00:55:47.330	3	0	0	0	0	10	0.140000004321337	1.9968035	0	0	0	0	0	2026-05-08 00:55:43.305
614	2026-05-08 00:55:54.210	2026-05-08 00:55:54.834	4	0	0	0	0	0	0	0	0	0	0	0	0	
612	2026-05-08 00:51:10.726	2026-05-08 00:51:14.735	5	0	0	0	0	29	1.51199996471405	3.5880063	0	0	0	0	0	2026-05-08 00:51:11.085
612	2026-05-08 00:51:17.418	2026-05-08 00:51:17.449	5	0	0	0	0	0	0	0	0	0	0	0	0	
612	2026-05-08 00:51:17.605	2026-05-08 00:51:18.495	5	0	0	0	0	0	0	0	0	0	0	0	0	
616	2026-05-08 00:56:24.848	2026-05-08 00:56:25.066	6	0	0	0	0	0	0	0	0	0	0	0	0	
615	2026-05-08 00:56:04.740	2026-05-08 00:56:07.610	3	0	0	0	0	15	0.406000005081296	2.0280036	0	0	0	0	0	2026-05-08 00:56:05.192
615	2026-05-08 00:56:16.923	2026-05-08 00:56:16.986	3	0	0	0	0	0	0	0	0	0	0	0	0	
615	2026-05-08 00:56:20.121	2026-05-08 00:56:22.149	3	0	0	0	0	0	0	0	0	0	0	0	0	
615	2026-05-08 00:56:23.756	2026-05-08 00:56:23.865	4	0	0	0	0	0	0	0	0	0	0	0	0	
615	2026-05-08 00:56:28.623	2026-05-08 00:56:29.653	4	0	0	0	0	2	0.0280000008642673	0.2652005	0	0	0	0	0	2026-05-08 00:56:29.278
620	2026-05-08 01:05:24.656	2026-05-08 01:05:24.999	3	0	0	0	0	0	0	0	0	0	0	0	0	
619	2026-05-08 01:02:19.811	2026-05-08 01:02:25.458	2	0	0	0	0	13	0.182000005617738	2.5896046	0	0	0	0	0	2026-05-08 01:02:20.232
619	2026-05-08 01:02:27.751	2026-05-08 01:02:27.954	1	0	0	0	0	0	0	0	0	0	0	0	0	
622	2026-05-08 01:05:36.559	2026-05-08 01:05:36.777	4	0	0	0	0	0	0	0	0	0	0	0	0	
622	2026-05-08 01:05:44.951	2026-05-08 01:05:45.217	4	0	0	0	0	0	0	0	0	0	0	0	0	
622	2026-05-08 01:05:46.340	2026-05-08 01:05:47.042	3	0	0	0	0	0	0	0	0	0	0	0	0	
622	2026-05-08 01:05:52.346	2026-05-08 01:05:52.907	4	0	0	0	0	0	0	0	0	0	0	0	0	
622	2026-05-08 01:05:52.954	2026-05-08 01:05:52.985	4	0	0	0	0	0	0	0	0	0	0	0	0	
622	2026-05-08 01:05:53.017	2026-05-08 01:05:53.048	3	0	0	0	0	0	0	0	0	0	0	0	0	
622	2026-05-08 01:05:53.204	2026-05-08 01:05:53.297	3	0	0	0	0	0	0	0	0	0	0	0	0	
622	2026-05-08 01:05:56.667	2026-05-08 01:06:00.801	3	0	0	0	0	33	2.01600003242493	3.7596066	0	0	0	0	0	2026-05-08 01:05:56.901
622	2026-05-08 01:06:02.829	2026-05-08 01:06:10.379	3	0	0	0	0	56	4.07399988174438	7.1448125	0	0	0	0	0	2026-05-08 01:06:03.110
622	2026-05-08 01:06:13.484	2026-05-08 01:06:13.546	3	0	0	0	0	0	0	0	0	0	0	0	0	
622	2026-05-08 01:06:13.609	2026-05-08 01:06:15.044	3	0	0	0	0	0	0	0	0	0	0	0	0	
622	2026-05-08 01:06:45.058	2026-05-08 01:06:45.667	4	0	0	0	0	0	0	0	0	0	0	0	0	
622	2026-05-08 01:06:56.883	2026-05-08 01:06:57.195	4	0	0	0	0	0	0	0	0	0	0	0	0	
622	2026-05-08 01:06:58.942	2026-05-08 01:06:59.145	4	0	0	0	0	0	0	0	0	0	0	0	0	
622	2026-05-08 01:06:59.800	2026-05-08 01:07:00.003	4	0	0	0	0	0	0	0	0	0	0	0	0	
622	2026-05-08 01:07:02.983	2026-05-08 01:07:03.451	4	0	0	0	0	0	0	0	0	0	0	0	0	
622	2026-05-08 01:07:03.934	2026-05-08 01:07:04.652	4	0	0	0	0	0	0	0	0	0	0	0	0	
622	2026-05-08 01:07:06.555	2026-05-08 01:07:06.586	4	0	0	0	0	0	0	0	0	0	0	0	0	
622	2026-05-08 01:07:06.820	2026-05-08 01:07:06.852	4	0	0	0	0	0	0	0	0	0	0	0	0	
622	2026-05-08 01:07:13.201	2026-05-08 01:07:14.012	3	0	0	0	0	0	0	0	0	0	0	0	0	
622	2026-05-08 01:07:15.322	2026-05-08 01:07:15.681	4	0	0	0	0	0	0	0	0	0	0	0	0	
625	2026-05-08 01:07:52.419	2026-05-08 01:07:55.087	4	0	0	0	0	0	0	0	0	0	0	0	0	
625	2026-05-08 01:08:08.284	2026-05-08 01:08:09.501	4	0	0	0	0	0	0	0	0	0	0	0	0	
625	2026-05-08 01:08:17.395	2026-05-08 01:08:17.988	4	0	0	0	0	0	0	0	0	0	0	0	0	
625	2026-05-08 01:08:24.618	2026-05-08 01:08:26.146	4	0	0	0	0	0	0	0	0	0	0	0	0	
625	2026-05-08 01:08:26.942	2026-05-08 01:08:26.973	4	0	0	0	0	0	0	0	0	0	0	0	0	
625	2026-05-08 01:08:27.004	2026-05-08 01:08:27.238	4	0	0	0	0	0	0	0	0	0	0	0	0	
625	2026-05-08 01:08:27.441	2026-05-08 01:08:27.519	4	0	0	0	0	0	0	0	0	0	0	0	0	
623	2026-05-08 01:06:48.272	2026-05-08 01:06:48.366	2	0	0	0	0	0	0	0	0	0	0	0	0	
623	2026-05-08 01:06:48.537	2026-05-08 01:06:54.169	2	0	0	0	0	35	1.35799998790026	4.4616079	0	0	0	0	0	2026-05-08 01:06:48.896
623	2026-05-08 01:08:07.676	2026-05-08 01:08:11.841	2	0	0	0	0	0	0	0	0	0	0	0	0	
623	2026-05-08 01:08:41.341	2026-05-08 01:08:46.380	2	0	0	0	0	0	0	0	0	0	0	0	0	
621	2026-05-08 01:05:36.481	2026-05-08 01:05:36.980	6	0	0	0	0	0	0	0	0	0	0	0	0	
621	2026-05-08 01:05:40.256	2026-05-08 01:05:47.182	5	0	0	0	0	12	0.475999999791384	1.9812036	0	0	0	0	0	2026-05-08 01:05:40.693
627	2026-05-08 01:12:16.684	2026-05-08 01:12:26.122	5	0	0	0	0	46	2.23999994248152	6.1776106	0	0	0	0	0	2026-05-08 01:12:17.027
627	2026-05-08 01:14:46.132	2026-05-08 01:14:46.491	5	0	0	0	0	0	0	0	0	0	0	0	0	
626	2026-05-08 01:11:57.277	2026-05-08 01:12:04.812	3	0	0	0	0	10	0.140000004321337	1.700403	0	0	0	0	0	2026-05-08 01:11:58.681
626	2026-05-08 01:12:07.027	2026-05-08 01:12:07.090	3	0	0	0	0	0	0	0	0	0	0	0	0	
626	2026-05-08 01:12:07.292	2026-05-08 01:12:07.464	3	0	0	0	0	0	0	0	0	0	0	0	0	
626	2026-05-08 01:12:17.323	2026-05-08 01:12:19.008	4	0	0	0	0	0	0	0	0	0	0	0	0	
626	2026-05-08 01:15:36.458	2026-05-08 01:15:36.692	4	0	0	0	0	0	0	0	0	0	0	0	0	
626	2026-05-08 01:16:36.580	2026-05-08 01:16:36.596	3	0	0	0	0	0	0	0	0	0	0	0	0	
626	2026-05-08 01:16:36.611	2026-05-08 01:16:36.627	3	0	0	0	0	0	0	0	0	0	0	0	0	
610	2026-05-08 00:47:34.977	2026-05-08 00:47:36.631	7	0	0	0	0	0	0	0	0	0	0	0	0	
610	2026-05-08 00:47:42.590	2026-05-08 00:52:37.914	8	0	0	0	0	0	0	0	0	0	0	0	0	
610	2026-05-08 00:52:37.977	2026-05-08 00:52:38.242	8	0	0	0	0	0	0	0	0	0	0	0	0	
610	2026-05-08 00:57:07.483	2026-05-08 00:57:08.388	8	0	0	0	0	0	0	0	0	0	0	0	0	
610	2026-05-08 00:57:47.045	2026-05-08 00:57:47.123	7	0	0	0	0	0	0	0	0	0	0	0	0	
610	2026-05-08 00:57:47.169	2026-05-08 00:57:47.265	7	0	0	0	0	0	0	0	0	0	0	0	0	
610	2026-05-08 00:57:47.279	2026-05-08 00:57:58.932	7	0	0	0	0	14	0.196000004187226	2.5116042	0	0	0	0	0	2026-05-08 00:57:47.996
610	2026-05-08 01:08:32.574	2026-05-08 01:08:33.385	7	0	0	0	0	0	0	0	0	0	0	0	0	
610	2026-05-08 01:08:33.447	2026-05-08 01:08:33.463	8	0	0	0	0	0	0	0	0	0	0	0	0	
610	2026-05-08 01:08:33.510	2026-05-08 01:08:33.915	8	0	0	0	0	0	0	0	0	0	0	0	0	
610	2026-05-08 01:08:34.196	2026-05-08 01:08:34.305	8	0	0	0	0	0	0	0	0	0	0	0	0	
610	2026-05-08 01:08:54.539	2026-05-08 01:08:55.521	7	0	0	0	0	0	0	0	0	0	0	0	0	
610	2026-05-08 01:16:51.385	2026-05-08 01:16:52.352	7	0	0	0	0	0	0	0	0	0	0	0	0	
610	2026-05-08 01:16:52.399	2026-05-08 01:16:53.163	7	0	0	0	0	0	0	0	0	0	0	0	0	
610	2026-05-08 01:16:53.475	2026-05-08 01:16:53.662	7	0	0	0	0	0	0	0	0	0	0	0	0	
610	2026-05-08 01:16:55.987	2026-05-08 01:16:56.018	7	0	0	0	0	0	0	0	0	0	0	0	0	
610	2026-05-08 01:17:04.941	2026-05-08 01:17:09.605	8	0	0	0	0	21	0.336000001057982	2.808005	0	0	0	0	0	2026-05-08 01:17:05.861
610	2026-05-08 01:17:16.267	2026-05-08 01:17:21.571	7	0	0	0	0	37	1.8760000616312	4.8828086	0	0	0	0	0	2026-05-08 01:17:16.563
610	2026-05-08 01:17:58.324	2026-05-08 01:17:58.964	7	0	0	0	0	0	0	0	0	0	0	0	0	
610	2026-05-08 01:18:16.249	2026-05-08 01:18:38.167	7	0	0	0	0	0	0	0	0	0	0	0	0	
610	2026-05-08 01:18:38.214	2026-05-08 01:18:38.260	7	0	0	0	0	0	0	0	0	0	0	0	0	
631	2026-05-08 01:21:02.124	2026-05-08 01:21:12.061	2	0	0	0	0	12	0.168000005185604	2.5288045	0	0	0	0	0	2026-05-08 01:21:02.779
631	2026-05-08 01:21:15.867	2026-05-08 01:21:16.164	1	0	0	0	0	0	0	0	0	0	0	0	0	
631	2026-05-08 01:21:16.694	2026-05-08 01:21:17.193	1	0	0	0	0	0	0	0	0	0	0	0	0	
631	2026-05-08 01:21:18.847	2026-05-08 01:21:18.941	1	0	0	0	0	0	0	0	0	0	0	0	0	
631	2026-05-08 01:21:19.112	2026-05-08 01:21:19.409	1	0	0	0	0	0	0	0	0	0	0	0	0	
631	2026-05-08 01:21:22.638	2026-05-08 01:21:22.731	1	0	0	0	0	0	0	0	0	0	0	0	0	
631	2026-05-08 01:21:27.380	2026-05-08 01:21:29.580	2	0	0	0	0	7	0.0980000030249357	1.4348025	0	0	0	0	0	2026-05-08 01:21:27.552
631	2026-05-08 01:21:33.137	2026-05-08 01:21:33.199	2	0	0	0	0	0	0	0	0	0	0	0	0	
631	2026-05-08 01:21:35.523	2026-05-08 01:21:35.586	2	0	0	0	0	0	0	0	0	0	0	0	0	
631	2026-05-08 01:21:43.136	2026-05-08 01:21:43.245	2	0	0	0	0	0	0	0	0	0	0	0	0	
631	2026-05-08 01:21:43.292	2026-05-08 01:21:43.355	2	0	0	0	0	0	0	0	0	0	0	0	0	
631	2026-05-08 01:21:43.386	2026-05-08 01:21:44.728	2	0	0	0	0	0	0	0	0	0	0	0	0	
631	2026-05-08 01:21:44.743	2026-05-08 01:21:45.008	2	0	0	0	0	0	0	0	0	0	0	0	0	
631	2026-05-08 01:21:45.024	2026-05-08 01:21:45.273	2	0	0	0	0	0	0	0	0	0	0	0	0	
631	2026-05-08 01:21:45.445	2026-05-08 01:21:45.554	2	0	0	0	0	0	0	0	0	0	0	0	0	
631	2026-05-08 01:23:49.497	2026-05-08 01:23:49.528	2	0	0	0	0	0	0	0	0	0	0	0	0	
631	2026-05-08 01:23:49.887	2026-05-08 01:23:49.949	2	0	0	0	0	0	0	0	0	0	0	0	0	
631	2026-05-08 01:23:50.183	2026-05-08 01:23:50.245	2	0	0	0	0	0	0	0	0	0	0	0	0	
631	2026-05-08 01:23:50.401	2026-05-08 01:23:50.542	2	0	0	0	0	0	0	0	0	0	0	0	0	
631	2026-05-08 01:23:50.635	2026-05-08 01:23:50.682	2	0	0	0	0	0	0	0	0	0	0	0	0	
631	2026-05-08 01:23:52.710	2026-05-08 01:23:52.726	2	0	0	0	0	0	0	0	0	0	0	0	0	
631	2026-05-08 01:23:52.866	2026-05-08 01:23:52.960	2	0	0	0	0	0	0	0	0	0	0	0	0	
631	2026-05-08 01:23:53.178	2026-05-08 01:23:53.256	2	0	0	0	0	0	0	0	0	0	0	0	0	
631	2026-05-08 01:23:53.459	2026-05-08 01:23:53.506	2	0	0	0	0	0	0	0	0	0	0	0	0	
631	2026-05-08 01:23:53.802	2026-05-08 01:23:53.865	2	0	0	0	0	0	0	0	0	0	0	0	0	
631	2026-05-08 01:23:58.077	2026-05-08 01:23:58.170	2	0	0	0	0	0	0	0	0	0	0	0	0	
631	2026-05-08 01:23:58.279	2026-05-08 01:23:58.482	2	0	0	0	0	0	0	0	0	0	0	0	0	
631	2026-05-08 01:24:38.793	2026-05-08 01:24:39.479	1	0	0	0	0	0	0	0	0	0	0	0	0	
631	2026-05-08 01:24:42.334	2026-05-08 01:24:42.365	1	0	0	0	0	0	0	0	0	0	0	0	0	
631	2026-05-08 01:24:42.459	2026-05-08 01:24:42.677	1	0	0	0	0	0	0	0	0	0	0	0	0	
631	2026-05-08 01:24:48.184	2026-05-08 01:24:48.231	1	0	0	0	0	0	0	0	0	0	0	0	0	
631	2026-05-08 01:24:48.246	2026-05-08 01:24:48.589	1	0	0	0	0	0	0	0	0	0	0	0	0	
631	2026-05-08 01:24:54.564	2026-05-08 01:24:54.720	1	0	0	0	0	0	0	0	0	0	0	0	0	
631	2026-05-08 01:24:54.970	2026-05-08 01:24:55.048	1	0	0	0	0	0	0	0	0	0	0	0	0	
631	2026-05-08 01:24:55.079	2026-05-08 01:24:55.391	1	0	0	0	0	0	0	0	0	0	0	0	0	
631	2026-05-08 01:24:56.265	2026-05-08 01:24:56.296	1	0	0	0	0	0	0	0	0	0	0	0	0	
631	2026-05-08 01:25:00.773	2026-05-08 01:25:00.820	1	0	0	0	0	0	0	0	0	0	0	0	0	
631	2026-05-08 01:25:00.945	2026-05-08 01:25:01.413	1	0	0	0	0	0	0	0	0	0	0	0	0	
631	2026-05-08 01:25:07.497	2026-05-08 01:25:07.559	1	0	0	0	0	0	0	0	0	0	0	0	0	
631	2026-05-08 01:25:07.590	2026-05-08 01:25:07.637	1	0	0	0	0	0	0	0	0	0	0	0	0	
631	2026-05-08 01:25:08.136	2026-05-08 01:25:08.167	1	0	0	0	0	0	0	0	0	0	0	0	0	
631	2026-05-08 01:25:24.126	2026-05-08 01:25:24.329	1	0	0	0	0	0	0	0	0	0	0	0	0	
631	2026-05-08 01:25:24.376	2026-05-08 01:25:24.423	1	0	0	0	0	0	0	0	0	0	0	0	0	
631	2026-05-08 01:25:24.469	2026-05-08 01:25:24.532	1	0	0	0	0	0	0	0	0	0	0	0	0	
631	2026-05-08 01:25:24.563	2026-05-08 01:25:24.688	1	0	0	0	0	0	0	0	0	0	0	0	0	
631	2026-05-08 01:25:32.441	2026-05-08 01:25:32.457	1	0	0	0	0	0	0	0	0	0	0	0	0	
631	2026-05-08 01:25:32.613	2026-05-08 01:25:32.644	1	0	0	0	0	0	0	0	0	0	0	0	0	
631	2026-05-08 01:25:33.159	2026-05-08 01:25:33.252	1	0	0	0	0	0	0	0	0	0	0	0	0	
631	2026-05-08 01:25:44.500	2026-05-08 01:25:44.625	1	0	0	0	0	0	0	0	0	0	0	0	0	
631	2026-05-08 01:25:44.890	2026-05-08 01:25:44.921	1	0	0	0	0	0	0	0	0	0	0	0	0	
631	2026-05-08 01:25:46.434	2026-05-08 01:25:46.466	1	0	0	0	0	0	0	0	0	0	0	0	0	
631	2026-05-08 01:25:46.559	2026-05-08 01:25:46.575	1	0	0	0	0	0	0	0	0	0	0	0	0	
631	2026-05-08 01:25:51.660	2026-05-08 01:25:52.815	1	0	0	0	0	0	0	0	0	0	0	0	0	
631	2026-05-08 01:26:01.769	2026-05-08 01:26:01.800	1	0	0	0	0	0	0	0	0	0	0	0	0	
631	2026-05-08 01:26:01.847	2026-05-08 01:26:01.863	1	0	0	0	0	0	0	0	0	0	0	0	0	
631	2026-05-08 01:26:02.908	2026-05-08 01:26:02.970	1	0	0	0	0	0	0	0	0	0	0	0	0	
631	2026-05-08 01:26:03.048	2026-05-08 01:26:03.111	1	0	0	0	0	0	0	0	0	0	0	0	0	
631	2026-05-08 01:27:12.312	2026-05-08 01:27:12.640	1	0	0	0	0	0	0	0	0	0	0	0	0	
631	2026-05-08 01:27:32.764	2026-05-08 01:27:32.795	1	0	0	0	0	0	0	0	0	0	0	0	0	
631	2026-05-08 01:27:32.904	2026-05-08 01:27:32.936	1	0	0	0	0	0	0	0	0	0	0	0	0	
631	2026-05-08 01:29:05.740	2026-05-08 01:29:06.458	2	0	0	0	0	0	0	0	0	0	0	0	0	
631	2026-05-08 01:29:09.063	2026-05-08 01:29:09.141	2	0	0	0	0	0	0	0	0	0	0	0	0	
631	2026-05-08 01:29:09.172	2026-05-08 01:29:09.406	2	0	0	0	0	0	0	0	0	0	0	0	0	
631	2026-05-08 01:29:09.703	2026-05-08 01:29:10.171	2	0	0	0	0	0	0	0	0	0	0	0	0	
631	2026-05-08 01:29:10.249	2026-05-08 01:29:10.373	2	0	0	0	0	0	0	0	0	0	0	0	0	
631	2026-05-08 01:29:10.420	2026-05-08 01:29:10.576	2	0	0	0	0	0	0	0	0	0	0	0	0	
631	2026-05-08 01:29:10.670	2026-05-08 01:29:10.935	2	0	0	0	0	0	0	0	0	0	0	0	0	
631	2026-05-08 01:29:11.746	2026-05-08 01:29:11.887	2	0	0	0	0	0	0	0	0	0	0	0	0	
632	2026-05-08 01:30:00.824	2026-05-08 01:30:01.308	4	0	0	0	0	0	0	0	0	0	0	0	0	
632	2026-05-08 01:30:03.585	2026-05-08 01:30:08.936	3	0	0	0	0	36	1.80600002408028	4.546208	0	0	0	0	0	2026-05-08 01:30:04.147
632	2026-05-08 01:31:35.313	2026-05-08 01:31:35.407	4	0	0	0	0	0	0	0	0	0	0	0	0	
633	2026-05-08 01:30:45.362	2026-05-08 01:30:45.502	2	0	0	0	0	0	0	0	0	0	0	0	0	
633	2026-05-08 01:30:45.643	2026-05-08 01:30:55.755	2	0	0	0	0	72	1.69399999082088	7.8624138	0	0	0	0	0	2026-05-08 01:30:46.470
633	2026-05-08 01:31:55.905	2026-05-08 01:31:55.968	1	0	0	0	0	0	0	0	0	0	0	0	0	
633	2026-05-08 01:31:56.093	2026-05-08 01:31:56.186	1	0	0	0	0	0	0	0	0	0	0	0	0	
633	2026-05-08 01:31:56.389	2026-05-08 01:31:56.451	1	0	0	0	0	0	0	0	0	0	0	0	0	
633	2026-05-08 01:31:56.576	2026-05-08 01:31:56.623	1	0	0	0	0	0	0	0	0	0	0	0	0	
633	2026-05-08 01:31:57.590	2026-05-08 01:31:57.653	1	0	0	0	0	0	0	0	0	0	0	0	0	
633	2026-05-08 01:31:57.715	2026-05-08 01:31:57.793	1	0	0	0	0	0	0	0	0	0	0	0	0	
633	2026-05-08 01:32:03.612	2026-05-08 01:32:03.643	1	0	0	0	0	0	0	0	0	0	0	0	0	
633	2026-05-08 01:34:11.828	2026-05-08 01:34:12.218	1	0	0	0	0	0	0	0	0	0	0	0	0	
633	2026-05-08 01:34:12.437	2026-05-08 01:34:12.874	1	0	0	0	0	0	0	0	0	0	0	0	0	
633	2026-05-08 01:34:13.700	2026-05-08 01:34:13.841	1	0	0	0	0	0	0	0	0	0	0	0	0	
633	2026-05-08 01:34:14.184	2026-05-08 01:34:14.480	1	0	0	0	0	0	0	0	0	0	0	0	0	
633	2026-05-08 01:34:14.699	2026-05-08 01:34:14.855	1	0	0	0	0	0	0	0	0	0	0	0	0	
637	2026-05-08 01:33:24.904	2026-05-08 01:33:36.448	7	0	0	0	0	15	0.210000006482005	3.0732051	0	0	0	0	0	2026-05-08 01:33:26.526
637	2026-05-08 01:33:39.178	2026-05-08 01:33:47.633	8	0	0	0	0	16	0.224000006914139	3.1356056	0	0	0	0	0	2026-05-08 01:33:40.207
637	2026-05-08 01:33:51.299	2026-05-08 01:33:52.188	8	0	0	0	0	0	0	0	0	0	0	0	0	
637	2026-05-08 01:33:53.077	2026-05-08 01:34:05.136	8	0	0	0	0	82	4.97000002861023	11.0136193	0	0	0	0	0	2026-05-08 01:33:53.389
637	2026-05-08 01:34:18.739	2026-05-08 01:34:19.207	8	0	0	0	0	0	0	0	0	0	0	0	0	
637	2026-05-08 01:34:19.348	2026-05-08 01:34:38.052	8	0	0	0	0	0	0	0	0	0	0	0	0	
637	2026-05-08 01:34:41.921	2026-05-08 01:34:42.061	7	0	0	0	0	0	0	0	0	0	0	0	0	
637	2026-05-08 01:34:42.545	2026-05-08 01:34:42.654	7	0	0	0	0	0	0	0	0	0	0	0	0	
637	2026-05-08 01:34:42.794	2026-05-08 01:34:43.590	7	0	0	0	0	0	0	0	0	0	0	0	0	
637	2026-05-08 01:34:46.226	2026-05-08 01:34:46.835	7	0	0	0	0	0	0	0	0	0	0	0	0	
637	2026-05-08 01:34:47.100	2026-05-08 01:34:47.365	7	0	0	0	0	0	0	0	0	0	0	0	0	
628	2026-05-08 01:14:54.462	2026-05-08 01:14:54.650	6	0	0	0	0	0	0	0	0	0	0	0	0	
628	2026-05-08 01:28:47.098	2026-05-08 01:28:54.368	5	0	0	0	0	40	2.15600004792213	6.1650108	0	0	0	0	0	2026-05-08 01:28:47.348
638	2026-05-08 01:34:58.457	2026-05-08 01:34:58.816	8	0	0	0	0	0	0	0	0	0	0	0	0	
638	2026-05-08 01:35:04.915	2026-05-08 01:35:07.115	7	0	0	0	0	0	0	0	0	0	0	0	0	
638	2026-05-08 01:35:08.098	2026-05-08 01:35:10.079	7	0	0	0	0	0	0	0	0	0	0	0	0	
638	2026-05-08 01:35:10.859	2026-05-08 01:35:11.951	7	0	0	0	0	0	0	0	0	0	0	0	0	
638	2026-05-08 01:35:19.002	2026-05-08 01:35:23.308	8	0	0	0	0	15	0.210000002756715	2.4492043	0	0	0	0	0	2026-05-08 01:35:19.813
638	2026-05-08 01:38:49.852	2026-05-08 01:38:49.961	7	0	0	0	0	0	0	0	0	0	0	0	0	
638	2026-05-08 01:38:51.194	2026-05-08 01:38:51.365	8	0	0	0	0	0	0	0	0	0	0	0	0	
638	2026-05-08 01:38:51.740	2026-05-08 01:38:51.771	7	0	0	0	0	0	0	0	0	0	0	0	0	
641	2026-05-08 01:38:57.714	2026-05-08 01:38:59.134	8	0	0	0	0	1	0.0140000004321337	0.2340004	0	0	0	0	0	2026-05-08 01:38:58.260
641	2026-05-08 01:39:01.739	2026-05-08 01:39:01.786	7	0	0	0	0	0	0	0	0	0	0	0	0	
641	2026-05-08 01:39:02.005	2026-05-08 01:39:04.563	7	0	0	0	0	14	0.587999984622002	1.747203	0	0	0	0	0	2026-05-08 01:39:02.348
641	2026-05-08 01:39:05.203	2026-05-08 01:39:05.327	7	0	0	0	0	0	0	0	0	0	0	0	0	
641	2026-05-08 01:39:31.645	2026-05-08 01:39:31.676	8	0	0	0	0	0	0	0	0	0	0	0	0	
641	2026-05-08 01:39:33.532	2026-05-08 01:39:34.219	8	0	0	0	0	0	0	0	0	0	0	0	0	
640	2026-05-08 01:36:12.167	2026-05-08 01:36:12.432	2	0	0	0	0	0	0	0	0	0	0	0	0	
640	2026-05-08 01:36:12.463	2026-05-08 01:36:12.526	2	0	0	0	0	0	0	0	0	0	0	0	0	
640	2026-05-08 01:36:13.009	2026-05-08 01:36:13.056	1	0	0	0	0	0	0	0	0	0	0	0	0	
643	2026-05-08 01:39:41.613	2026-05-08 01:39:41.675	7	0	0	0	0	0	0	0	0	0	0	0	0	
643	2026-05-08 01:39:47.947	2026-05-08 01:39:48.758	8	0	0	0	0	0	0	0	0	0	0	0	0	
643	2026-05-08 01:39:52.268	2026-05-08 01:39:52.330	8	0	0	0	0	0	0	0	0	0	0	0	0	
643	2026-05-08 01:39:59.366	2026-05-08 01:39:59.912	8	0	0	0	0	0	0	0	0	0	0	0	0	
643	2026-05-08 01:40:03.250	2026-05-08 01:40:03.500	8	0	0	0	0	0	0	0	0	0	0	0	0	
644	2026-05-08 01:40:15.278	2026-05-08 01:40:15.340	8	0	0	0	0	0	0	0	0	0	0	0	0	
644	2026-05-08 01:40:15.387	2026-05-08 01:40:15.465	8	0	0	0	0	0	0	0	0	0	0	0	0	
644	2026-05-08 01:40:15.808	2026-05-08 01:40:15.886	8	0	0	0	0	0	0	0	0	0	0	0	0	
644	2026-05-08 01:40:22.391	2026-05-08 01:40:22.469	7	0	0	0	0	0	0	0	0	0	0	0	0	
644	2026-05-08 01:40:23.483	2026-05-08 01:40:32.110	7	0	0	0	0	39	2.08599996566772	5.0544089	0	0	0	0	0	2026-05-08 01:40:23.858
644	2026-05-08 01:40:36.119	2026-05-08 01:40:36.197	8	0	0	0	0	0	0	0	0	0	0	0	0	
644	2026-05-08 01:40:36.385	2026-05-08 01:40:38.865	8	0	0	0	0	0	0	0	0	0	0	0	0	
645	2026-05-08 01:40:36.603	2026-05-08 01:40:45.760	1	0	0	0	0	69	3.51399993896484	8.5176149	0	0	0	0	0	2026-05-08 01:40:37.102
645	2026-05-08 01:40:51.423	2026-05-08 01:40:51.485	1	0	0	0	0	0	0	0	0	0	0	0	0	
645	2026-05-08 01:41:25.993	2026-05-08 01:41:27.459	1	0	0	0	0	0	0	0	0	0	0	0	0	
645	2026-05-08 01:42:52.479	2026-05-08 01:43:29.358	1	0	0	0	0	0	0	0	0	0	0	0	0	
645	2026-05-08 01:43:30.762	2026-05-08 01:43:30.902	1	0	0	0	0	0	0	0	0	0	0	0	0	
645	2026-05-08 01:43:31.167	2026-05-08 01:43:31.386	2	0	0	0	0	0	0	0	0	0	0	0	0	
647	2026-05-08 01:44:42.584	2026-05-08 01:44:53.208	1	0	0	0	0	76	3.94800007343292	10.1088178	0	0	0	0	0	2026-05-08 01:44:42.850
647	2026-05-08 01:45:37.918	2026-05-08 01:45:38.308	2	0	0	0	0	0	0	0	0	0	0	0	0	
646	2026-05-08 01:43:29.171	2026-05-08 01:43:37.173	8	0	0	0	0	40	0.68600001744926	5.3196093	0	0	0	0	0	2026-05-08 01:43:30.029
646	2026-05-08 01:43:40.465	2026-05-08 01:43:40.590	7	0	0	0	0	0	0	0	0	0	0	0	0	
646	2026-05-08 01:43:40.652	2026-05-08 01:43:54.536	7	0	0	0	0	93	4.48000004887581	11.7624207	0	0	0	0	0	2026-05-08 01:43:41.136
646	2026-05-08 01:48:33.402	2026-05-08 01:48:40.469	7	0	0	0	0	10	0.140000004321337	2.2122039	0	0	0	0	0	2026-05-08 01:48:34.351
646	2026-05-08 01:48:42.840	2026-05-08 01:48:42.872	8	0	0	0	0	0	0	0	0	0	0	0	0	
646	2026-05-08 01:49:32.776	2026-05-08 01:49:33.041	7	0	0	0	0	0	0	0	0	0	0	0	0	
646	2026-05-08 01:49:36.083	2026-05-08 01:49:36.333	8	0	0	0	0	0	0	0	0	0	0	0	0	
636	2026-05-08 01:31:44.595	2026-05-08 01:31:51.147	3	0	0	0	0	18	0.252000004053116	3.2760054	0	0	0	0	0	2026-05-08 01:31:45.329
636	2026-05-08 01:31:53.799	2026-05-08 01:31:54.189	3	0	0	0	0	0	0	0	0	0	0	0	0	
636	2026-05-08 01:32:00.773	2026-05-08 01:32:01.537	4	0	0	0	0	1	0.0140000004321337	0.2184003	0	0	0	0	0	2026-05-08 01:32:01.319
636	2026-05-08 01:32:03.222	2026-05-08 01:32:03.378	4	0	0	0	0	0	0	0	0	0	0	0	0	
636	2026-05-08 01:32:17.199	2026-05-08 01:32:25.140	3	0	0	0	0	41	0.630000008270144	5.5692097	0	0	0	0	0	2026-05-08 01:32:17.589
649	2026-05-08 01:49:41.278	2026-05-08 01:49:48.610	7	0	0	0	0	49	2.31000000610948	6.2400108	0	0	0	0	0	2026-05-08 01:49:41.886
649	2026-05-08 01:49:49.281	2026-05-08 01:49:49.328	7	0	0	0	0	0	0	0	0	0	0	0	0	
649	2026-05-08 01:49:50.903	2026-05-08 01:49:51.184	7	0	0	0	0	0	0	0	0	0	0	0	0	
649	2026-05-08 01:50:22.088	2026-05-08 01:51:29.792	7	0	0	0	0	0	0	0	0	0	0	0	0	
649	2026-05-08 01:51:31.009	2026-05-08 01:51:31.960	7	0	0	0	0	0	0	0	0	0	0	0	0	
649	2026-05-08 01:51:32.179	2026-05-08 01:51:32.210	7	0	0	0	0	0	0	0	0	0	0	0	0	
649	2026-05-08 01:51:42.724	2026-05-08 01:51:42.771	8	0	0	0	0	0	0	0	0	0	0	0	0	
649	2026-05-08 01:51:44.861	2026-05-08 01:51:45.298	8	0	0	0	0	0	0	0	0	0	0	0	0	
649	2026-05-08 01:51:52.115	2026-05-08 01:52:02.193	8	0	0	0	0	27	0.406000003218651	4.3992077	0	0	0	0	0	2026-05-08 01:51:52.927
649	2026-05-08 01:52:13.456	2026-05-08 01:52:13.955	7	0	0	0	0	0	0	0	0	0	0	0	0	
650	2026-05-08 01:52:17.200	2026-05-08 01:52:21.444	8	0	0	0	0	14	0.209999997168779	1.7538031	0	0	0	0	0	2026-05-08 01:52:18.355
650	2026-05-08 01:52:22.146	2026-05-08 01:52:23.050	8	0	0	0	0	0	0	0	0	0	0	0	0	
639	2026-05-08 01:35:52.714	2026-05-08 01:36:07.440	5	0	0	0	0	115	6.81799983978271	14.3364251	0	0	0	0	0	2026-05-08 01:35:52.995
639	2026-05-08 01:36:12.339	2026-05-08 01:36:12.588	5	0	0	0	0	0	0	0	0	0	0	0	0	
639	2026-05-08 01:38:20.602	2026-05-08 01:38:20.758	6	0	0	0	0	0	0	0	0	0	0	0	0	
639	2026-05-08 01:38:23.535	2026-05-08 01:38:24.424	6	0	0	0	0	0	0	0	0	0	0	0	0	
639	2026-05-08 01:38:26.655	2026-05-08 01:38:29.447	6	0	0	0	0	0	0	0	0	0	0	0	0	
639	2026-05-08 01:38:33.987	2026-05-08 01:38:44.376	6	0	0	0	0	0	0	0	0	0	0	0	0	
639	2026-05-08 01:38:44.517	2026-05-08 01:39:29.258	6	0	0	0	0	0	0	0	0	0	0	0	0	
639	2026-05-08 01:43:23.477	2026-05-08 01:43:23.601	6	0	0	0	0	0	0	0	0	0	0	0	0	
639	2026-05-08 01:44:46.344	2026-05-08 01:44:58.075	5	0	0	0	0	82	5.30600023269653	11.2164197	0	0	0	0	0	2026-05-08 01:44:46.718
639	2026-05-08 01:45:27.294	2026-05-08 01:45:27.372	5	0	0	0	0	0	0	0	0	0	0	0	0	
639	2026-05-08 01:45:27.809	2026-05-08 01:45:28.885	5	0	0	0	0	0	0	0	0	0	0	0	0	
639	2026-05-08 01:45:28.994	2026-05-08 01:45:29.384	5	0	0	0	0	0	0	0	0	0	0	0	0	
639	2026-05-08 01:45:29.603	2026-05-08 01:45:30.476	5	0	0	0	0	0	0	0	0	0	0	0	0	
639	2026-05-08 01:45:30.617	2026-05-08 01:45:31.397	5	0	0	0	0	0	0	0	0	0	0	0	0	
639	2026-05-08 01:46:02.628	2026-05-08 01:46:02.659	5	0	0	0	0	0	0	0	0	0	0	0	0	
639	2026-05-08 01:46:08.010	2026-05-08 01:46:08.057	5	0	0	0	0	0	0	0	0	0	0	0	0	
639	2026-05-08 01:46:08.119	2026-05-08 01:46:08.275	5	0	0	0	0	0	0	0	0	0	0	0	0	
639	2026-05-08 01:46:08.603	2026-05-08 01:46:08.681	5	0	0	0	0	0	0	0	0	0	0	0	0	
639	2026-05-08 01:46:08.759	2026-05-08 01:46:08.790	5	0	0	0	0	0	0	0	0	0	0	0	0	
639	2026-05-08 01:46:23.828	2026-05-08 01:46:23.875	5	0	0	0	0	0	0	0	0	0	0	0	0	
639	2026-05-08 01:46:41.659	2026-05-08 01:46:51.051	5	0	0	0	0	0	0	0	0	0	0	0	0	
639	2026-05-08 01:51:03.319	2026-05-08 01:51:03.646	6	0	0	0	0	0	0	0	0	0	0	0	0	
639	2026-05-08 01:51:04.395	2026-05-08 01:51:04.457	5	0	0	0	0	0	0	0	0	0	0	0	0	
639	2026-05-08 01:51:09.278	2026-05-08 01:51:09.496	6	0	0	0	0	0	0	0	0	0	0	0	0	
639	2026-05-08 01:52:14.689	2026-05-08 01:52:14.704	5	0	0	0	0	0	0	0	0	0	0	0	0	
651	2026-05-08 01:52:23.066	2026-05-08 01:52:23.269	3	0	0	0	0	0	0	0	0	0	0	0	0	
652	2026-05-08 01:52:30.351	2026-05-08 01:52:30.897	5	0	0	0	0	0	0	0	0	0	0	0	0	
652	2026-05-08 01:52:32.426	2026-05-08 01:52:33.268	5	0	0	0	0	0	0	0	0	0	0	0	0	
652	2026-05-08 01:52:33.378	2026-05-08 01:53:27.260	5	0	0	0	0	0	0	0	0	0	0	0	0	
652	2026-05-08 01:55:03.980	2026-05-08 01:55:03.996	6	0	0	0	0	0	0	0	0	0	0	0	0	
652	2026-05-08 01:55:06.601	2026-05-08 01:55:06.648	6	0	0	0	0	0	0	0	0	0	0	0	0	
652	2026-05-08 01:53:29.631	2026-05-08 01:55:07.475	5	0	0	0	0	0	0	0	0	0	0	0	0	
652	2026-05-08 01:55:07.724	2026-05-08 01:55:07.755	5	0	0	0	0	0	0	0	0	0	0	0	0	
652	2026-05-08 01:55:07.802	2026-05-08 01:55:07.880	5	0	0	0	0	0	0	0	0	0	0	0	0	
652	2026-05-08 01:55:08.161	2026-05-08 01:55:08.208	6	0	0	0	0	0	0	0	0	0	0	0	0	
652	2026-05-08 01:55:08.196	2026-05-08 01:55:08.239	5	0	0	0	0	0	0	0	0	0	0	0	0	
652	2026-05-08 01:55:08.270	2026-05-08 01:55:08.520	5	0	0	0	0	0	0	0	0	0	0	0	0	
652	2026-05-08 01:55:08.582	2026-05-08 01:55:08.832	5	0	0	0	0	0	0	0	0	0	0	0	0	
655	2026-05-08 01:55:24.104	2026-05-08 01:55:31.109	6	0	0	0	0	6	0.084000002592802	1.185602	0	0	0	0	0	2026-05-08 01:55:24.635
648	2026-05-08 01:48:32.810	2026-05-08 01:48:49.673	2	0	0	0	0	30	0.476000007241964	5.8032104	0	0	0	0	0	2026-05-08 01:48:33.200
648	2026-05-08 01:51:43.411	2026-05-08 01:52:24.876	2	0	0	0	0	0	0	0	0	0	0	0	0	
648	2026-05-08 01:52:25.765	2026-05-08 01:52:25.936	2	0	0	0	0	0	0	0	0	0	0	0	0	
648	2026-05-08 01:52:27.013	2026-05-08 01:52:27.060	2	0	0	0	0	0	0	0	0	0	0	0	0	
648	2026-05-08 01:52:28.292	2026-05-08 01:56:01.326	2	0	0	0	0	0	0	0	0	0	0	0	0	
648	2026-05-08 01:56:02.262	2026-05-08 01:56:05.335	2	0	0	0	0	0	0	0	0	0	0	0	0	
656	2026-05-08 01:56:40.420	2026-05-08 01:56:42.011	5	0	0	0	0	8	0.335999995470047	0.9516016	0	0	0	0	0	2026-05-08 01:56:40.872
656	2026-05-08 01:56:53.071	2026-05-08 01:56:53.165	5	0	0	0	0	0	0	0	0	0	0	0	0	
656	2026-05-08 01:56:53.305	2026-05-08 01:57:01.261	5	0	0	0	0	0	0	0	0	0	0	0	0	
656	2026-05-08 01:57:01.682	2026-05-08 01:57:01.729	5	0	0	0	0	0	0	0	0	0	0	0	0	
656	2026-05-08 01:57:01.823	2026-05-08 01:57:01.854	5	0	0	0	0	0	0	0	0	0	0	0	0	
656	2026-05-08 01:57:01.932	2026-05-08 01:57:01.994	5	0	0	0	0	0	0	0	0	0	0	0	0	
656	2026-05-08 01:57:02.041	2026-05-08 01:57:05.099	5	0	0	0	0	0	0	0	0	0	0	0	0	
656	2026-05-08 01:57:19.654	2026-05-08 01:57:19.716	5	0	0	0	0	0	0	0	0	0	0	0	0	
656	2026-05-08 01:57:53.521	2026-05-08 01:58:13.926	5	0	0	0	0	0	0	0	0	0	0	0	0	
657	2026-05-08 02:00:12.876	2026-05-08 02:00:13.142	8	0	0	0	0	0	0	0	0	0	0	0	0	
660	2026-05-08 02:03:33.103	2026-05-08 02:03:33.383	2	0	0	0	0	0	0	0	0	0	0	0	0	
660	2026-05-08 02:03:33.914	2026-05-08 02:03:40.341	2	0	0	0	0	45	2.46400010958314	5.6940101	0	0	0	0	0	2026-05-08 02:03:34.429
653	2026-05-08 01:53:19.741	2026-05-08 01:53:29.070	3	0	0	0	0	26	0.36400000192225	4.3524078	0	0	0	0	0	2026-05-08 01:53:21.160
653	2026-05-08 01:53:31.519	2026-05-08 01:53:31.846	3	0	0	0	0	0	0	0	0	0	0	0	0	
653	2026-05-08 01:53:32.002	2026-05-08 01:53:32.346	3	0	0	0	0	0	0	0	0	0	0	0	0	
653	2026-05-08 01:53:42.314	2026-05-08 01:53:42.860	4	0	0	0	0	0	0	0	0	0	0	0	0	
653	2026-05-08 01:56:07.940	2026-05-08 01:58:32.568	4	0	0	0	0	0	0	0	0	0	0	0	0	
653	2026-05-08 01:58:33.364	2026-05-08 01:58:33.457	4	0	0	0	0	0	0	0	0	0	0	0	0	
653	2026-05-08 01:58:33.551	2026-05-08 01:58:33.645	4	0	0	0	0	0	0	0	0	0	0	0	0	
653	2026-05-08 01:58:33.785	2026-05-08 01:58:33.832	4	0	0	0	0	0	0	0	0	0	0	0	0	
653	2026-05-08 01:58:33.317	2026-05-08 01:58:34.191	3	0	0	0	0	0	0	0	0	0	0	0	0	
653	2026-05-08 01:58:34.503	2026-05-08 01:58:35.142	4	0	0	0	0	0	0	0	0	0	0	0	0	
653	2026-05-08 02:00:36.744	2026-05-08 02:00:39.740	3	0	0	0	0	0	0	0	0	0	0	0	0	
653	2026-05-08 02:00:39.864	2026-05-08 02:00:42.126	4	0	0	0	0	0	0	0	0	0	0	0	0	
653	2026-05-08 02:00:42.407	2026-05-08 02:03:41.199	4	0	0	0	0	0	0	0	0	0	0	0	0	
653	2026-05-08 02:03:41.262	2026-05-08 02:03:43.399	3	0	0	0	0	0	0	0	0	0	0	0	0	
653	2026-05-08 02:03:43.321	2026-05-08 02:03:43.711	4	0	0	0	0	0	0	0	0	0	0	0	0	
653	2026-05-08 02:03:43.992	2026-05-08 02:03:44.148	4	0	0	0	0	0	0	0	0	0	0	0	0	
653	2026-05-08 02:03:43.867	2026-05-08 02:03:44.194	3	0	0	0	0	0	0	0	0	0	0	0	0	
653	2026-05-08 02:03:44.382	2026-05-08 02:03:46.316	4	0	0	0	0	0	0	0	0	0	0	0	0	
653	2026-05-08 02:05:08.809	2026-05-08 02:05:09.370	3	0	0	0	0	0	0	0	0	0	0	0	0	
663	2026-05-08 02:11:44.410	2026-05-08 02:11:44.550	4	0	0	0	0	0	0	0	0	0	0	0	0	
664	2026-05-08 02:12:09.620	2026-05-08 02:12:09.900	7	0	0	0	0	0	0	0	0	0	0	0	0	
666	2026-05-08 02:14:57.476	2026-05-08 02:14:57.897	4	0	0	0	0	0	0	0	0	0	0	0	0	
666	2026-05-08 02:14:57.959	2026-05-08 02:14:58.131	4	0	0	0	0	0	0	0	0	0	0	0	0	
669	2026-05-08 02:23:08.658	2026-05-08 02:23:16.770	3	0	0	0	0	56	2.93999994173646	7.2696127	0	0	0	0	0	2026-05-08 02:23:09.064
669	2026-05-08 02:23:28.845	2026-05-08 02:23:29.235	3	0	0	0	0	0	0	0	0	0	0	0	0	
669	2026-05-08 02:23:40.046	2026-05-08 02:23:40.061	4	0	0	0	0	0	0	0	0	0	0	0	0	
669	2026-05-08 02:23:44.195	2026-05-08 02:23:44.679	4	0	0	0	0	0	0	0	0	0	0	0	0	
669	2026-05-08 02:23:53.118	2026-05-08 02:23:53.196	3	0	0	0	0	0	0	0	0	0	0	0	0	
669	2026-05-08 02:23:53.664	2026-05-08 02:23:58.750	3	0	0	0	0	35	1.5819999948144	4.4928079	0	0	0	0	0	2026-05-08 02:23:54.101
669	2026-05-08 02:24:00.669	2026-05-08 02:24:02.884	3	0	0	0	0	0	0	0	0	0	0	0	0	
667	2026-05-08 02:17:46.424	2026-05-08 02:17:46.533	8	0	0	0	0	0	0	0	0	0	0	0	0	
667	2026-05-08 02:17:46.614	2026-05-08 02:17:57.578	8	0	0	0	0	30	0.42000000551343	4.7530081	0	0	0	0	0	2026-05-08 02:17:47.345
667	2026-05-08 02:18:54.082	2026-05-08 02:18:54.191	7	0	0	0	0	0	0	0	0	0	0	0	0	
667	2026-05-08 02:20:53.968	2026-05-08 02:20:53.999	8	0	0	0	0	0	0	0	0	0	0	0	0	
667	2026-05-08 02:20:54.139	2026-05-08 02:20:54.311	8	0	0	0	0	0	0	0	0	0	0	0	0	
670	2026-05-08 02:25:32.319	2026-05-08 02:25:33.021	8	0	0	0	0	0	0	0	0	0	0	0	0	
670	2026-05-08 02:25:33.099	2026-05-08 02:25:33.458	8	0	0	0	0	0	0	0	0	0	0	0	0	
670	2026-05-08 02:25:33.505	2026-05-08 02:25:43.957	8	0	0	0	0	77	4.18599987030029	9.9840176	0	0	0	0	0	2026-05-08 02:25:33.832
670	2026-05-08 02:27:28.196	2026-05-08 02:27:28.430	8	0	0	0	0	0	0	0	0	0	0	0	0	
670	2026-05-08 02:30:39.374	2026-05-08 02:30:55.021	8	0	0	0	0	0	0	0	0	0	0	0	0	
670	2026-05-08 02:30:57.314	2026-05-08 02:30:57.455	8	0	0	0	0	0	0	0	0	0	0	0	0	
670	2026-05-08 02:30:58.484	2026-05-08 02:32:23.707	8	0	0	0	0	0	0	0	0	0	0	0	0	
670	2026-05-08 02:32:23.473	2026-05-08 02:32:24.877	7	0	0	0	0	0	0	0	0	0	0	0	0	
670	2026-05-08 02:32:36.952	2026-05-08 02:32:37.264	7	0	0	0	0	0	0	0	0	0	0	0	0	
670	2026-05-08 02:32:40.197	2026-05-08 02:32:40.649	8	0	0	0	0	0	0	0	0	0	0	0	0	
670	2026-05-08 02:32:41.679	2026-05-08 02:32:41.757	7	0	0	0	0	0	0	0	0	0	0	0	0	
670	2026-05-08 02:32:41.897	2026-05-08 02:32:42.334	7	0	0	0	0	0	0	0	0	0	0	0	0	
670	2026-05-08 02:32:42.427	2026-05-08 02:32:42.474	7	0	0	0	0	0	0	0	0	0	0	0	0	
671	2026-05-08 02:25:42.475	2026-05-08 02:25:51.897	3	0	0	0	0	73	1.59599995799363	8.049614	0	0	0	0	0	2026-05-08 02:25:43.005
671	2026-05-08 02:25:54.081	2026-05-08 02:25:54.331	3	0	0	0	0	0	0	0	0	0	0	0	0	
672	2026-05-08 02:32:53.160	2026-05-08 02:32:53.191	8	0	0	0	0	0	0	0	0	0	0	0	0	
672	2026-05-08 02:32:53.488	2026-05-08 02:33:07.731	7	0	0	0	0	104	6.48199988529086	13.1352232	0	0	0	0	0	2026-05-08 02:32:53.784
672	2026-05-08 02:33:09.540	2026-05-08 02:33:14.766	7	0	0	0	0	35	2.30999994277954	4.8048084	0	0	0	0	0	2026-05-08 02:33:09.899
672	2026-05-08 02:33:18.838	2026-05-08 02:33:34.313	7	0	0	0	0	0	0	0	0	0	0	0	0	
672	2026-05-08 02:34:09.382	2026-05-08 02:34:22.814	7	0	0	0	0	0	0	0	0	0	0	0	0	
672	2026-05-08 02:34:23.625	2026-05-08 02:34:44.778	7	0	0	0	0	0	0	0	0	0	0	0	0	
672	2026-05-08 02:36:08.972	2026-05-08 02:36:08.987	8	0	0	0	0	0	0	0	0	0	0	0	0	
672	2026-05-08 02:36:58.361	2026-05-08 02:36:58.377	8	0	0	0	0	0	0	0	0	0	0	0	0	
672	2026-05-08 02:36:59.235	2026-05-08 02:36:59.422	8	0	0	0	0	0	0	0	0	0	0	0	0	
672	2026-05-08 02:36:59.453	2026-05-08 02:36:59.594	8	0	0	0	0	0	0	0	0	0	0	0	0	
672	2026-05-08 02:36:59.734	2026-05-08 02:37:00.031	8	0	0	0	0	0	0	0	0	0	0	0	0	
672	2026-05-08 02:37:00.077	2026-05-08 02:37:04.289	8	0	0	0	0	0	0	0	0	0	0	0	0	
672	2026-05-08 02:37:04.414	2026-05-08 02:37:04.523	8	0	0	0	0	0	0	0	0	0	0	0	0	
672	2026-05-08 02:37:04.617	2026-05-08 02:37:04.633	8	0	0	0	0	0	0	0	0	0	0	0	0	
672	2026-05-08 02:37:04.929	2026-05-08 02:37:05.896	7	0	0	0	0	0	0	0	0	0	0	0	0	
672	2026-05-08 02:37:04.867	2026-05-08 02:37:06.146	8	0	0	0	0	0	0	0	0	0	0	0	0	
672	2026-05-08 02:37:06.208	2026-05-08 02:37:06.645	8	0	0	0	0	0	0	0	0	0	0	0	0	
672	2026-05-08 02:37:06.723	2026-05-08 02:37:06.926	8	0	0	0	0	0	0	0	0	0	0	0	0	
672	2026-05-08 02:37:07.191	2026-05-08 02:37:07.222	8	0	0	0	0	0	0	0	0	0	0	0	0	
672	2026-05-08 02:37:08.018	2026-05-08 02:37:08.065	8	0	0	0	0	0	0	0	0	0	0	0	0	
672	2026-05-08 02:37:08.252	2026-05-08 02:37:08.579	8	0	0	0	0	0	0	0	0	0	0	0	0	
672	2026-05-08 02:37:08.735	2026-05-08 02:37:09.297	8	0	0	0	0	0	0	0	0	0	0	0	0	
672	2026-05-08 02:37:09.344	2026-05-08 02:37:10.264	8	0	0	0	0	0	0	0	0	0	0	0	0	
672	2026-05-08 02:37:10.295	2026-05-08 02:37:11.887	8	0	0	0	0	0	0	0	0	0	0	0	0	
672	2026-05-08 02:37:12.027	2026-05-08 02:37:12.136	8	0	0	0	0	0	0	0	0	0	0	0	0	
672	2026-05-08 02:37:12.323	2026-05-08 02:37:12.979	8	0	0	0	0	0	0	0	0	0	0	0	0	
672	2026-05-08 02:37:13.228	2026-05-08 02:37:13.821	7	0	0	0	0	0	0	0	0	0	0	0	0	
672	2026-05-08 02:38:36.267	2026-05-08 02:38:36.454	7	0	0	0	0	0	0	0	0	0	0	0	0	
672	2026-05-08 02:38:36.486	2026-05-08 02:38:37.281	7	0	0	0	0	0	0	0	0	0	0	0	0	
672	2026-05-08 02:38:39.138	2026-05-08 02:38:46.672	8	0	0	0	0	21	0.294000005349517	3.8220067	0	0	0	0	0	2026-05-08 02:38:41.072
672	2026-05-08 02:38:46.953	2026-05-08 02:38:47.094	8	0	0	0	0	0	0	0	0	0	0	0	0	
672	2026-05-08 02:38:47.140	2026-05-08 02:38:47.172	8	0	0	0	0	0	0	0	0	0	0	0	0	
672	2026-05-08 02:38:47.250	2026-05-08 02:38:47.421	8	0	0	0	0	0	0	0	0	0	0	0	0	
672	2026-05-08 02:38:47.562	2026-05-08 02:38:47.577	8	0	0	0	0	0	0	0	0	0	0	0	0	
672	2026-05-08 02:38:46.610	2026-05-08 02:38:48.716	7	0	0	0	0	0	0	0	0	0	0	0	0	
672	2026-05-08 02:38:51.462	2026-05-08 02:38:52.320	7	0	0	0	0	0	0	0	0	0	0	0	0	
672	2026-05-08 02:38:53.724	2026-05-08 02:38:53.942	7	0	0	0	0	0	0	0	0	0	0	0	0	
672	2026-05-08 02:38:57.499	2026-05-08 02:38:58.357	7	0	0	0	0	0	0	0	0	0	0	0	0	
674	2026-05-08 02:41:01.613	2026-05-08 02:41:01.737	8	0	0	0	0	0	0	0	0	0	0	0	0	
674	2026-05-08 02:41:02.985	2026-05-08 02:41:04.545	8	0	0	0	0	0	0	0	0	0	0	0	0	
674	2026-05-08 02:41:04.639	2026-05-08 02:41:04.748	8	0	0	0	0	0	0	0	0	0	0	0	0	
674	2026-05-08 02:41:18.195	2026-05-08 02:41:18.554	8	0	0	0	0	0	0	0	0	0	0	0	0	
674	2026-05-08 02:41:24.155	2026-05-08 02:41:24.186	7	0	0	0	0	0	0	0	0	0	0	0	0	
674	2026-05-08 02:41:24.217	2026-05-08 02:41:31.923	7	0	0	0	0	54	2.21199995465577	6.4428113	0	0	0	0	0	2026-05-08 02:41:24.623
674	2026-05-08 02:41:39.287	2026-05-08 02:41:39.552	7	0	0	0	0	0	0	0	0	0	0	0	0	
674	2026-05-08 02:41:42.142	2026-05-08 02:41:42.173	7	0	0	0	0	0	0	0	0	0	0	0	0	
674	2026-05-08 02:41:42.454	2026-05-08 02:41:42.547	7	0	0	0	0	0	0	0	0	0	0	0	0	
674	2026-05-08 02:41:42.688	2026-05-08 02:42:14.012	7	0	0	0	0	0	0	0	0	0	0	0	0	
674	2026-05-08 02:42:14.200	2026-05-08 02:43:29.501	7	0	0	0	0	0	0	0	0	0	0	0	0	
674	2026-05-08 02:43:30.702	2026-05-08 02:43:30.889	8	0	0	0	0	0	0	0	0	0	0	0	0	
674	2026-05-08 02:43:48.876	2026-05-08 02:43:48.954	7	0	0	0	0	0	0	0	0	0	0	0	0	
674	2026-05-08 02:43:49.937	2026-05-08 02:43:59.671	8	0	0	0	0	9	0.126000003889203	1.7004029	0	0	0	0	0	2026-05-08 02:43:51.996
674	2026-05-08 02:45:16.439	2026-05-08 02:45:21.837	7	0	0	0	0	9	0.126000003889203	1.8408033	0	0	0	0	0	2026-05-08 02:45:16.798
674	2026-05-08 02:45:22.445	2026-05-08 02:45:22.461	8	0	0	0	0	0	0	0	0	0	0	0	0	
674	2026-05-08 02:45:22.726	2026-05-08 02:45:22.741	8	0	0	0	0	0	0	0	0	0	0	0	0	
661	2026-05-08 02:04:31.400	2026-05-08 02:04:37.624	5	0	0	0	0	10	0.419999998062849	1.4508025	0	0	0	0	0	2026-05-08 02:04:31.728
661	2026-05-08 02:04:52.756	2026-05-08 02:04:56.844	5	0	0	0	0	0	0	0	0	0	0	0	0	
661	2026-05-08 02:06:57.338	2026-05-08 02:06:58.508	6	0	0	0	0	0	0	0	0	0	0	0	0	
661	2026-05-08 02:19:13.738	2026-05-08 02:23:57.970	6	0	0	0	0	0	0	0	0	0	0	0	0	
661	2026-05-08 02:24:34.849	2026-05-08 02:24:35.582	6	0	0	0	0	0	0	0	0	0	0	0	0	
661	2026-05-08 02:30:18.595	2026-05-08 02:30:18.829	5	0	0	0	0	0	0	0	0	0	0	0	0	
661	2026-05-08 02:31:10.777	2026-05-08 02:31:10.886	5	0	0	0	0	0	0	0	0	0	0	0	0	
661	2026-05-08 02:44:59.763	2026-05-08 02:45:03.600	5	0	0	0	0	0	0	0	0	0	0	0	0	
661	2026-05-08 02:45:14.395	2026-05-08 02:45:18.498	5	0	0	0	0	0	0	0	0	0	0	0	0	
661	2026-05-08 02:47:14.110	2026-05-08 02:47:33.205	5	0	0	0	0	0	0	0	0	0	0	0	0	
661	2026-05-08 02:47:33.283	2026-05-08 02:47:33.969	5	0	0	0	0	0	0	0	0	0	0	0	0	
661	2026-05-08 02:47:42.643	2026-05-08 02:47:48.461	5	0	0	0	0	0	0	0	0	0	0	0	0	
673	2026-05-08 02:37:23.321	2026-05-08 02:37:24.211	4	0	0	0	0	0	0	0	0	0	0	0	0	
673	2026-05-08 02:39:14.503	2026-05-08 02:39:33.675	3	0	0	0	0	0	0	0	0	0	0	0	0	
673	2026-05-08 02:40:09.633	2026-05-08 02:40:10.023	3	0	0	0	0	0	0	0	0	0	0	0	0	
673	2026-05-08 02:41:14.529	2026-05-08 02:41:15.777	3	0	0	0	0	0	0	0	0	0	0	0	0	
677	2026-05-08 02:48:39.442	2026-05-08 02:48:51.766	3	0	0	0	0	58	0.812000010162592	8.0964142	0	0	0	0	0	2026-05-08 02:48:39.941
677	2026-05-08 02:48:57.117	2026-05-08 02:48:57.647	3	0	0	0	0	0	0	0	0	0	0	0	0	
677	2026-05-08 02:49:29.082	2026-05-08 02:49:29.144	4	0	0	0	0	0	0	0	0	0	0	0	0	
677	2026-05-08 02:49:35.384	2026-05-08 02:49:40.251	4	0	0	0	0	0	0	0	0	0	0	0	0	
677	2026-05-08 02:49:40.407	2026-05-08 02:49:40.594	4	0	0	0	0	0	0	0	0	0	0	0	0	
677	2026-05-08 02:49:40.750	2026-05-08 02:49:43.309	4	0	0	0	0	0	0	0	0	0	0	0	0	
675	2026-05-08 02:47:09.804	2026-05-08 02:47:09.898	8	0	0	0	0	0	0	0	0	0	0	0	0	
675	2026-05-08 02:47:09.960	2026-05-08 02:47:10.335	8	0	0	0	0	0	0	0	0	0	0	0	0	
675	2026-05-08 02:47:10.522	2026-05-08 02:47:10.584	8	0	0	0	0	0	0	0	0	0	0	0	0	
675	2026-05-08 02:47:10.974	2026-05-08 02:47:11.115	8	0	0	0	0	0	0	0	0	0	0	0	0	
675	2026-05-08 02:47:11.349	2026-05-08 02:47:11.380	8	0	0	0	0	0	0	0	0	0	0	0	0	
679	2026-05-08 02:55:45.229	2026-05-08 02:55:45.245	7	0	0	0	0	0	0	0	0	0	0	0	0	
676	2026-05-08 02:48:10.348	2026-05-08 02:48:17.212	5	0	0	0	0	50	2.4640000462532	6.3336112	0	0	0	0	0	2026-05-08 02:48:10.660
676	2026-05-08 02:49:30.954	2026-05-08 02:49:30.969	5	0	0	0	0	0	0	0	0	0	0	0	0	
676	2026-05-08 02:51:03.415	2026-05-08 02:51:05.568	6	0	0	0	0	0	0	0	0	0	0	0	0	
676	2026-05-08 02:51:05.677	2026-05-08 02:51:07.143	6	0	0	0	0	8	0.476000010967255	1.0608019	0	0	0	0	0	2026-05-08 02:51:06.051
676	2026-05-08 02:51:18.204	2026-05-08 02:51:18.313	6	0	0	0	0	0	0	0	0	0	0	0	0	
676	2026-05-08 02:51:24.615	2026-05-08 02:51:24.662	5	0	0	0	0	0	0	0	0	0	0	0	0	
676	2026-05-08 02:51:24.849	2026-05-08 02:51:24.912	5	0	0	0	0	0	0	0	0	0	0	0	0	
676	2026-05-08 02:51:25.832	2026-05-08 02:51:25.879	5	0	0	0	0	0	0	0	0	0	0	0	0	
676	2026-05-08 02:51:25.926	2026-05-08 02:51:28.032	5	0	0	0	0	13	0.671999990940094	1.7472031	0	0	0	0	0	2026-05-08 02:51:26.238
676	2026-05-08 02:53:56.700	2026-05-08 02:53:57.714	5	0	0	0	0	0	0	0	0	0	0	0	0	
676	2026-05-08 02:53:57.854	2026-05-08 02:53:57.932	5	0	0	0	0	0	0	0	0	0	0	0	0	
676	2026-05-08 02:53:58.073	2026-05-08 02:53:58.322	5	0	0	0	0	0	0	0	0	0	0	0	0	
676	2026-05-08 02:54:12.550	2026-05-08 02:54:22.596	5	0	0	0	0	0	0	0	0	0	0	0	0	
676	2026-05-08 02:54:31.628	2026-05-08 02:57:37.971	5	0	0	0	0	0	0	0	0	0	0	0	0	
681	2026-05-08 02:58:10.512	2026-05-08 02:58:28.905	5	0	0	0	0	0	0	0	0	0	0	0	0	
678	2026-05-08 02:50:33.057	2026-05-08 02:50:33.744	4	0	0	0	0	0	0	0	0	0	0	0	0	
678	2026-05-08 02:50:33.603	2026-05-08 02:50:34.134	3	0	0	0	0	0	0	0	0	0	0	0	0	
678	2026-05-08 02:50:38.096	2026-05-08 02:50:50.592	3	0	0	0	0	66	8.91699981689453	11.8872209	0	0	0	0	0	2026-05-08 02:50:38.595
678	2026-05-08 02:51:34.303	2026-05-08 02:51:34.350	3	0	0	0	0	0	0	0	0	0	0	0	0	
678	2026-05-08 02:51:34.740	2026-05-08 02:51:34.787	3	0	0	0	0	0	0	0	0	0	0	0	0	
678	2026-05-08 02:51:35.473	2026-05-08 02:51:35.489	3	0	0	0	0	0	0	0	0	0	0	0	0	
678	2026-05-08 02:51:35.769	2026-05-08 02:51:35.816	3	0	0	0	0	0	0	0	0	0	0	0	0	
678	2026-05-08 02:51:36.081	2026-05-08 02:51:36.128	3	0	0	0	0	0	0	0	0	0	0	0	0	
678	2026-05-08 02:51:36.362	2026-05-08 02:51:36.425	3	0	0	0	0	0	0	0	0	0	0	0	0	
678	2026-05-08 02:51:36.659	2026-05-08 02:51:36.737	3	0	0	0	0	0	0	0	0	0	0	0	0	
678	2026-05-08 02:51:37.626	2026-05-08 02:51:37.688	3	0	0	0	0	0	0	0	0	0	0	0	0	
678	2026-05-08 02:51:38.000	2026-05-08 02:51:38.063	3	0	0	0	0	0	0	0	0	0	0	0	0	
678	2026-05-08 02:51:38.219	2026-05-08 02:51:38.297	3	0	0	0	0	0	0	0	0	0	0	0	0	
678	2026-05-08 02:51:38.749	2026-05-08 02:51:38.827	3	0	0	0	0	0	0	0	0	0	0	0	0	
678	2026-05-08 02:51:38.983	2026-05-08 02:51:39.014	3	0	0	0	0	0	0	0	0	0	0	0	0	
678	2026-05-08 02:51:39.217	2026-05-08 02:51:39.248	3	0	0	0	0	0	0	0	0	0	0	0	0	
678	2026-05-08 02:51:45.129	2026-05-08 02:51:47.235	4	0	0	0	0	0	0	0	0	0	0	0	0	
678	2026-05-08 02:52:59.651	2026-05-08 02:52:59.682	3	0	0	0	0	0	0	0	0	0	0	0	0	
678	2026-05-08 02:53:20.898	2026-05-08 02:53:21.818	3	0	0	0	0	0	0	0	0	0	0	0	0	
678	2026-05-08 02:53:42.785	2026-05-08 02:53:44.189	4	0	0	0	0	0	0	0	0	0	0	0	0	
678	2026-05-08 02:53:44.501	2026-05-08 02:53:44.579	4	0	0	0	0	0	0	0	0	0	0	0	0	
678	2026-05-08 02:54:07.308	2026-05-08 02:54:07.417	3	0	0	0	0	0	0	0	0	0	0	0	0	
678	2026-05-08 02:54:08.852	2026-05-08 02:54:16.153	3	0	0	0	0	56	3.28999996185303	6.8952121	0	0	0	0	0	2026-05-08 02:54:09.164
678	2026-05-08 02:54:17.448	2026-05-08 02:54:17.510	3	0	0	0	0	0	0	0	0	0	0	0	0	
678	2026-05-08 02:54:17.604	2026-05-08 02:54:17.698	3	0	0	0	0	0	0	0	0	0	0	0	0	
678	2026-05-08 02:54:17.760	2026-05-08 02:54:17.854	3	0	0	0	0	0	0	0	0	0	0	0	0	
678	2026-05-08 02:54:17.978	2026-05-08 02:54:20.022	3	0	0	0	0	0	0	0	0	0	0	0	0	
678	2026-05-08 02:54:21.644	2026-05-08 02:54:22.986	3	0	0	0	0	0	0	0	0	0	0	0	0	
678	2026-05-08 02:54:23.267	2026-05-08 02:54:23.282	3	0	0	0	0	0	0	0	0	0	0	0	0	
678	2026-05-08 02:54:24.905	2026-05-08 02:54:24.952	3	0	0	0	0	0	0	0	0	0	0	0	0	
678	2026-05-08 02:54:28.040	2026-05-08 02:54:28.165	3	0	0	0	0	0	0	0	0	0	0	0	0	
678	2026-05-08 02:54:36.355	2026-05-08 02:54:36.574	3	0	0	0	0	0	0	0	0	0	0	0	0	
678	2026-05-08 02:54:36.605	2026-05-08 02:54:36.901	3	0	0	0	0	0	0	0	0	0	0	0	0	
678	2026-05-08 02:54:37.166	2026-05-08 02:54:39.007	3	0	0	0	0	0	0	0	0	0	0	0	0	
678	2026-05-08 02:54:40.177	2026-05-08 02:54:40.224	3	0	0	0	0	0	0	0	0	0	0	0	0	
678	2026-05-08 02:54:40.396	2026-05-08 02:54:40.489	3	0	0	0	0	0	0	0	0	0	0	0	0	
678	2026-05-08 02:54:51.784	2026-05-08 02:54:51.877	3	0	0	0	0	0	0	0	0	0	0	0	0	
683	2026-05-08 02:59:31.742	2026-05-08 02:59:31.804	6	0	0	0	0	0	0	0	0	0	0	0	0	
683	2026-05-08 03:02:36.758	2026-05-08 03:02:37.491	5	0	0	0	0	0	0	0	0	0	0	0	0	
683	2026-05-08 03:02:38.989	2026-05-08 03:02:39.909	6	0	0	0	0	0	0	0	0	0	0	0	0	
683	2026-05-08 03:02:49.971	2026-05-08 03:02:50.003	6	0	0	0	0	0	0	0	0	0	0	0	0	
683	2026-05-08 03:02:51.297	2026-05-08 03:02:57.366	6	0	0	0	0	11	0.769999984651804	1.9656034	0	0	0	0	0	2026-05-08 03:02:51.797
684	2026-05-08 03:02:58.349	2026-05-08 03:02:58.427	5	0	0	0	0	0	0	0	0	0	0	0	0	
684	2026-05-08 03:03:11.094	2026-05-08 03:03:34.868	6	0	0	0	0	0	0	0	0	0	0	0	0	
684	2026-05-08 03:03:37.286	2026-05-08 03:04:23.415	6	0	0	0	0	0	0	0	0	0	0	0	0	
684	2026-05-08 03:04:23.821	2026-05-08 03:04:24.648	6	0	0	0	0	0	0	0	0	0	0	0	0	
684	2026-05-08 03:04:24.866	2026-05-08 03:04:36.067	6	0	0	0	0	0	0	0	0	0	0	0	0	
684	2026-05-08 03:05:12.010	2026-05-08 03:05:21.370	5	0	0	0	0	4	0.167999997735023	0.592801	0	0	0	0	0	2026-05-08 03:05:12.337
684	2026-05-08 03:06:36.250	2026-05-08 03:06:39.963	5	0	0	0	0	25	1.23199999332428	3.3228059	0	0	0	0	0	2026-05-08 03:06:36.640
680	2026-05-08 02:56:09.799	2026-05-08 02:56:25.275	8	0	0	0	0	37	0.518000014126301	6.9546121	0	0	0	0	0	2026-05-08 02:56:11.016
680	2026-05-08 02:56:28.785	2026-05-08 02:56:28.847	7	0	0	0	0	0	0	0	0	0	0	0	0	
680	2026-05-08 02:56:33.418	2026-05-08 02:56:33.558	7	0	0	0	0	0	0	0	0	0	0	0	0	
680	2026-05-08 02:56:36.195	2026-05-08 02:56:36.226	7	0	0	0	0	0	0	0	0	0	0	0	0	
680	2026-05-08 03:07:47.543	2026-05-08 03:07:47.557	8	0	0	0	0	0	0	0	0	0	0	0	0	
680	2026-05-08 03:07:51.910	2026-05-08 03:07:52.222	8	0	0	0	0	0	0	0	0	0	0	0	0	
682	2026-05-08 02:58:43.772	2026-05-08 02:58:50.807	3	0	0	0	0	49	2.75800001993775	6.5676115	0	0	0	0	0	2026-05-08 02:58:44.037
682	2026-05-08 02:59:13.630	2026-05-08 02:59:19.293	4	0	0	0	0	0	0	0	0	0	0	0	0	
682	2026-05-08 02:59:33.442	2026-05-08 02:59:37.233	4	0	0	0	0	17	1.20400002598763	2.7144048	0	0	0	0	0	2026-05-08 02:59:33.817
682	2026-05-08 02:59:46.749	2026-05-08 02:59:47.045	3	0	0	0	0	0	0	0	0	0	0	0	0	
682	2026-05-08 03:05:04.178	2026-05-08 03:05:04.194	4	0	0	0	0	0	0	0	0	0	0	0	0	
682	2026-05-08 03:05:33.803	2026-05-08 03:06:01.259	4	0	0	0	0	0	0	0	0	0	0	0	0	
682	2026-05-08 03:07:02.676	2026-05-08 03:10:21.748	4	0	0	0	0	0	0	0	0	0	0	0	0	
682	2026-05-08 03:10:22.123	2026-05-08 03:10:22.216	4	0	0	0	0	0	0	0	0	0	0	0	0	
688	2026-05-08 03:10:51.841	2026-05-08 03:10:53.759	3	0	0	0	0	0	0	0	0	0	0	0	0	
688	2026-05-08 03:10:53.432	2026-05-08 03:10:55.179	4	0	0	0	0	0	0	0	0	0	0	0	0	
690	2026-05-08 03:10:56.021	2026-05-08 03:10:56.739	3	0	0	0	0	0	0	0	0	0	0	0	0	
686	2026-05-08 03:07:55.186	2026-05-08 03:08:06.792	7	0	0	0	0	90	3.91999991424382	10.4988185	0	0	0	0	0	2026-05-08 03:07:55.747
686	2026-05-08 03:08:09.397	2026-05-08 03:08:09.429	7	0	0	0	0	0	0	0	0	0	0	0	0	
686	2026-05-08 03:08:11.909	2026-05-08 03:08:12.206	7	0	0	0	0	0	0	0	0	0	0	0	0	
686	2026-05-08 03:08:12.315	2026-05-08 03:08:12.424	7	0	0	0	0	0	0	0	0	0	0	0	0	
686	2026-05-08 03:08:12.455	2026-05-08 03:08:13.500	7	0	0	0	0	0	0	0	0	0	0	0	0	
686	2026-05-08 03:08:13.844	2026-05-08 03:08:14.015	7	0	0	0	0	0	0	0	0	0	0	0	0	
686	2026-05-08 03:08:14.483	2026-05-08 03:08:14.514	7	0	0	0	0	0	0	0	0	0	0	0	0	
686	2026-05-08 03:08:17.712	2026-05-08 03:08:17.931	7	0	0	0	0	0	0	0	0	0	0	0	0	
686	2026-05-08 03:08:50.909	2026-05-08 03:08:51.034	7	0	0	0	0	0	0	0	0	0	0	0	0	
686	2026-05-08 03:08:51.081	2026-05-08 03:08:51.346	7	0	0	0	0	0	0	0	0	0	0	0	0	
686	2026-05-08 03:08:51.752	2026-05-08 03:08:52.017	7	0	0	0	0	0	0	0	0	0	0	0	0	
686	2026-05-08 03:08:52.095	2026-05-08 03:08:52.844	7	0	0	0	0	0	0	0	0	0	0	0	0	
686	2026-05-08 03:08:52.875	2026-05-08 03:08:52.953	7	0	0	0	0	0	0	0	0	0	0	0	0	
686	2026-05-08 03:08:53.514	2026-05-08 03:08:53.624	7	0	0	0	0	0	0	0	0	0	0	0	0	
686	2026-05-08 03:09:30.705	2026-05-08 03:09:44.682	7	0	0	0	0	0	0	0	0	0	0	0	0	
686	2026-05-08 03:10:46.287	2026-05-08 03:11:28.423	7	0	0	0	0	0	0	0	0	0	0	0	0	
686	2026-05-08 03:11:28.594	2026-05-08 03:12:21.229	7	0	0	0	0	0	0	0	0	0	0	0	0	
686	2026-05-08 03:12:35.955	2026-05-08 03:13:18.840	7	0	0	0	0	0	0	0	0	0	0	0	0	
686	2026-05-08 03:13:46.249	2026-05-08 03:15:53.202	7	0	0	0	0	0	0	0	0	0	0	0	0	
686	2026-05-08 03:15:53.280	2026-05-08 03:15:55.714	7	0	0	0	0	0	0	0	0	0	0	0	0	
686	2026-05-08 03:15:55.901	2026-05-08 03:15:55.979	7	0	0	0	0	0	0	0	0	0	0	0	0	
686	2026-05-08 03:16:08.256	2026-05-08 03:16:42.794	7	0	0	0	0	0	0	0	0	0	0	0	0	
686	2026-05-08 03:18:40.122	2026-05-08 03:18:40.231	8	0	0	0	0	0	0	0	0	0	0	0	0	
686	2026-05-08 03:18:40.325	2026-05-08 03:18:41.074	8	0	0	0	0	0	0	0	0	0	0	0	0	
686	2026-05-08 03:16:51.218	2026-05-08 03:18:41.464	7	0	0	0	0	0	0	0	0	0	0	0	0	
686	2026-05-08 03:18:41.620	2026-05-08 03:18:41.791	8	0	0	0	0	0	0	0	0	0	0	0	0	
693	2026-05-08 03:18:43.648	2026-05-08 03:18:43.695	7	0	0	0	0	0	0	0	0	0	0	0	0	
693	2026-05-08 03:18:44.085	2026-05-08 03:18:44.209	8	0	0	0	0	0	0	0	0	0	0	0	0	
693	2026-05-08 03:18:44.537	2026-05-08 03:18:44.568	8	0	0	0	0	0	0	0	0	0	0	0	0	
693	2026-05-08 03:18:44.584	2026-05-08 03:18:44.615	7	0	0	0	0	0	0	0	0	0	0	0	0	
693	2026-05-08 03:18:48.765	2026-05-08 03:18:48.858	7	0	0	0	0	0	0	0	0	0	0	0	0	
693	2026-05-08 03:18:53.101	2026-05-08 03:19:01.026	8	0	0	0	0	12	0.168000003322959	2.4648045	0	0	0	0	0	2026-05-08 03:18:54.911
693	2026-05-08 03:19:02.446	2026-05-08 03:19:04.115	7	0	0	0	0	4	0.0700000021606684	0.7020012	0	0	0	0	0	2026-05-08 03:19:03.351
693	2026-05-08 03:19:17.640	2026-05-08 03:19:17.905	8	0	0	0	0	0	0	0	0	0	0	0	0	
695	2026-05-08 03:19:43.724	2026-05-08 03:19:44.816	7	0	0	0	0	0	0	0	0	0	0	0	0	
695	2026-05-08 03:20:00.899	2026-05-08 03:20:01.071	8	0	0	0	0	0	0	0	0	0	0	0	0	
695	2026-05-08 03:20:18.371	2026-05-08 03:20:18.480	8	0	0	0	0	0	0	0	0	0	0	0	0	
695	2026-05-08 03:20:18.636	2026-05-08 03:20:31.631	8	0	0	0	0	103	4.75999976322055	12.3240216	0	0	0	0	0	2026-05-08 03:20:18.995
695	2026-05-08 03:20:31.662	2026-05-08 03:20:31.709	8	0	0	0	0	0	0	0	0	0	0	0	0	
695	2026-05-08 03:20:35.796	2026-05-08 03:20:35.874	8	0	0	0	0	0	0	0	0	0	0	0	0	
695	2026-05-08 03:20:36.545	2026-05-08 03:20:36.639	8	0	0	0	0	0	0	0	0	0	0	0	0	
695	2026-05-08 03:20:36.748	2026-05-08 03:20:36.810	8	0	0	0	0	0	0	0	0	0	0	0	0	
695	2026-05-08 03:20:36.935	2026-05-08 03:20:36.998	8	0	0	0	0	0	0	0	0	0	0	0	0	
695	2026-05-08 03:20:37.107	2026-05-08 03:20:37.169	8	0	0	0	0	0	0	0	0	0	0	0	0	
695	2026-05-08 03:20:37.263	2026-05-08 03:20:37.481	8	0	0	0	0	0	0	0	0	0	0	0	0	
695	2026-05-08 03:20:37.528	2026-05-08 03:20:37.809	8	0	0	0	0	0	0	0	0	0	0	0	0	
695	2026-05-08 03:20:38.480	2026-05-08 03:20:38.573	8	0	0	0	0	0	0	0	0	0	0	0	0	
691	2026-05-08 03:12:44.644	2026-05-08 03:12:50.370	6	0	0	0	0	17	0.238000005483627	2.899205	0	0	0	0	0	2026-05-08 03:12:45.159
691	2026-05-08 03:12:53.724	2026-05-08 03:12:54.114	5	0	0	0	0	0	0	0	0	0	0	0	0	
691	2026-05-08 03:12:54.176	2026-05-08 03:13:00.775	5	0	0	0	0	1	0.0419999994337559	0.2340004	0	0	0	0	0	2026-05-08 03:12:54.550
691	2026-05-08 03:13:04.784	2026-05-08 03:13:08.341	5	0	0	0	0	3	0.140000000596046	0.4680008	0	0	0	0	0	2026-05-08 03:13:05.143
691	2026-05-08 03:14:17.418	2026-05-08 03:14:17.948	5	0	0	0	0	0	0	0	0	0	0	0	0	
691	2026-05-08 03:14:44.546	2026-05-08 03:15:32.969	5	0	0	0	0	0	0	0	0	0	0	0	0	
691	2026-05-08 03:15:33.421	2026-05-08 03:15:35.543	5	0	0	0	0	0	0	0	0	0	0	0	0	
691	2026-05-08 03:16:07.616	2026-05-08 03:16:07.866	6	0	0	0	0	0	0	0	0	0	0	0	0	
691	2026-05-08 03:16:08.303	2026-05-08 03:18:38.718	6	0	0	0	0	0	0	0	0	0	0	0	0	
691	2026-05-08 03:18:40.091	2026-05-08 03:18:40.263	6	0	0	0	0	0	0	0	0	0	0	0	0	
691	2026-05-08 03:18:43.211	2026-05-08 03:18:45.894	6	0	0	0	0	0	0	0	0	0	0	0	0	
692	2026-05-08 03:13:47.481	2026-05-08 03:15:41.892	3	0	0	0	0	0	0	0	0	0	0	0	0	
692	2026-05-08 03:15:43.530	2026-05-08 03:15:44.918	3	0	0	0	0	0	0	0	0	0	0	0	0	
697	2026-05-08 03:22:03.952	2026-05-08 03:22:04.327	7	0	0	0	0	0	0	0	0	0	0	0	0	
697	2026-05-08 03:23:45.867	2026-05-08 03:23:46.881	8	0	0	0	0	0	0	0	0	0	0	0	0	
697	2026-05-08 03:23:56.272	2026-05-08 03:23:56.413	8	0	0	0	0	0	0	0	0	0	0	0	0	
697	2026-05-08 03:23:56.460	2026-05-08 03:23:56.616	8	0	0	0	0	0	0	0	0	0	0	0	0	
697	2026-05-08 03:24:06.100	2026-05-08 03:24:06.210	8	0	0	0	0	0	0	0	0	0	0	0	0	
697	2026-05-08 03:24:06.849	2026-05-08 03:24:08.097	8	0	0	0	0	0	0	0	0	0	0	0	0	
697	2026-05-08 03:24:14.478	2026-05-08 03:24:14.618	8	0	0	0	0	0	0	0	0	0	0	0	0	
697	2026-05-08 03:24:14.712	2026-05-08 03:24:14.852	8	0	0	0	0	0	0	0	0	0	0	0	0	
697	2026-05-08 03:24:30.998	2026-05-08 03:24:31.029	8	0	0	0	0	0	0	0	0	0	0	0	0	
698	2026-05-08 03:25:11.449	2026-05-08 03:25:11.776	8	0	0	0	0	0	0	0	0	0	0	0	0	
698	2026-05-08 03:25:13.789	2026-05-08 03:25:14.553	8	0	0	0	0	0	0	0	0	0	0	0	0	
699	2026-05-08 03:27:11.694	2026-05-08 03:27:11.834	8	0	0	0	0	0	0	0	0	0	0	0	0	
699	2026-05-08 03:27:12.739	2026-05-08 03:27:15.734	8	0	0	0	0	0	0	0	0	0	0	0	0	
699	2026-05-08 03:27:16.109	2026-05-08 03:27:18.324	8	0	0	0	0	0	0	0	0	0	0	0	0	
699	2026-05-08 03:27:18.496	2026-05-08 03:27:19.790	8	0	0	0	0	0	0	0	0	0	0	0	0	
699	2026-05-08 03:27:19.853	2026-05-08 03:27:19.931	8	0	0	0	0	0	0	0	0	0	0	0	0	
699	2026-05-08 03:27:20.040	2026-05-08 03:27:20.134	8	0	0	0	0	0	0	0	0	0	0	0	0	
699	2026-05-08 03:27:20.524	2026-05-08 03:27:21.787	8	0	0	0	0	0	0	0	0	0	0	0	0	
699	2026-05-08 03:27:21.834	2026-05-08 03:27:21.896	8	0	0	0	0	0	0	0	0	0	0	0	0	
699	2026-05-08 03:27:22.208	2026-05-08 03:27:22.489	8	0	0	0	0	0	0	0	0	0	0	0	0	
699	2026-05-08 03:27:22.536	2026-05-08 03:27:23.488	8	0	0	0	0	0	0	0	0	0	0	0	0	
699	2026-05-08 03:27:56.107	2026-05-08 03:27:56.216	8	0	0	0	0	0	0	0	0	0	0	0	0	
699	2026-05-08 03:27:56.716	2026-05-08 03:27:56.872	8	0	0	0	0	0	0	0	0	0	0	0	0	
699	2026-05-08 03:27:59.180	2026-05-08 03:27:59.524	8	0	0	0	0	0	0	0	0	0	0	0	0	
699	2026-05-08 03:27:59.648	2026-05-08 03:27:59.711	8	0	0	0	0	0	0	0	0	0	0	0	0	
699	2026-05-08 03:28:00.132	2026-05-08 03:28:00.522	8	0	0	0	0	0	0	0	0	0	0	0	0	
699	2026-05-08 03:28:36.215	2026-05-08 03:28:40.988	8	0	0	0	0	34	1.41400000452995	4.3056075	0	0	0	0	0	2026-05-08 03:28:36.496
699	2026-05-08 03:28:50.442	2026-05-08 03:28:50.598	8	0	0	0	0	0	0	0	0	0	0	0	0	
699	2026-05-08 03:28:51.238	2026-05-08 03:28:52.220	8	0	0	0	0	0	0	0	0	0	0	0	0	
699	2026-05-08 03:28:53.312	2026-05-08 03:28:53.546	8	0	0	0	0	0	0	0	0	0	0	0	0	
699	2026-05-08 03:28:53.593	2026-05-08 03:28:53.687	8	0	0	0	0	0	0	0	0	0	0	0	0	
700	2026-05-08 03:30:17.350	2026-05-08 03:30:18.005	8	0	0	0	0	0	0	0	0	0	0	0	0	
700	2026-05-08 03:30:18.270	2026-05-08 03:30:31.156	8	0	0	0	0	98	5.75400018692017	12.4176218	0	0	0	0	0	2026-05-08 03:30:18.567
700	2026-05-08 03:30:32.700	2026-05-08 03:30:33.106	8	0	0	0	0	0	0	0	0	0	0	0	0	
700	2026-05-08 03:30:33.215	2026-05-08 03:30:36.912	8	0	0	0	0	23	1.33000005781651	3.2448056	0	0	0	0	0	2026-05-08 03:30:33.511
662	2026-05-08 02:08:49.190	2026-05-08 02:08:49.378	1	0	0	0	0	0	0	0	0	0	0	0	0	
662	2026-05-08 02:08:49.440	2026-05-08 02:08:55.586	1	0	0	0	0	49	1.02199998684227	4.8768086	0	0	0	0	0	2026-05-08 02:08:50.220
662	2026-05-08 02:08:57.739	2026-05-08 02:09:01.608	1	0	0	0	0	21	0.308000000193715	2.4336043	0	0	0	0	0	2026-05-08 02:08:58.254
662	2026-05-08 02:09:09.985	2026-05-08 02:09:12.528	2	0	0	0	0	11	0.153999999165535	1.6068028	0	0	0	0	0	2026-05-08 02:09:10.516
662	2026-05-08 02:09:14.603	2026-05-08 02:09:14.681	2	0	0	0	0	0	0	0	0	0	0	0	0	
662	2026-05-08 02:09:15.461	2026-05-08 02:12:19.307	2	0	0	0	0	0	0	0	0	0	0	0	0	
662	2026-05-08 02:12:19.463	2026-05-08 02:12:22.864	2	0	0	0	0	3	0.042000001296401	0.6396011	0	0	0	0	0	2026-05-08 02:12:20.072
662	2026-05-08 02:12:24.377	2026-05-08 02:14:51.376	2	0	0	0	0	0	0	0	0	0	0	0	0	
662	2026-05-08 02:14:51.657	2026-05-08 02:14:55.229	2	0	0	0	0	0	0	0	0	0	0	0	0	
662	2026-05-08 02:14:55.729	2026-05-08 02:15:20.736	2	0	0	0	0	0	0	0	0	0	0	0	0	
662	2026-05-08 02:15:27.740	2026-05-08 02:15:27.787	2	0	0	0	0	0	0	0	0	0	0	0	0	
662	2026-05-08 02:15:28.083	2026-05-08 02:15:42.856	2	0	0	0	0	0	0	0	0	0	0	0	0	
662	2026-05-08 02:15:43.184	2026-05-08 02:17:51.541	2	0	0	0	0	0	0	0	0	0	0	0	0	
662	2026-05-08 02:23:09.298	2026-05-08 02:24:04.678	2	0	0	0	0	0	0	0	0	0	0	0	0	
662	2026-05-08 02:24:05.068	2026-05-08 02:29:09.596	2	0	0	0	0	0	0	0	0	0	0	0	0	
662	2026-05-08 02:46:37.216	2026-05-08 02:48:55.073	2	0	0	0	0	0	0	0	0	0	0	0	0	
662	2026-05-08 02:48:55.448	2026-05-08 02:48:55.604	2	0	0	0	0	0	0	0	0	0	0	0	0	
662	2026-05-08 02:48:55.760	2026-05-08 02:48:55.822	2	0	0	0	0	0	0	0	0	0	0	0	0	
662	2026-05-08 02:48:56.165	2026-05-08 02:48:56.243	2	0	0	0	0	0	0	0	0	0	0	0	0	
662	2026-05-08 02:48:56.337	2026-05-08 02:49:00.065	2	0	0	0	0	0	0	0	0	0	0	0	0	
662	2026-05-08 02:50:40.576	2026-05-08 02:50:40.764	2	0	0	0	0	0	0	0	0	0	0	0	0	
662	2026-05-08 02:53:06.312	2026-05-08 02:56:55.414	2	0	0	0	0	0	0	0	0	0	0	0	0	
662	2026-05-08 02:56:56.163	2026-05-08 02:57:30.093	2	0	0	0	0	0	0	0	0	0	0	0	0	
662	2026-05-08 03:10:27.879	2026-05-08 03:10:28.441	1	0	0	0	0	0	0	0	0	0	0	0	0	
662	2026-05-08 03:11:02.137	2026-05-08 03:11:02.293	1	0	0	0	0	0	0	0	0	0	0	0	0	
662	2026-05-08 03:10:33.355	2026-05-08 03:16:51.936	2	0	0	0	0	0	0	0	0	0	0	0	0	
662	2026-05-08 03:20:08.091	2026-05-08 03:20:08.325	1	0	0	0	0	0	0	0	0	0	0	0	0	
662	2026-05-08 03:29:46.696	2026-05-08 03:29:46.758	2	0	0	0	0	0	0	0	0	0	0	0	0	
662	2026-05-08 03:29:47.320	2026-05-08 03:29:47.491	2	0	0	0	0	0	0	0	0	0	0	0	0	
704	2026-05-08 03:33:31.913	2026-05-08 03:33:32.210	2	0	0	0	0	0	0	0	0	0	0	0	0	
696	2026-05-08 03:22:02.735	2026-05-08 03:22:02.813	6	0	0	0	0	0	0	0	0	0	0	0	0	
696	2026-05-08 03:23:58.644	2026-05-08 03:23:59.127	5	0	0	0	0	0	0	0	0	0	0	0	0	
706	2026-05-08 03:34:13.051	2026-05-08 03:34:19.790	8	0	0	0	0	0	0	0	0	0	0	0	0	
706	2026-05-08 03:34:19.915	2026-05-08 03:34:58.915	8	0	0	0	0	0	0	0	0	0	0	0	0	
705	2026-05-08 03:33:37.685	2026-05-08 03:33:37.919	2	0	0	0	0	0	0	0	0	0	0	0	0	
705	2026-05-08 03:42:14.514	2026-05-08 03:42:14.764	2	0	0	0	0	0	0	0	0	0	0	0	0	
702	2026-05-08 03:31:34.804	2026-05-08 03:31:34.820	4	0	0	0	0	0	0	0	0	0	0	0	0	
702	2026-05-08 03:33:37.405	2026-05-08 03:33:37.436	4	0	0	0	0	0	0	0	0	0	0	0	0	
702	2026-05-08 03:34:21.927	2026-05-08 03:34:22.348	4	0	0	0	0	0	0	0	0	0	0	0	0	
702	2026-05-08 03:34:24.922	2026-05-08 03:34:25.827	4	0	0	0	0	0	0	0	0	0	0	0	0	
702	2026-05-08 03:34:46.185	2026-05-08 03:38:51.090	4	0	0	0	0	0	0	0	0	0	0	0	0	
702	2026-05-08 03:38:51.761	2026-05-08 03:38:51.823	4	0	0	0	0	0	0	0	0	0	0	0	0	
702	2026-05-08 03:40:19.495	2026-05-08 03:42:44.513	4	0	0	0	0	0	0	0	0	0	0	0	0	
702	2026-05-08 03:46:03.039	2026-05-08 03:49:02.346	4	0	0	0	0	0	0	0	0	0	0	0	0	
702	2026-05-08 03:49:03.859	2026-05-08 03:49:04.202	4	0	0	0	0	0	0	0	0	0	0	0	0	
702	2026-05-08 03:49:04.280	2026-05-08 03:49:04.311	4	0	0	0	0	0	0	0	0	0	0	0	0	
711	2026-05-08 03:50:55.150	2026-05-08 03:50:55.508	4	0	0	0	0	0	0	0	0	0	0	0	0	
707	2026-05-08 03:35:03.844	2026-05-08 03:35:18.852	5	0	0	0	0	67	3.45799998939037	9.1884162	0	0	0	0	0	2026-05-08 03:35:04.312
707	2026-05-08 03:35:19.569	2026-05-08 03:35:22.580	5	0	0	0	0	15	0.714000001549721	2.1684038	0	0	0	0	0	2026-05-08 03:35:19.788
707	2026-05-08 03:35:28.664	2026-05-08 03:35:28.773	5	0	0	0	0	0	0	0	0	0	0	0	0	
707	2026-05-08 03:35:33.578	2026-05-08 03:35:35.278	5	0	0	0	0	0	0	0	0	0	0	0	0	
707	2026-05-08 03:35:50.644	2026-05-08 03:35:50.707	5	0	0	0	0	0	0	0	0	0	0	0	0	
707	2026-05-08 03:35:53.967	2026-05-08 03:35:53.998	5	0	0	0	0	0	0	0	0	0	0	0	0	
707	2026-05-08 03:35:55.714	2026-05-08 03:35:55.808	5	0	0	0	0	0	0	0	0	0	0	0	0	
707	2026-05-08 03:35:56.089	2026-05-08 03:35:58.273	5	0	0	0	0	0	0	0	0	0	0	0	0	
707	2026-05-08 03:35:58.335	2026-05-08 03:35:58.694	5	0	0	0	0	0	0	0	0	0	0	0	0	
707	2026-05-08 03:35:58.756	2026-05-08 03:35:59.287	5	0	0	0	0	0	0	0	0	0	0	0	0	
707	2026-05-08 03:35:59.396	2026-05-08 03:35:59.505	5	0	0	0	0	0	0	0	0	0	0	0	0	
707	2026-05-08 03:35:59.599	2026-05-08 03:35:59.802	5	0	0	0	0	0	0	0	0	0	0	0	0	
707	2026-05-08 03:35:59.864	2026-05-08 03:36:01.268	5	0	0	0	0	0	0	0	0	0	0	0	0	
707	2026-05-08 03:36:01.330	2026-05-08 03:36:01.486	5	0	0	0	0	0	0	0	0	0	0	0	0	
707	2026-05-08 03:36:01.580	2026-05-08 03:36:01.767	5	0	0	0	0	0	0	0	0	0	0	0	0	
707	2026-05-08 03:36:01.845	2026-05-08 03:36:02.204	5	0	0	0	0	0	0	0	0	0	0	0	0	
707	2026-05-08 03:36:05.761	2026-05-08 03:36:05.854	5	0	0	0	0	0	0	0	0	0	0	0	0	
707	2026-05-08 03:36:52.467	2026-05-08 03:36:52.514	5	0	0	0	0	0	0	0	0	0	0	0	0	
707	2026-05-08 03:36:53.201	2026-05-08 03:36:53.279	5	0	0	0	0	0	0	0	0	0	0	0	0	
707	2026-05-08 03:36:53.825	2026-05-08 03:36:54.464	5	0	0	0	0	0	0	0	0	0	0	0	0	
707	2026-05-08 03:36:58.785	2026-05-08 03:36:58.863	5	0	0	0	0	0	0	0	0	0	0	0	0	
707	2026-05-08 03:36:59.347	2026-05-08 03:36:59.378	5	0	0	0	0	0	0	0	0	0	0	0	0	
707	2026-05-08 03:36:59.503	2026-05-08 03:36:59.628	5	0	0	0	0	0	0	0	0	0	0	0	0	
707	2026-05-08 03:36:59.659	2026-05-08 03:36:59.784	5	0	0	0	0	0	0	0	0	0	0	0	0	
707	2026-05-08 03:36:59.893	2026-05-08 03:37:00.018	5	0	0	0	0	0	0	0	0	0	0	0	0	
707	2026-05-08 03:37:00.065	2026-05-08 03:37:00.189	5	0	0	0	0	0	0	0	0	0	0	0	0	
707	2026-05-08 03:37:03.465	2026-05-08 03:37:03.668	5	0	0	0	0	0	0	0	0	0	0	0	0	
707	2026-05-08 03:37:03.699	2026-05-08 03:37:04.682	5	0	0	0	0	0	0	0	0	0	0	0	0	
707	2026-05-08 03:37:04.760	2026-05-08 03:37:04.791	5	0	0	0	0	0	0	0	0	0	0	0	0	
707	2026-05-08 03:37:06.835	2026-05-08 03:37:06.913	5	0	0	0	0	0	0	0	0	0	0	0	0	
707	2026-05-08 03:37:23.839	2026-05-08 03:37:24.120	5	0	0	0	0	0	0	0	0	0	0	0	0	
707	2026-05-08 03:37:24.182	2026-05-08 03:37:25.727	5	0	0	0	0	0	0	0	0	0	0	0	0	
707	2026-05-08 03:37:34.728	2026-05-08 03:37:35.165	6	0	0	0	0	0	0	0	0	0	0	0	0	
707	2026-05-08 03:38:19.859	2026-05-08 03:38:21.497	6	0	0	0	0	0	0	0	0	0	0	0	0	
707	2026-05-08 03:38:22.292	2026-05-08 03:38:22.308	6	0	0	0	0	0	0	0	0	0	0	0	0	
707	2026-05-08 03:38:22.433	2026-05-08 03:38:22.479	6	0	0	0	0	0	0	0	0	0	0	0	0	
707	2026-05-08 03:38:22.604	2026-05-08 03:38:22.635	6	0	0	0	0	0	0	0	0	0	0	0	0	
707	2026-05-08 03:38:22.869	2026-05-08 03:38:22.901	6	0	0	0	0	0	0	0	0	0	0	0	0	
707	2026-05-08 03:38:57.439	2026-05-08 03:38:57.455	6	0	0	0	0	0	0	0	0	0	0	0	0	
707	2026-05-08 03:38:57.626	2026-05-08 03:38:57.658	6	0	0	0	0	0	0	0	0	0	0	0	0	
707	2026-05-08 03:38:57.720	2026-05-08 03:38:57.751	6	0	0	0	0	0	0	0	0	0	0	0	0	
707	2026-05-08 03:38:57.798	2026-05-08 03:38:57.892	6	0	0	0	0	0	0	0	0	0	0	0	0	
707	2026-05-08 03:38:57.923	2026-05-08 03:38:58.328	6	0	0	0	0	0	0	0	0	0	0	0	0	
707	2026-05-08 03:38:58.578	2026-05-08 03:38:58.609	6	0	0	0	0	0	0	0	0	0	0	0	0	
707	2026-05-08 03:38:58.734	2026-05-08 03:38:58.843	6	0	0	0	0	0	0	0	0	0	0	0	0	
707	2026-05-08 03:38:58.921	2026-05-08 03:38:58.968	6	0	0	0	0	0	0	0	0	0	0	0	0	
707	2026-05-08 03:38:58.984	2026-05-08 03:38:59.030	6	0	0	0	0	0	0	0	0	0	0	0	0	
707	2026-05-08 03:38:59.218	2026-05-08 03:38:59.249	6	0	0	0	0	0	0	0	0	0	0	0	0	
707	2026-05-08 03:38:59.436	2026-05-08 03:38:59.483	6	0	0	0	0	0	0	0	0	0	0	0	0	
707	2026-05-08 03:39:01.823	2026-05-08 03:39:01.948	6	0	0	0	0	0	0	0	0	0	0	0	0	
707	2026-05-08 03:39:02.072	2026-05-08 03:39:02.150	6	0	0	0	0	0	0	0	0	0	0	0	0	
707	2026-05-08 03:39:02.228	2026-05-08 03:39:02.275	6	0	0	0	0	0	0	0	0	0	0	0	0	
707	2026-05-08 03:39:03.757	2026-05-08 03:39:03.773	6	0	0	0	0	0	0	0	0	0	0	0	0	
707	2026-05-08 03:39:03.898	2026-05-08 03:39:03.913	6	0	0	0	0	0	0	0	0	0	0	0	0	
707	2026-05-08 03:39:03.944	2026-05-08 03:39:04.054	6	0	0	0	0	0	0	0	0	0	0	0	0	
707	2026-05-08 03:39:08.147	2026-05-08 03:39:08.156	6	0	0	0	0	0	0	0	0	0	0	0	0	
707	2026-05-08 03:39:08.546	2026-05-08 03:39:09.139	6	0	0	0	0	0	0	0	0	0	0	0	0	
707	2026-05-08 03:39:11.557	2026-05-08 03:39:11.588	6	0	0	0	0	0	0	0	0	0	0	0	0	
707	2026-05-08 03:39:17.969	2026-05-08 03:39:18.000	6	0	0	0	0	0	0	0	0	0	0	0	0	
707	2026-05-08 03:39:18.125	2026-05-08 03:39:18.203	6	0	0	0	0	0	0	0	0	0	0	0	0	
707	2026-05-08 03:39:18.250	2026-05-08 03:39:18.312	6	0	0	0	0	0	0	0	0	0	0	0	0	
707	2026-05-08 03:39:18.320	2026-05-08 03:39:18.530	6	0	0	0	0	0	0	0	0	0	0	0	0	
707	2026-05-08 03:39:18.546	2026-05-08 03:39:18.686	6	0	0	0	0	0	0	0	0	0	0	0	0	
707	2026-05-08 03:39:18.796	2026-05-08 03:39:18.827	6	0	0	0	0	0	0	0	0	0	0	0	0	
707	2026-05-08 03:39:23.990	2026-05-08 03:39:24.022	6	0	0	0	0	0	0	0	0	0	0	0	0	
707	2026-05-08 03:39:24.115	2026-05-08 03:39:24.162	6	0	0	0	0	0	0	0	0	0	0	0	0	
707	2026-05-08 03:39:30.246	2026-05-08 03:39:30.293	6	0	0	0	0	0	0	0	0	0	0	0	0	
707	2026-05-08 03:39:30.386	2026-05-08 03:39:30.449	6	0	0	0	0	0	0	0	0	0	0	0	0	
707	2026-05-08 03:39:30.511	2026-05-08 03:39:30.776	6	0	0	0	0	0	0	0	0	0	0	0	0	
707	2026-05-08 03:39:30.839	2026-05-08 03:39:30.870	6	0	0	0	0	0	0	0	0	0	0	0	0	
707	2026-05-08 03:39:30.979	2026-05-08 03:39:31.010	6	0	0	0	0	0	0	0	0	0	0	0	0	
707	2026-05-08 03:39:43.631	2026-05-08 03:39:43.756	6	0	0	0	0	0	0	0	0	0	0	0	0	
707	2026-05-08 03:39:43.802	2026-05-08 03:39:43.974	6	0	0	0	0	0	0	0	0	0	0	0	0	
707	2026-05-08 03:39:43.990	2026-05-08 03:39:44.021	6	0	0	0	0	0	0	0	0	0	0	0	0	
707	2026-05-08 03:39:46.922	2026-05-08 03:39:46.938	6	0	0	0	0	0	0	0	0	0	0	0	0	
707	2026-05-08 03:39:48.289	2026-05-08 03:39:48.342	6	0	0	0	0	0	0	0	0	0	0	0	0	
707	2026-05-08 03:39:49.434	2026-05-08 03:39:49.465	6	0	0	0	0	0	0	0	0	0	0	0	0	
707	2026-05-08 03:39:49.559	2026-05-08 03:39:49.684	6	0	0	0	0	0	0	0	0	0	0	0	0	
707	2026-05-08 03:39:49.715	2026-05-08 03:39:49.793	6	0	0	0	0	0	0	0	0	0	0	0	0	
707	2026-05-08 03:39:50.058	2026-05-08 03:39:52.507	6	0	0	0	0	0	0	0	0	0	0	0	0	
707	2026-05-08 03:40:02.678	2026-05-08 03:40:02.710	6	0	0	0	0	0	0	0	0	0	0	0	0	
707	2026-05-08 03:40:02.881	2026-05-08 03:40:02.944	6	0	0	0	0	0	0	0	0	0	0	0	0	
707	2026-05-08 03:40:03.536	2026-05-08 03:40:03.568	6	0	0	0	0	0	0	0	0	0	0	0	0	
707	2026-05-08 03:45:42.790	2026-05-08 03:45:49.171	5	0	0	0	0	0	0	0	0	0	0	0	0	
707	2026-05-08 03:46:00.621	2026-05-08 03:46:11.432	5	0	0	0	0	0	0	0	0	0	0	0	0	
707	2026-05-08 03:46:11.510	2026-05-08 03:47:19.198	5	0	0	0	0	0	0	0	0	0	0	0	0	
707	2026-05-08 03:48:22.129	2026-05-08 03:48:22.207	5	0	0	0	0	0	0	0	0	0	0	0	0	
707	2026-05-08 03:48:22.878	2026-05-08 03:48:23.018	5	0	0	0	0	0	0	0	0	0	0	0	0	
707	2026-05-08 03:48:23.174	2026-05-08 03:49:02.190	5	0	0	0	0	0	0	0	0	0	0	0	0	
707	2026-05-08 03:50:53.527	2026-05-08 03:50:53.574	5	0	0	0	0	0	0	0	0	0	0	0	0	
707	2026-05-08 03:50:53.808	2026-05-08 03:50:54.104	5	0	0	0	0	0	0	0	0	0	0	0	0	
707	2026-05-08 03:50:54.526	2026-05-08 03:51:44.664	5	0	0	0	0	0	0	0	0	0	0	0	0	
707	2026-05-08 03:51:44.789	2026-05-08 03:51:44.804	5	0	0	0	0	0	0	0	0	0	0	0	0	
713	2026-05-08 03:51:32.434	2026-05-08 03:51:47.176	3	0	0	0	0	118	6.01999998092651	14.242825	0	0	0	0	0	2026-05-08 03:51:32.839
713	2026-05-08 03:51:50.108	2026-05-08 03:51:56.754	3	0	0	0	0	48	2.92600011825562	6.3336112	0	0	0	0	0	2026-05-08 03:51:50.358
713	2026-05-08 03:52:06.130	2026-05-08 03:52:06.551	4	0	0	0	0	0	0	0	0	0	0	0	0	
713	2026-05-08 03:52:07.861	2026-05-08 03:52:08.329	3	0	0	0	0	0	0	0	0	0	0	0	0	
713	2026-05-08 03:52:13.852	2026-05-08 03:52:13.961	3	0	0	0	0	0	0	0	0	0	0	0	0	
713	2026-05-08 03:52:14.616	2026-05-08 03:52:16.660	3	0	0	0	0	0	0	0	0	0	0	0	0	
713	2026-05-08 03:52:16.738	2026-05-08 03:52:16.956	4	0	0	0	0	0	0	0	0	0	0	0	0	
713	2026-05-08 03:52:18.345	2026-05-08 03:52:20.560	4	0	0	0	0	0	0	0	0	0	0	0	0	
708	2026-05-08 03:38:56.784	2026-05-08 03:38:57.985	8	0	0	0	0	0	0	0	0	0	0	0	0	
708	2026-05-08 03:39:11.323	2026-05-08 03:41:45.857	8	0	0	0	0	0	0	0	0	0	0	0	0	
708	2026-05-08 03:42:03.220	2026-05-08 03:42:27.806	8	0	0	0	0	0	0	0	0	0	0	0	0	
708	2026-05-08 03:42:29.288	2026-05-08 03:42:30.754	7	0	0	0	0	0	0	0	0	0	0	0	0	
708	2026-05-08 03:42:33.078	2026-05-08 03:42:33.422	8	0	0	0	0	0	0	0	0	0	0	0	0	
708	2026-05-08 03:42:33.765	2026-05-08 03:45:11.887	8	0	0	0	0	0	0	0	0	0	0	0	0	
708	2026-05-08 03:45:18.688	2026-05-08 03:45:18.751	8	0	0	0	0	0	0	0	0	0	0	0	0	
708	2026-05-08 03:45:19.468	2026-05-08 03:45:30.669	8	0	0	0	0	13	0.182000000029802	2.1996038	0	0	0	0	0	2026-05-08 03:45:26.753
708	2026-05-08 03:45:42.431	2026-05-08 03:45:59.654	7	0	0	0	0	0	0	0	0	0	0	0	0	
708	2026-05-08 03:46:07.001	2026-05-08 03:46:07.033	7	0	0	0	0	0	0	0	0	0	0	0	0	
708	2026-05-08 03:46:09.654	2026-05-08 03:46:16.533	7	0	0	0	0	0	0	0	0	0	0	0	0	
708	2026-05-08 03:49:32.547	2026-05-08 03:49:32.875	7	0	0	0	0	0	0	0	0	0	0	0	0	
708	2026-05-08 03:49:32.906	2026-05-08 03:49:33.156	7	0	0	0	0	0	0	0	0	0	0	0	0	
708	2026-05-08 03:49:33.249	2026-05-08 03:49:33.281	7	0	0	0	0	0	0	0	0	0	0	0	0	
708	2026-05-08 03:49:33.437	2026-05-08 03:49:33.577	7	0	0	0	0	0	0	0	0	0	0	0	0	
708	2026-05-08 03:49:33.951	2026-05-08 03:49:38.179	7	0	0	0	0	0	0	0	0	0	0	0	0	
708	2026-05-08 03:50:42.124	2026-05-08 03:50:42.155	7	0	0	0	0	0	0	0	0	0	0	0	0	
708	2026-05-08 03:50:49.768	2026-05-08 03:50:50.158	7	0	0	0	0	0	0	0	0	0	0	0	0	
708	2026-05-08 03:50:58.129	2026-05-08 03:52:51.651	7	0	0	0	0	0	0	0	0	0	0	0	0	
708	2026-05-08 03:52:53.913	2026-05-08 03:52:54.053	7	0	0	0	0	0	0	0	0	0	0	0	0	
708	2026-05-08 03:53:51.945	2026-05-08 03:53:55.970	7	0	0	0	0	5	0.0700000002980232	0.8424015	0	0	0	0	0	2026-05-08 03:53:52.709
715	2026-05-08 03:53:57.077	2026-05-08 03:53:57.389	4	0	0	0	0	0	0	0	0	0	0	0	0	
715	2026-05-08 03:54:01.289	2026-05-08 03:54:03.068	3	0	0	0	0	0	0	0	0	0	0	0	0	
715	2026-05-08 03:54:03.130	2026-05-08 03:54:03.192	3	0	0	0	0	0	0	0	0	0	0	0	0	
715	2026-05-08 03:54:04.924	2026-05-08 03:54:05.376	3	0	0	0	0	0	0	0	0	0	0	0	0	
715	2026-05-08 03:56:14.092	2026-05-08 03:56:14.170	4	0	0	0	0	0	0	0	0	0	0	0	0	
715	2026-05-08 03:56:14.498	2026-05-08 03:56:14.825	4	0	0	0	0	0	0	0	0	0	0	0	0	
715	2026-05-08 03:56:14.903	2026-05-08 03:56:14.935	4	0	0	0	0	0	0	0	0	0	0	0	0	
715	2026-05-08 03:57:06.680	2026-05-08 03:57:06.727	4	0	0	0	0	0	0	0	0	0	0	0	0	
715	2026-05-08 03:57:06.773	2026-05-08 03:57:08.037	4	0	0	0	0	0	0	0	0	0	0	0	0	
715	2026-05-08 03:57:08.146	2026-05-08 03:57:08.380	4	0	0	0	0	0	0	0	0	0	0	0	0	
715	2026-05-08 03:57:08.427	2026-05-08 03:57:08.723	4	0	0	0	0	0	0	0	0	0	0	0	0	
715	2026-05-08 03:57:08.786	2026-05-08 03:57:08.817	4	0	0	0	0	0	0	0	0	0	0	0	0	
715	2026-05-08 03:57:08.911	2026-05-08 03:57:08.926	4	0	0	0	0	0	0	0	0	0	0	0	0	
715	2026-05-08 03:57:15.026	2026-05-08 03:57:15.837	4	0	0	0	0	0	0	0	0	0	0	0	0	
715	2026-05-08 03:57:15.885	2026-05-08 03:57:15.899	4	0	0	0	0	0	0	0	0	0	0	0	0	
715	2026-05-08 03:57:15.931	2026-05-08 03:57:16.024	4	0	0	0	0	0	0	0	0	0	0	0	0	
715	2026-05-08 03:57:16.118	2026-05-08 03:57:16.165	4	0	0	0	0	0	0	0	0	0	0	0	0	
715	2026-05-08 03:57:18.380	2026-05-08 03:57:18.458	4	0	0	0	0	0	0	0	0	0	0	0	0	
715	2026-05-08 03:57:18.473	2026-05-08 03:57:18.536	4	0	0	0	0	0	0	0	0	0	0	0	0	
715	2026-05-08 03:57:18.567	2026-05-08 03:57:18.614	4	0	0	0	0	0	0	0	0	0	0	0	0	
715	2026-05-08 03:57:18.739	2026-05-08 03:57:18.817	4	0	0	0	0	0	0	0	0	0	0	0	0	
715	2026-05-08 03:57:18.895	2026-05-08 03:57:18.957	4	0	0	0	0	0	0	0	0	0	0	0	0	
715	2026-05-08 03:57:19.097	2026-05-08 03:57:19.441	4	0	0	0	0	0	0	0	0	0	0	0	0	
715	2026-05-08 03:57:20.829	2026-05-08 03:57:20.876	4	0	0	0	0	0	0	0	0	0	0	0	0	
715	2026-05-08 03:57:25.649	2026-05-08 03:57:25.790	4	0	0	0	0	0	0	0	0	0	0	0	0	
715	2026-05-08 03:57:26.133	2026-05-08 03:57:26.273	4	0	0	0	0	0	0	0	0	0	0	0	0	
715	2026-05-08 03:57:27.397	2026-05-08 03:57:27.506	4	0	0	0	0	0	0	0	0	0	0	0	0	
715	2026-05-08 03:57:53.293	2026-05-08 03:57:53.340	4	0	0	0	0	0	0	0	0	0	0	0	0	
715	2026-05-08 03:58:13.869	2026-05-08 03:58:15.055	4	0	0	0	0	0	0	0	0	0	0	0	0	
715	2026-05-08 03:58:15.367	2026-05-08 03:58:16.131	4	0	0	0	0	0	0	0	0	0	0	0	0	
715	2026-05-08 03:58:17.629	2026-05-08 03:58:17.910	4	0	0	0	0	0	0	0	0	0	0	0	0	
715	2026-05-08 03:58:18.003	2026-05-08 03:58:18.315	4	0	0	0	0	0	0	0	0	0	0	0	0	
715	2026-05-08 03:58:18.846	2026-05-08 03:58:19.298	4	0	0	0	0	0	0	0	0	0	0	0	0	
715	2026-05-08 03:58:19.378	2026-05-08 03:58:19.392	4	0	0	0	0	0	0	0	0	0	0	0	0	
715	2026-05-08 03:58:19.548	2026-05-08 03:58:19.657	4	0	0	0	0	0	0	0	0	0	0	0	0	
715	2026-05-08 03:58:21.482	2026-05-08 03:58:21.622	4	0	0	0	0	0	0	0	0	0	0	0	0	
715	2026-05-08 03:58:21.654	2026-05-08 03:58:22.028	4	0	0	0	0	0	0	0	0	0	0	0	0	
715	2026-05-08 03:58:23.604	2026-05-08 03:58:23.728	4	0	0	0	0	0	0	0	0	0	0	0	0	
715	2026-05-08 03:58:23.869	2026-05-08 03:58:23.884	4	0	0	0	0	0	0	0	0	0	0	0	0	
715	2026-05-08 03:58:24.727	2026-05-08 03:58:25.164	4	0	0	0	0	0	0	0	0	0	0	0	0	
715	2026-05-08 03:58:25.616	2026-05-08 03:58:25.647	4	0	0	0	0	0	0	0	0	0	0	0	0	
715	2026-05-08 03:58:30.177	2026-05-08 03:58:30.187	4	0	0	0	0	0	0	0	0	0	0	0	0	
715	2026-05-08 03:58:30.265	2026-05-08 03:58:31.014	4	0	0	0	0	0	0	0	0	0	0	0	0	
715	2026-05-08 03:58:39.016	2026-05-08 03:58:39.079	4	0	0	0	0	0	0	0	0	0	0	0	0	
715	2026-05-08 03:58:39.703	2026-05-08 03:58:39.890	4	0	0	0	0	0	0	0	0	0	0	0	0	
715	2026-05-08 03:58:40.202	2026-05-08 03:58:40.873	4	0	0	0	0	0	0	0	0	0	0	0	0	
715	2026-05-08 03:58:42.636	2026-05-08 03:58:42.745	4	0	0	0	0	0	0	0	0	0	0	0	0	
715	2026-05-08 03:58:42.932	2026-05-08 03:58:43.135	4	0	0	0	0	0	0	0	0	0	0	0	0	
715	2026-05-08 03:58:43.150	2026-05-08 03:58:43.275	4	0	0	0	0	0	0	0	0	0	0	0	0	
715	2026-05-08 03:58:52.448	2026-05-08 03:58:52.495	4	0	0	0	0	0	0	0	0	0	0	0	0	
715	2026-05-08 03:58:52.526	2026-05-08 03:58:52.900	4	0	0	0	0	0	0	0	0	0	0	0	0	
715	2026-05-08 03:59:24.740	2026-05-08 03:59:24.896	4	0	0	0	0	0	0	0	0	0	0	0	0	
715	2026-05-08 03:59:32.088	2026-05-08 03:59:42.306	3	0	0	0	0	76	4.19999980926514	9.734417	0	0	0	0	0	2026-05-08 03:59:32.337
715	2026-05-08 03:59:49.622	2026-05-08 03:59:50.574	3	0	0	0	0	2	0.0700000002980232	0.3276006	0	0	0	0	0	2026-05-08 03:59:50.153
716	2026-05-08 03:55:13.626	2026-05-08 03:55:14.094	8	0	0	0	0	0	0	0	0	0	0	0	0	
716	2026-05-08 03:55:18.026	2026-05-08 03:55:18.119	7	0	0	0	0	0	0	0	0	0	0	0	0	
716	2026-05-08 03:55:18.260	2026-05-08 03:55:18.384	7	0	0	0	0	0	0	0	0	0	0	0	0	
716	2026-05-08 03:55:23.501	2026-05-08 03:55:23.579	7	0	0	0	0	0	0	0	0	0	0	0	0	
716	2026-05-08 03:55:23.610	2026-05-08 03:55:33.392	7	0	0	0	0	70	3.52800011634827	8.9544158	0	0	0	0	0	2026-05-08 03:55:24.032
716	2026-05-08 03:55:34.811	2026-05-08 03:55:34.874	7	0	0	0	0	0	0	0	0	0	0	0	0	
716	2026-05-08 03:55:37.011	2026-05-08 03:55:37.120	8	0	0	0	0	0	0	0	0	0	0	0	0	
716	2026-05-08 03:57:33.637	2026-05-08 03:57:33.730	8	0	0	0	0	0	0	0	0	0	0	0	0	
716	2026-05-08 04:02:45.918	2026-05-08 04:02:45.949	7	0	0	0	0	0	0	0	0	0	0	0	0	
716	2026-05-08 04:00:04.957	2026-05-08 04:02:50.926	8	0	0	0	0	0	0	0	0	0	0	0	0	
716	2026-05-08 04:02:56.588	2026-05-08 04:02:56.729	8	0	0	0	0	0	0	0	0	0	0	0	0	
716	2026-05-08 04:02:58.928	2026-05-08 04:02:59.318	7	0	0	0	0	0	0	0	0	0	0	0	0	
709	2026-05-08 03:43:38.052	2026-05-08 03:43:38.146	2	0	0	0	0	0	0	0	0	0	0	0	0	
709	2026-05-08 03:43:43.076	2026-05-08 03:43:43.388	2	0	0	0	0	0	0	0	0	0	0	0	0	
709	2026-05-08 03:43:44.885	2026-05-08 03:43:45.759	2	0	0	0	0	0	0	0	0	0	0	0	0	
709	2026-05-08 03:43:52.373	2026-05-08 03:43:52.451	1	0	0	0	0	0	0	0	0	0	0	0	0	
709	2026-05-08 03:43:52.592	2026-05-08 03:44:00.922	1	0	0	0	0	38	0.559999994933605	5.3196094	0	0	0	0	0	2026-05-08 03:43:53.247
709	2026-05-08 03:44:19.783	2026-05-08 03:44:20.266	2	0	0	0	0	0	0	0	0	0	0	0	0	
709	2026-05-08 03:44:20.360	2026-05-08 03:44:31.529	2	0	0	0	0	0	0	0	0	0	0	0	0	
709	2026-05-08 03:44:34.088	2026-05-08 03:46:27.219	2	0	0	0	0	0	0	0	0	0	0	0	0	
709	2026-05-08 03:46:30.370	2026-05-08 03:46:47.187	2	0	0	0	0	22	0.322000008076429	4.1808073	0	0	0	0	0	2026-05-08 03:46:31.228
709	2026-05-08 03:46:48.498	2026-05-08 03:46:50.494	2	0	0	0	0	4	0.0700000021606684	0.7956015	0	0	0	0	0	2026-05-08 03:46:48.825
709	2026-05-08 03:47:30.852	2026-05-08 03:47:31.164	2	0	0	0	0	0	0	0	0	0	0	0	0	
709	2026-05-08 03:47:31.242	2026-05-08 03:47:33.363	2	0	0	0	0	0	0	0	0	0	0	0	0	
709	2026-05-08 03:47:44.626	2026-05-08 03:47:44.829	2	0	0	0	0	0	0	0	0	0	0	0	0	
709	2026-05-08 03:47:47.684	2026-05-08 03:47:47.746	2	0	0	0	0	0	0	0	0	0	0	0	0	
709	2026-05-08 03:49:06.464	2026-05-08 03:50:30.470	2	0	0	0	0	0	0	0	0	0	0	0	0	
709	2026-05-08 03:50:45.821	2026-05-08 03:50:50.610	2	0	0	0	0	0	0	0	0	0	0	0	0	
709	2026-05-08 03:51:04.135	2026-05-08 03:51:17.848	2	0	0	0	0	0	0	0	0	0	0	0	0	
709	2026-05-08 03:55:37.323	2026-05-08 03:57:56.694	2	0	0	0	0	0	0	0	0	0	0	0	0	
709	2026-05-08 03:59:02.120	2026-05-08 03:59:02.182	2	0	0	0	0	0	0	0	0	0	0	0	0	
719	2026-05-08 04:10:05.714	2026-05-08 04:10:06.385	2	0	0	0	0	0	0	0	0	0	0	0	0	
719	2026-05-08 04:11:25.212	2026-05-08 04:12:08.736	2	0	0	0	0	0	0	0	0	0	0	0	0	
719	2026-05-08 04:12:08.845	2026-05-08 04:12:13.837	2	0	0	0	0	0	0	0	0	0	0	0	0	
719	2026-05-08 04:13:45.659	2026-05-08 04:13:46.267	2	0	0	0	0	0	0	0	0	0	0	0	0	
719	2026-05-08 04:13:51.914	2026-05-08 04:13:52.195	2	0	0	0	0	0	0	0	0	0	0	0	0	
719	2026-05-08 04:13:55.721	2026-05-08 04:13:56.454	2	0	0	0	0	0	0	0	0	0	0	0	0	
719	2026-05-08 04:15:04.267	2026-05-08 04:15:04.392	2	0	0	0	0	0	0	0	0	0	0	0	0	
719	2026-05-08 04:15:04.767	2026-05-08 04:15:14.907	2	0	0	0	0	11	0.15400000475347	2.1216036	0	0	0	0	0	2026-05-08 04:15:06.155
719	2026-05-08 04:15:17.917	2026-05-08 04:15:18.027	2	0	0	0	0	0	0	0	0	0	0	0	0	
719	2026-05-08 04:15:18.666	2026-05-08 04:15:19.181	2	0	0	0	0	0	0	0	0	0	0	0	0	
719	2026-05-08 04:15:26.513	2026-05-08 04:15:28.042	2	0	0	0	0	0	0	0	0	0	0	0	0	
719	2026-05-08 04:15:29.430	2026-05-08 04:15:31.006	2	0	0	0	0	0	0	0	0	0	0	0	0	
719	2026-05-08 04:13:11.308	2026-05-08 04:15:37.542	1	0	0	0	0	0	0	0	0	0	0	0	0	
720	2026-05-08 04:15:46.450	2026-05-08 04:15:46.996	1	0	0	0	0	0	0	0	0	0	0	0	0	
721	2026-05-08 04:16:32.220	2026-05-08 04:16:39.849	2	0	0	0	0	33	1.24599998816848	5.4444095	0	0	0	0	0	2026-05-08 04:16:32.704
714	2026-05-08 03:52:08.641	2026-05-08 03:52:15.927	5	0	0	0	0	48	2.53399991989136	6.6924118	0	0	0	0	0	2026-05-08 03:52:09.031
714	2026-05-08 03:52:17.767	2026-05-08 03:52:24.865	5	0	0	0	0	0	0	0	0	0	0	0	0	
714	2026-05-08 03:57:32.498	2026-05-08 03:57:33.028	5	0	0	0	0	0	0	0	0	0	0	0	0	
714	2026-05-08 03:57:33.262	2026-05-08 03:57:33.746	5	0	0	0	0	0	0	0	0	0	0	0	0	
714	2026-05-08 03:57:36.788	2026-05-08 03:57:38.332	5	0	0	0	0	0	0	0	0	0	0	0	0	
714	2026-05-08 03:57:42.170	2026-05-08 03:58:21.825	5	0	0	0	0	0	0	0	0	0	0	0	0	
714	2026-05-08 04:00:06.002	2026-05-08 04:00:06.174	5	0	0	0	0	0	0	0	0	0	0	0	0	
714	2026-05-08 04:01:03.457	2026-05-08 04:01:23.394	5	0	0	0	0	0	0	0	0	0	0	0	0	
714	2026-05-08 04:01:26.374	2026-05-08 04:01:26.686	5	0	0	0	0	0	0	0	0	0	0	0	0	
714	2026-05-08 04:06:51.884	2026-05-08 04:07:00.323	5	0	0	0	0	0	0	0	0	0	0	0	0	
714	2026-05-08 04:07:01.540	2026-05-08 04:10:49.862	5	0	0	0	0	0	0	0	0	0	0	0	0	
714	2026-05-08 04:11:13.122	2026-05-08 04:13:07.891	5	0	0	0	0	0	0	0	0	0	0	0	0	
714	2026-05-08 04:13:14.194	2026-05-08 04:13:29.872	5	0	0	0	0	0	0	0	0	0	0	0	0	
714	2026-05-08 04:13:29.918	2026-05-08 04:16:39.927	5	0	0	0	0	0	0	0	0	0	0	0	0	
714	2026-05-08 04:16:41.612	2026-05-08 04:16:41.658	5	0	0	0	0	0	0	0	0	0	0	0	0	
714	2026-05-08 04:17:29.051	2026-05-08 04:17:29.254	5	0	0	0	0	0	0	0	0	0	0	0	0	
714	2026-05-08 04:17:29.691	2026-05-08 04:21:53.004	5	0	0	0	0	0	0	0	0	0	0	0	0	
714	2026-05-08 04:22:45.248	2026-05-08 04:22:45.342	5	0	0	0	0	0	0	0	0	0	0	0	0	
714	2026-05-08 04:22:45.498	2026-05-08 04:22:47.697	5	0	0	0	0	0	0	0	0	0	0	0	0	
728	2026-05-08 04:24:37.085	2026-05-08 04:24:37.475	6	0	0	0	0	0	0	0	0	0	0	0	0	
728	2026-05-08 04:24:37.568	2026-05-08 04:24:38.021	6	0	0	0	0	0	0	0	0	0	0	0	0	
730	2026-05-08 04:24:47.194	2026-05-08 04:24:53.590	6	0	0	0	0	0	0	0	0	0	0	0	0	
730	2026-05-08 04:24:53.792	2026-05-08 04:24:53.839	5	0	0	0	0	0	0	0	0	0	0	0	0	
717	2026-05-08 04:00:42.974	2026-05-08 04:00:43.333	3	0	0	0	0	0	0	0	0	0	0	0	0	
717	2026-05-08 04:00:45.002	2026-05-08 04:00:45.423	4	0	0	0	0	0	0	0	0	0	0	0	0	
717	2026-05-08 04:00:51.601	2026-05-08 04:00:52.303	3	0	0	0	0	0	0	0	0	0	0	0	0	
717	2026-05-08 04:00:57.732	2026-05-08 04:01:03.925	3	0	0	0	0	46	1.04999997466803	3.978007	0	0	0	0	0	2026-05-08 04:00:59.557
717	2026-05-08 04:05:24.087	2026-05-08 04:05:24.227	4	0	0	0	0	0	0	0	0	0	0	0	0	
717	2026-05-08 04:05:25.350	2026-05-08 04:05:25.896	4	0	0	0	0	0	0	0	0	0	0	0	0	
717	2026-05-08 04:07:21.243	2026-05-08 04:07:29.183	4	0	0	0	0	0	0	0	0	0	0	0	0	
717	2026-05-08 04:11:07.319	2026-05-08 04:11:07.365	4	0	0	0	0	0	0	0	0	0	0	0	0	
717	2026-05-08 04:11:10.985	2026-05-08 04:11:12.935	4	0	0	0	0	0	0	0	0	0	0	0	0	
717	2026-05-08 04:11:14.167	2026-05-08 04:11:14.307	4	0	0	0	0	0	0	0	0	0	0	0	0	
717	2026-05-08 04:11:14.417	2026-05-08 04:11:15.384	4	0	0	0	0	0	0	0	0	0	0	0	0	
717	2026-05-08 04:11:15.680	2026-05-08 04:11:15.914	4	0	0	0	0	0	0	0	0	0	0	0	0	
717	2026-05-08 04:11:15.945	2026-05-08 04:11:16.179	4	0	0	0	0	0	0	0	0	0	0	0	0	
717	2026-05-08 04:11:21.577	2026-05-08 04:11:25.883	4	0	0	0	0	9	0.126000000163913	1.5444027	0	0	0	0	0	2026-05-08 04:11:23.496
717	2026-05-08 04:11:26.429	2026-05-08 04:11:26.538	4	0	0	0	0	0	0	0	0	0	0	0	0	
717	2026-05-08 04:11:26.631	2026-05-08 04:11:26.663	4	0	0	0	0	0	0	0	0	0	0	0	0	
717	2026-05-08 04:11:26.787	2026-05-08 04:11:28.067	4	0	0	0	0	4	0.0560000017285347	0.6396012	0	0	0	0	0	2026-05-08 04:11:27.193
717	2026-05-08 04:11:34.868	2026-05-08 04:11:42.809	3	0	0	0	0	53	1.16200002841651	6.0478105	0	0	0	0	0	2026-05-08 04:11:35.399
717	2026-05-08 04:11:45.819	2026-05-08 04:11:46.490	3	0	0	0	0	0	0	0	0	0	0	0	0	
717	2026-05-08 04:11:46.584	2026-05-08 04:17:24.761	3	0	0	0	0	0	0	0	0	0	0	0	0	
717	2026-05-08 04:17:35.229	2026-05-08 04:17:35.276	3	0	0	0	0	0	0	0	0	0	0	0	0	
731	2026-05-08 04:25:23.557	2026-05-08 04:25:23.978	5	0	0	0	0	0	0	0	0	0	0	0	0	
731	2026-05-08 04:25:30.655	2026-05-08 04:25:30.920	5	0	0	0	0	0	0	0	0	0	0	0	0	
731	2026-05-08 04:25:36.443	2026-05-08 04:25:36.536	5	0	0	0	0	0	0	0	0	0	0	0	0	
731	2026-05-08 04:25:37.004	2026-05-08 04:25:37.691	5	0	0	0	0	3	0.112000003457069	0.4056008	0	0	0	0	0	2026-05-08 04:25:37.285
731	2026-05-08 04:25:36.256	2026-05-08 04:25:40.452	6	0	0	0	0	0	0	0	0	0	0	0	0	
731	2026-05-08 04:25:40.655	2026-05-08 04:25:40.717	6	0	0	0	0	0	0	0	0	0	0	0	0	
731	2026-05-08 04:25:40.780	2026-05-08 04:25:40.811	6	0	0	0	0	0	0	0	0	0	0	0	0	
731	2026-05-08 04:25:40.842	2026-05-08 04:25:40.904	6	0	0	0	0	0	0	0	0	0	0	0	0	
731	2026-05-08 04:25:40.936	2026-05-08 04:25:41.014	6	0	0	0	0	0	0	0	0	0	0	0	0	
731	2026-05-08 04:25:41.045	2026-05-08 04:25:41.060	6	0	0	0	0	0	0	0	0	0	0	0	0	
731	2026-05-08 04:25:41.107	2026-05-08 04:25:41.388	6	0	0	0	0	0	0	0	0	0	0	0	0	
731	2026-05-08 04:25:41.606	2026-05-08 04:25:41.622	6	0	0	0	0	0	0	0	0	0	0	0	0	
731	2026-05-08 04:25:41.981	2026-05-08 04:25:42.012	6	0	0	0	0	0	0	0	0	0	0	0	0	
731	2026-05-08 04:25:42.184	2026-05-08 04:25:42.449	6	0	0	0	0	0	0	0	0	0	0	0	0	
731	2026-05-08 04:25:46.208	2026-05-08 04:25:46.442	6	0	0	0	0	0	0	0	0	0	0	0	0	
731	2026-05-08 04:25:50.140	2026-05-08 04:25:57.581	6	0	0	0	0	47	2.02999994903803	5.6160099	0	0	0	0	0	2026-05-08 04:25:50.483
731	2026-05-08 04:25:59.718	2026-05-08 04:26:00.030	5	0	0	0	0	0	0	0	0	0	0	0	0	
731	2026-05-08 04:26:07.284	2026-05-08 04:26:07.549	5	0	0	0	0	0	0	0	0	0	0	0	0	
731	2026-05-08 04:26:14.289	2026-05-08 04:26:14.351	5	0	0	0	0	0	0	0	0	0	0	0	0	
731	2026-05-08 04:26:39.639	2026-05-08 04:26:39.685	5	0	0	0	0	0	0	0	0	0	0	0	0	
731	2026-05-08 04:26:39.701	2026-05-08 04:26:42.961	5	0	0	0	0	1	0.0419999994337559	0.2184004	0	0	0	0	0	2026-05-08 04:26:39.919
732	2026-05-08 04:26:54.037	2026-05-08 04:27:04.006	3	0	0	0	0	29	0.406000005081296	5.1324093	0	0	0	0	0	2026-05-08 04:26:55.083
732	2026-05-08 04:27:07.344	2026-05-08 04:27:07.438	4	0	0	0	0	0	0	0	0	0	0	0	0	
732	2026-05-08 04:27:07.578	2026-05-08 04:27:08.889	4	0	0	0	0	0	0	0	0	0	0	0	0	
732	2026-05-08 04:32:13.557	2026-05-08 04:32:14.790	4	0	0	0	0	0	0	0	0	0	0	0	0	
732	2026-05-08 04:32:16.318	2026-05-08 04:32:16.443	4	0	0	0	0	0	0	0	0	0	0	0	0	
718	2026-05-08 04:03:04.576	2026-05-08 04:03:15.355	7	0	0	0	0	78	5.16599988937378	10.3116181	0	0	0	0	0	2026-05-08 04:03:04.903
718	2026-05-08 04:03:42.437	2026-05-08 04:03:53.388	8	0	0	0	0	68	1.59600003808737	8.3496147	0	0	0	0	0	2026-05-08 04:03:43.186
718	2026-05-08 04:06:22.790	2026-05-08 04:06:22.805	8	0	0	0	0	0	0	0	0	0	0	0	0	
718	2026-05-08 04:06:27.485	2026-05-08 04:06:27.532	8	0	0	0	0	0	0	0	0	0	0	0	0	
718	2026-05-08 04:06:27.672	2026-05-08 04:06:27.766	8	0	0	0	0	0	0	0	0	0	0	0	0	
718	2026-05-08 04:06:28.000	2026-05-08 04:06:28.187	8	0	0	0	0	0	0	0	0	0	0	0	0	
718	2026-05-08 04:06:28.328	2026-05-08 04:06:28.374	8	0	0	0	0	0	0	0	0	0	0	0	0	
718	2026-05-08 04:06:28.515	2026-05-08 04:06:28.577	8	0	0	0	0	0	0	0	0	0	0	0	0	
718	2026-05-08 04:06:28.655	2026-05-08 04:06:28.702	8	0	0	0	0	0	0	0	0	0	0	0	0	
718	2026-05-08 04:06:28.842	2026-05-08 04:06:29.030	8	0	0	0	0	0	0	0	0	0	0	0	0	
718	2026-05-08 04:06:29.170	2026-05-08 04:06:29.373	8	0	0	0	0	0	0	0	0	0	0	0	0	
718	2026-05-08 04:06:29.498	2026-05-08 04:06:29.669	8	0	0	0	0	0	0	0	0	0	0	0	0	
718	2026-05-08 04:06:30.137	2026-05-08 04:06:30.153	8	0	0	0	0	0	0	0	0	0	0	0	0	
718	2026-05-08 04:06:30.168	2026-05-08 04:06:30.480	8	0	0	0	0	0	0	0	0	0	0	0	0	
718	2026-05-08 04:06:30.761	2026-05-08 04:06:30.855	8	0	0	0	0	0	0	0	0	0	0	0	0	
718	2026-05-08 04:06:31.432	2026-05-08 04:06:31.916	8	0	0	0	0	0	0	0	0	0	0	0	0	
718	2026-05-08 04:06:31.978	2026-05-08 04:06:34.521	8	0	0	0	0	0	0	0	0	0	0	0	0	
718	2026-05-08 04:06:34.568	2026-05-08 04:06:36.939	8	0	0	0	0	0	0	0	0	0	0	0	0	
718	2026-05-08 04:06:47.921	2026-05-08 04:06:48.296	8	0	0	0	0	0	0	0	0	0	0	0	0	
718	2026-05-08 04:06:48.467	2026-05-08 04:06:49.294	8	0	0	0	0	0	0	0	0	0	0	0	0	
718	2026-05-08 04:06:49.497	2026-05-08 04:06:49.856	8	0	0	0	0	0	0	0	0	0	0	0	0	
718	2026-05-08 04:06:53.943	2026-05-08 04:06:54.036	8	0	0	0	0	0	0	0	0	0	0	0	0	
718	2026-05-08 04:06:54.458	2026-05-08 04:06:54.676	8	0	0	0	0	0	0	0	0	0	0	0	0	
718	2026-05-08 04:06:55.643	2026-05-08 04:06:55.737	8	0	0	0	0	0	0	0	0	0	0	0	0	
718	2026-05-08 04:06:56.033	2026-05-08 04:06:57.125	8	0	0	0	0	0	0	0	0	0	0	0	0	
718	2026-05-08 04:07:00.042	2026-05-08 04:07:02.882	8	0	0	0	0	0	0	0	0	0	0	0	0	
718	2026-05-08 04:07:04.005	2026-05-08 04:07:04.052	8	0	0	0	0	0	0	0	0	0	0	0	0	
718	2026-05-08 04:07:05.003	2026-05-08 04:07:05.144	8	0	0	0	0	0	0	0	0	0	0	0	0	
718	2026-05-08 04:07:05.425	2026-05-08 04:07:08.607	8	0	0	0	0	0	0	0	0	0	0	0	0	
718	2026-05-08 04:07:08.779	2026-05-08 04:07:09.855	8	0	0	0	0	0	0	0	0	0	0	0	0	
718	2026-05-08 04:07:09.871	2026-05-08 04:07:09.980	8	0	0	0	0	0	0	0	0	0	0	0	0	
718	2026-05-08 04:07:10.838	2026-05-08 04:07:11.197	8	0	0	0	0	0	0	0	0	0	0	0	0	
718	2026-05-08 04:07:13.583	2026-05-08 04:07:13.817	8	0	0	0	0	0	0	0	0	0	0	0	0	
718	2026-05-08 04:07:14.114	2026-05-08 04:07:14.551	8	0	0	0	0	0	0	0	0	0	0	0	0	
718	2026-05-08 04:07:14.894	2026-05-08 04:07:17.031	8	0	0	0	0	0	0	0	0	0	0	0	0	
718	2026-05-08 04:07:17.140	2026-05-08 04:07:18.700	8	0	0	0	0	0	0	0	0	0	0	0	0	
718	2026-05-08 04:07:18.809	2026-05-08 04:07:18.841	8	0	0	0	0	0	0	0	0	0	0	0	0	
718	2026-05-08 04:07:18.934	2026-05-08 04:07:18.981	8	0	0	0	0	0	0	0	0	0	0	0	0	
718	2026-05-08 04:07:19.699	2026-05-08 04:07:19.948	8	0	0	0	0	0	0	0	0	0	0	0	0	
718	2026-05-08 04:07:20.213	2026-05-08 04:07:20.354	8	0	0	0	0	0	0	0	0	0	0	0	0	
718	2026-05-08 04:07:20.775	2026-05-08 04:07:22.444	8	0	0	0	0	0	0	0	0	0	0	0	0	
718	2026-05-08 04:07:22.475	2026-05-08 04:07:22.694	8	0	0	0	0	0	0	0	0	0	0	0	0	
718	2026-05-08 04:07:24.613	2026-05-08 04:07:25.049	8	0	0	0	0	0	0	0	0	0	0	0	0	
718	2026-05-08 04:08:00.227	2026-05-08 04:08:00.711	7	0	0	0	0	0	0	0	0	0	0	0	0	
718	2026-05-08 04:09:09.476	2026-05-08 04:09:09.694	7	0	0	0	0	0	0	0	0	0	0	0	0	
718	2026-05-08 04:09:13.064	2026-05-08 04:09:21.972	7	0	0	0	0	53	3.24799990653992	7.1604125	0	0	0	0	0	2026-05-08 04:09:14.780
718	2026-05-08 04:09:24.670	2026-05-08 04:09:24.998	7	0	0	0	0	0	0	0	0	0	0	0	0	
718	2026-05-08 04:09:26.215	2026-05-08 04:09:26.340	7	0	0	0	0	0	0	0	0	0	0	0	0	
718	2026-05-08 04:09:26.433	2026-05-08 04:09:26.511	7	0	0	0	0	0	0	0	0	0	0	0	0	
718	2026-05-08 04:09:26.667	2026-05-08 04:09:27.182	7	0	0	0	0	0	0	0	0	0	0	0	0	
718	2026-05-08 04:09:27.416	2026-05-08 04:09:28.695	7	0	0	0	0	0	0	0	0	0	0	0	0	
718	2026-05-08 04:09:28.742	2026-05-08 04:09:28.945	7	0	0	0	0	0	0	0	0	0	0	0	0	
718	2026-05-08 04:09:29.007	2026-05-08 04:09:30.723	7	0	0	0	0	0	0	0	0	0	0	0	0	
718	2026-05-08 04:11:52.512	2026-05-08 04:11:52.543	7	0	0	0	0	0	0	0	0	0	0	0	0	
718	2026-05-08 04:11:52.824	2026-05-08 04:11:52.886	7	0	0	0	0	0	0	0	0	0	0	0	0	
718	2026-05-08 04:11:53.058	2026-05-08 04:12:16.021	7	0	0	0	0	0	0	0	0	0	0	0	0	
718	2026-05-08 04:12:16.161	2026-05-08 04:12:16.598	7	0	0	0	0	0	0	0	0	0	0	0	0	
718	2026-05-08 04:12:16.645	2026-05-08 04:16:16.277	7	0	0	0	0	0	0	0	0	0	0	0	0	
718	2026-05-08 04:16:41.424	2026-05-08 04:16:41.440	7	0	0	0	0	0	0	0	0	0	0	0	0	
718	2026-05-08 04:16:42.002	2026-05-08 04:16:42.236	7	0	0	0	0	0	0	0	0	0	0	0	0	
718	2026-05-08 04:17:41.672	2026-05-08 04:17:44.012	8	0	0	0	0	0	0	0	0	0	0	0	0	
718	2026-05-08 04:18:34.603	2026-05-08 04:18:35.055	8	0	0	0	0	0	0	0	0	0	0	0	0	
718	2026-05-08 04:16:42.423	2026-05-08 04:22:02.286	7	0	0	0	0	0	0	0	0	0	0	0	0	
735	2026-05-08 04:39:18.143	2026-05-08 04:39:28.439	3	0	0	0	0	19	0.266000002622604	3.1316055	0	0	0	0	0	2026-05-08 04:39:20.904
735	2026-05-08 04:42:29.633	2026-05-08 04:42:29.774	3	0	0	0	0	0	0	0	0	0	0	0	0	
735	2026-05-08 04:44:13.311	2026-05-08 04:44:13.374	4	0	0	0	0	0	0	0	0	0	0	0	0	
735	2026-05-08 04:45:10.485	2026-05-08 04:45:10.563	3	0	0	0	0	0	0	0	0	0	0	0	0	
735	2026-05-08 04:45:13.403	2026-05-08 04:45:13.637	3	0	0	0	0	0	0	0	0	0	0	0	0	
735	2026-05-08 04:45:13.808	2026-05-08 04:45:13.886	3	0	0	0	0	0	0	0	0	0	0	0	0	
735	2026-05-08 04:45:23.917	2026-05-08 04:45:24.167	3	0	0	0	0	0	0	0	0	0	0	0	0	
735	2026-05-08 04:46:03.323	2026-05-08 04:46:03.369	3	0	0	0	0	0	0	0	0	0	0	0	0	
735	2026-05-08 04:46:03.432	2026-05-08 04:46:06.162	3	0	0	0	0	17	0.853999972343445	2.1684038	0	0	0	0	0	2026-05-08 04:46:03.993
734	2026-05-08 04:38:09.737	2026-05-08 04:38:12.701	1	0	0	0	0	8	0.126000000163913	1.2792023	0	0	0	0	0	2026-05-08 04:38:10.174
737	2026-05-08 04:50:29.740	2026-05-08 04:50:30.255	3	0	0	0	0	0	0	0	0	0	0	0	0	
737	2026-05-08 04:50:31.331	2026-05-08 04:50:31.518	3	0	0	0	0	0	0	0	0	0	0	0	0	
737	2026-05-08 04:50:31.565	2026-05-08 04:50:38.710	3	0	0	0	0	52	2.46400007605553	6.5596116	0	0	0	0	0	2026-05-08 04:50:31.877
737	2026-05-08 04:51:14.528	2026-05-08 04:51:14.559	4	0	0	0	0	0	0	0	0	0	0	0	0	
737	2026-05-08 04:51:17.086	2026-05-08 04:51:17.351	4	0	0	0	0	0	0	0	0	0	0	0	0	
737	2026-05-08 04:51:17.398	2026-05-08 04:51:20.830	4	0	0	0	0	22	1.28799998760223	2.9484052	0	0	0	0	0	2026-05-08 04:51:17.757
737	2026-05-08 04:51:27.632	2026-05-08 04:51:28.115	3	0	0	0	0	0	0	0	0	0	0	0	0	
737	2026-05-08 04:51:56.523	2026-05-08 04:51:57.178	4	0	0	0	0	0	0	0	0	0	0	0	0	
737	2026-05-08 04:52:00.672	2026-05-08 04:52:03.387	4	0	0	0	0	0	0	0	0	0	0	0	0	
737	2026-05-08 04:52:09.315	2026-05-08 04:52:09.564	3	0	0	0	0	0	0	0	0	0	0	0	0	
737	2026-05-08 04:52:10.048	2026-05-08 04:52:10.142	3	0	0	0	0	0	0	0	0	0	0	0	0	
737	2026-05-08 04:52:16.616	2026-05-08 04:52:16.725	4	0	0	0	0	0	0	0	0	0	0	0	0	
737	2026-05-08 04:52:18.082	2026-05-08 04:52:18.129	4	0	0	0	0	0	0	0	0	0	0	0	0	
737	2026-05-08 04:52:18.690	2026-05-08 04:52:19.236	3	0	0	0	0	0	0	0	0	0	0	0	0	
737	2026-05-08 04:52:19.377	2026-05-08 04:52:19.486	4	0	0	0	0	0	0	0	0	0	0	0	0	
737	2026-05-08 04:52:43.479	2026-05-08 04:52:43.604	3	0	0	0	0	0	0	0	0	0	0	0	0	
737	2026-05-08 04:52:43.635	2026-05-08 04:52:47.644	3	0	0	0	0	13	0.182000003755093	1.9500035	0	0	0	0	0	2026-05-08 04:52:44.009
737	2026-05-08 04:52:56.505	2026-05-08 04:52:58.658	3	0	0	0	0	3	0.042000001296401	0.6552011	0	0	0	0	0	2026-05-08 04:52:57.628
739	2026-05-08 04:56:55.669	2026-05-08 04:56:57.323	1	0	0	0	0	0	0	0	0	0	0	0	0	
739	2026-05-08 04:57:02.049	2026-05-08 04:57:03.360	2	0	0	0	0	0	0	0	0	0	0	0	0	
739	2026-05-08 04:57:08.945	2026-05-08 04:57:09.506	2	0	0	0	0	0	0	0	0	0	0	0	0	
739	2026-05-08 04:57:09.709	2026-05-08 04:57:11.191	2	0	0	0	0	0	0	0	0	0	0	0	0	
740	2026-05-08 04:57:27.384	2026-05-08 04:57:27.493	1	0	0	0	0	0	0	0	0	0	0	0	0	
740	2026-05-08 04:57:28.616	2026-05-08 04:57:28.772	1	0	0	0	0	0	0	0	0	0	0	0	0	
741	2026-05-08 04:57:55.323	2026-05-08 04:57:55.557	1	0	0	0	0	0	0	0	0	0	0	0	0	
741	2026-05-08 04:58:10.596	2026-05-08 04:58:10.627	2	0	0	0	0	0	0	0	0	0	0	0	0	
741	2026-05-08 04:58:11.969	2026-05-08 04:58:18.146	2	0	0	0	0	10	0.140000002458692	1.7940033	0	0	0	0	0	2026-05-08 04:58:12.577
741	2026-05-08 04:58:18.646	2026-05-08 04:58:18.708	2	0	0	0	0	0	0	0	0	0	0	0	0	
741	2026-05-08 04:58:20.050	2026-05-08 04:58:20.705	2	0	0	0	0	0	0	0	0	0	0	0	0	
741	2026-05-08 04:58:21.344	2026-05-08 04:58:23.232	2	0	0	0	0	0	0	0	0	0	0	0	0	
741	2026-05-08 04:58:23.497	2026-05-08 04:58:23.622	2	0	0	0	0	0	0	0	0	0	0	0	0	
741	2026-05-08 04:58:23.747	2026-05-08 04:58:25.198	2	0	0	0	0	1	0.0140000004321337	0.2184004	0	0	0	0	0	2026-05-08 04:58:24.074
741	2026-05-08 04:58:25.822	2026-05-08 04:58:25.868	2	0	0	0	0	0	0	0	0	0	0	0	0	
741	2026-05-08 04:58:32.405	2026-05-08 04:58:32.436	1	0	0	0	0	0	0	0	0	0	0	0	0	
742	2026-05-08 04:58:41.843	2026-05-08 04:58:41.890	2	0	0	0	0	0	0	0	0	0	0	0	0	
743	2026-05-08 04:59:10.921	2026-05-08 04:59:11.623	2	0	0	0	0	0	0	0	0	0	0	0	0	
743	2026-05-08 04:59:11.670	2026-05-08 04:59:11.717	2	0	0	0	0	0	0	0	0	0	0	0	0	
738	2026-05-08 04:56:32.597	2026-05-08 04:56:44.702	3	0	0	0	0	104	2.32399999164045	10.9824192	0	0	0	0	0	2026-05-08 04:56:33.267
738	2026-05-08 04:56:49.850	2026-05-08 04:56:50.568	3	0	0	0	0	0	0	0	0	0	0	0	0	
738	2026-05-08 04:57:04.389	2026-05-08 04:57:04.873	4	0	0	0	0	0	0	0	0	0	0	0	0	
736	2026-05-08 04:40:40.386	2026-05-08 04:40:40.995	7	0	0	0	0	0	0	0	0	0	0	0	0	
736	2026-05-08 04:40:41.328	2026-05-08 04:40:41.416	8	0	0	0	0	0	0	0	0	0	0	0	0	
736	2026-05-08 04:40:42.851	2026-05-08 04:40:46.673	8	0	0	0	0	25	1.13400000333786	3.2604057	0	0	0	0	0	2026-05-08 04:40:43.241
736	2026-05-08 04:40:47.625	2026-05-08 04:40:47.687	8	0	0	0	0	0	0	0	0	0	0	0	0	
736	2026-05-08 04:40:47.703	2026-05-08 04:40:48.342	8	0	0	0	0	0	0	0	0	0	0	0	0	
736	2026-05-08 04:40:48.389	2026-05-08 04:40:48.545	8	0	0	0	0	0	0	0	0	0	0	0	0	
736	2026-05-08 04:40:48.608	2026-05-08 04:40:48.717	8	0	0	0	0	0	0	0	0	0	0	0	0	
736	2026-05-08 04:40:48.920	2026-05-08 04:40:49.325	8	0	0	0	0	0	0	0	0	0	0	0	0	
736	2026-05-08 04:40:55.940	2026-05-08 04:40:56.283	8	0	0	0	0	0	0	0	0	0	0	0	0	
736	2026-05-08 04:40:56.423	2026-05-08 04:40:56.610	8	0	0	0	0	0	0	0	0	0	0	0	0	
736	2026-05-08 04:52:39.236	2026-05-08 04:52:40.515	8	0	0	0	0	0	0	0	0	0	0	0	0	
736	2026-05-08 04:52:40.640	2026-05-08 04:55:06.937	8	0	0	0	0	0	0	0	0	0	0	0	0	
736	2026-05-08 05:06:35.038	2026-05-08 05:06:35.335	8	0	0	0	0	0	0	0	0	0	0	0	0	
746	2026-05-08 05:10:29.273	2026-05-08 05:10:37.541	8	0	0	0	0	17	0.238000007346272	3.2292057	0	0	0	0	0	2026-05-08 05:10:30.458
746	2026-05-08 05:10:45.029	2026-05-08 05:10:45.076	7	0	0	0	0	0	0	0	0	0	0	0	0	
746	2026-05-08 05:10:45.185	2026-05-08 05:10:45.622	7	0	0	0	0	0	0	0	0	0	0	0	0	
747	2026-05-08 05:11:18.881	2026-05-08 05:11:26.322	3	0	0	0	0	38	0.546000001952052	5.4430096	0	0	0	0	0	2026-05-08 05:11:19.645
747	2026-05-08 05:11:28.740	2026-05-08 05:11:29.504	4	0	0	0	0	0	0	0	0	0	0	0	0	
747	2026-05-08 05:11:31.501	2026-05-08 05:11:33.077	3	0	0	0	0	0	0	0	0	0	0	0	0	
747	2026-05-08 05:11:39.660	2026-05-08 05:11:42.297	4	0	0	0	0	0	0	0	0	0	0	0	0	
747	2026-05-08 05:11:43.404	2026-05-08 05:11:43.981	4	0	0	0	0	0	0	0	0	0	0	0	0	
747	2026-05-08 05:11:48.022	2026-05-08 05:11:48.271	4	0	0	0	0	0	0	0	0	0	0	0	0	
747	2026-05-08 05:11:48.115	2026-05-08 05:11:56.805	3	0	0	0	0	63	2.74400002136827	7.0306124	0	0	0	0	0	2026-05-08 05:11:48.661
747	2026-05-08 05:12:07.101	2026-05-08 05:12:07.444	3	0	0	0	0	0	0	0	0	0	0	0	0	
748	2026-05-08 05:12:27.927	2026-05-08 05:12:28.301	3	0	0	0	0	0	0	0	0	0	0	0	0	
748	2026-05-08 05:12:37.209	2026-05-08 05:12:42.903	3	0	0	0	0	42	3.05200004577637	5.4404096	0	0	0	0	0	2026-05-08 05:12:37.458
744	2026-05-08 05:02:26.608	2026-05-08 05:02:26.748	2	0	0	0	0	0	0	0	0	0	0	0	0	
744	2026-05-08 05:02:27.216	2026-05-08 05:02:27.263	2	0	0	0	0	0	0	0	0	0	0	0	0	
744	2026-05-08 05:04:24.107	2026-05-08 05:04:24.529	2	0	0	0	0	0	0	0	0	0	0	0	0	
744	2026-05-08 05:11:14.294	2026-05-08 05:11:14.372	1	0	0	0	0	0	0	0	0	0	0	0	0	
733	2026-05-08 04:32:27.847	2026-05-08 04:32:27.972	6	0	0	0	0	0	0	0	0	0	0	0	0	
733	2026-05-08 04:32:28.237	2026-05-08 04:32:28.346	6	0	0	0	0	0	0	0	0	0	0	0	0	
733	2026-05-08 04:32:28.377	2026-05-08 04:32:44.742	6	0	0	0	0	118	6.99899989366531	15.3816271	0	0	0	0	0	2026-05-08 04:32:28.689
733	2026-05-08 04:43:02.237	2026-05-08 04:43:02.576	5	0	0	0	0	0	0	0	0	0	0	0	0	
733	2026-05-08 04:43:47.587	2026-05-08 04:43:47.852	5	0	0	0	0	0	0	0	0	0	0	0	0	
733	2026-05-08 04:45:15.618	2026-05-08 04:45:23.075	5	0	0	0	0	0	0	0	0	0	0	0	0	
733	2026-05-08 04:46:51.636	2026-05-08 04:49:24.781	5	0	0	0	0	0	0	0	0	0	0	0	0	
733	2026-05-08 04:49:46.575	2026-05-08 04:51:34.901	5	0	0	0	0	0	0	0	0	0	0	0	0	
733	2026-05-08 04:51:37.569	2026-05-08 04:51:38.021	5	0	0	0	0	0	0	0	0	0	0	0	0	
733	2026-05-08 05:13:06.100	2026-05-08 05:13:06.287	5	0	0	0	0	0	0	0	0	0	0	0	0	
733	2026-05-08 05:13:06.053	2026-05-08 05:13:06.646	6	0	0	0	0	0	0	0	0	0	0	0	0	
733	2026-05-08 05:19:02.092	2026-05-08 05:19:02.545	6	0	0	0	0	0	0	0	0	0	0	0	0	
733	2026-05-08 05:21:09.420	2026-05-08 05:21:09.607	6	0	0	0	0	0	0	0	0	0	0	0	0	
733	2026-05-08 05:21:09.919	2026-05-08 05:21:10.372	5	0	0	0	0	0	0	0	0	0	0	0	0	
733	2026-05-08 05:21:10.465	2026-05-08 05:21:10.496	5	0	0	0	0	0	0	0	0	0	0	0	0	
733	2026-05-08 05:21:10.559	2026-05-08 05:21:10.699	5	0	0	0	0	0	0	0	0	0	0	0	0	
733	2026-05-08 05:21:09.872	2026-05-08 05:21:11.058	6	0	0	0	0	0	0	0	0	0	0	0	0	
750	2026-05-08 05:13:32.448	2026-05-08 05:13:32.714	7	0	0	0	0	0	0	0	0	0	0	0	0	
750	2026-05-08 05:13:36.161	2026-05-08 05:13:37.347	8	0	0	0	0	0	0	0	0	0	0	0	0	
750	2026-05-08 05:14:13.055	2026-05-08 05:14:13.086	7	0	0	0	0	0	0	0	0	0	0	0	0	
750	2026-05-08 05:14:50.012	2026-05-08 05:14:50.043	8	0	0	0	0	0	0	0	0	0	0	0	0	
750	2026-05-08 05:15:57.529	2026-05-08 05:15:57.997	8	0	0	0	0	0	0	0	0	0	0	0	0	
750	2026-05-08 05:16:05.219	2026-05-08 05:16:05.407	8	0	0	0	0	0	0	0	0	0	0	0	0	
750	2026-05-08 05:16:05.578	2026-05-08 05:16:05.656	8	0	0	0	0	0	0	0	0	0	0	0	0	
750	2026-05-08 05:16:05.828	2026-05-08 05:16:05.859	8	0	0	0	0	0	0	0	0	0	0	0	0	
750	2026-05-08 05:16:05.968	2026-05-08 05:16:06.046	8	0	0	0	0	0	0	0	0	0	0	0	0	
750	2026-05-08 05:16:06.155	2026-05-08 05:16:06.249	8	0	0	0	0	0	0	0	0	0	0	0	0	
750	2026-05-08 05:16:14.611	2026-05-08 05:16:15.687	8	0	0	0	0	0	0	0	0	0	0	0	0	
750	2026-05-08 05:19:11.187	2026-05-08 05:19:17.521	8	0	0	0	0	41	1.94599997997284	5.3820094	0	0	0	0	0	2026-05-08 05:19:12.061
753	2026-05-08 05:23:44.047	2026-05-08 05:23:44.718	7	0	0	0	0	0	0	0	0	0	0	0	0	
749	2026-05-08 05:13:07.473	2026-05-08 05:13:07.675	4	0	0	0	0	0	0	0	0	0	0	0	0	
749	2026-05-08 05:13:07.722	2026-05-08 05:13:08.019	4	0	0	0	0	0	0	0	0	0	0	0	0	
749	2026-05-08 05:13:09.095	2026-05-08 05:13:09.142	3	0	0	0	0	0	0	0	0	0	0	0	0	
749	2026-05-08 05:13:10.530	2026-05-08 05:13:11.092	4	0	0	0	0	0	0	0	0	0	0	0	0	
749	2026-05-08 05:13:11.326	2026-05-08 05:13:11.591	3	0	0	0	0	0	0	0	0	0	0	0	0	
749	2026-05-08 05:13:18.658	2026-05-08 05:13:28.096	3	0	0	0	0	74	4.64799976348877	9.1728161	0	0	0	0	0	2026-05-08 05:13:18.876
749	2026-05-08 05:16:08.308	2026-05-08 05:16:08.558	4	0	0	0	0	0	0	0	0	0	0	0	0	
749	2026-05-08 05:19:33.090	2026-05-08 05:19:34.509	4	0	0	0	0	0	0	0	0	0	0	0	0	
749	2026-05-08 05:19:35.430	2026-05-08 05:19:35.461	4	0	0	0	0	0	0	0	0	0	0	0	0	
749	2026-05-08 05:19:35.711	2026-05-08 05:19:35.820	4	0	0	0	0	0	0	0	0	0	0	0	0	
749	2026-05-08 05:19:36.101	2026-05-08 05:19:36.116	4	0	0	0	0	0	0	0	0	0	0	0	0	
749	2026-05-08 05:19:36.194	2026-05-08 05:19:36.272	4	0	0	0	0	0	0	0	0	0	0	0	0	
749	2026-05-08 05:20:11.949	2026-05-08 05:20:14.118	4	0	0	0	0	0	0	0	0	0	0	0	0	
749	2026-05-08 05:20:59.093	2026-05-08 05:21:00.185	4	0	0	0	0	0	0	0	0	0	0	0	0	
749	2026-05-08 05:21:12.197	2026-05-08 05:21:12.244	3	0	0	0	0	0	0	0	0	0	0	0	0	
749	2026-05-08 05:23:55.279	2026-05-08 05:24:02.346	3	0	0	0	0	58	3.08000004291534	6.817212	0	0	0	0	0	2026-05-08 05:23:55.420
749	2026-05-08 05:24:51.705	2026-05-08 05:25:14.387	3	0	0	0	0	0	0	0	0	0	0	0	0	
749	2026-05-08 05:25:16.649	2026-05-08 05:25:17.320	3	0	0	0	0	0	0	0	0	0	0	0	0	
749	2026-05-08 05:25:17.382	2026-05-08 05:25:23.014	3	0	0	0	0	0	0	0	0	0	0	0	0	
749	2026-05-08 05:25:49.784	2026-05-08 05:25:49.830	3	0	0	0	0	0	0	0	0	0	0	0	0	
749	2026-05-08 05:25:52.358	2026-05-08 05:26:06.039	3	0	0	0	0	0	0	0	0	0	0	0	0	
756	2026-05-08 05:28:51.680	2026-05-08 05:28:52.179	5	0	0	0	0	0	0	0	0	0	0	0	0	
756	2026-05-08 05:28:55.128	2026-05-08 05:28:55.596	6	0	0	0	0	0	0	0	0	0	0	0	0	
756	2026-05-08 05:28:56.438	2026-05-08 05:28:56.516	5	0	0	0	0	0	0	0	0	0	0	0	0	
756	2026-05-08 05:29:07.420	2026-05-08 05:29:10.306	5	0	0	0	0	21	1.00800001621246	2.5896045	0	0	0	0	0	2026-05-08 05:29:07.576
756	2026-05-08 05:29:55.000	2026-05-08 05:29:55.094	5	0	0	0	0	0	0	0	0	0	0	0	0	
756	2026-05-08 05:29:55.125	2026-05-08 05:29:59.790	5	0	0	0	0	13	0.587999999523163	1.5756028	0	0	0	0	0	2026-05-08 05:29:55.390
756	2026-05-08 05:34:01.996	2026-05-08 05:34:03.134	5	0	0	0	0	0	0	0	0	0	0	0	0	
751	2026-05-08 05:20:15.615	2026-05-08 05:20:17.456	1	0	0	0	0	0	0	0	0	0	0	0	0	
751	2026-05-08 05:20:17.628	2026-05-08 05:20:17.893	1	0	0	0	0	0	0	0	0	0	0	0	0	
751	2026-05-08 05:20:17.987	2026-05-08 05:20:18.205	1	0	0	0	0	0	0	0	0	0	0	0	0	
751	2026-05-08 05:20:21.746	2026-05-08 05:20:22.214	2	0	0	0	0	0	0	0	0	0	0	0	0	
751	2026-05-08 05:20:22.355	2026-05-08 05:20:22.620	2	0	0	0	0	0	0	0	0	0	0	0	0	
751	2026-05-08 05:20:26.067	2026-05-08 05:20:34.632	2	0	0	0	0	0	0	0	0	0	0	0	0	
751	2026-05-08 05:20:25.397	2026-05-08 05:20:36.473	1	0	0	0	0	0	0	0	0	0	0	0	0	
751	2026-05-08 05:20:34.850	2026-05-08 05:20:38.641	2	0	0	0	0	0	0	0	0	0	0	0	0	
751	2026-05-08 05:20:44.273	2026-05-08 05:20:44.335	1	0	0	0	0	0	0	0	0	0	0	0	0	
751	2026-05-08 05:20:44.522	2026-05-08 05:21:07.813	1	0	0	0	0	169	7.79799995943904	21.2940375	0	0	0	0	0	2026-05-08 05:20:44.990
751	2026-05-08 05:27:47.158	2026-05-08 05:27:47.564	1	0	0	0	0	0	0	0	0	0	0	0	0	
751	2026-05-08 05:27:49.483	2026-05-08 05:27:50.138	1	0	0	0	0	0	0	0	0	0	0	0	0	
751	2026-05-08 05:27:50.309	2026-05-08 05:27:50.372	1	0	0	0	0	0	0	0	0	0	0	0	0	
751	2026-05-08 05:27:50.450	2026-05-08 05:27:52.072	1	0	0	0	0	0	0	0	0	0	0	0	0	
751	2026-05-08 05:27:52.119	2026-05-08 05:27:52.244	1	0	0	0	0	0	0	0	0	0	0	0	0	
751	2026-05-08 05:27:52.306	2026-05-08 05:27:52.322	1	0	0	0	0	0	0	0	0	0	0	0	0	
751	2026-05-08 05:27:52.353	2026-05-08 05:27:52.400	1	0	0	0	0	0	0	0	0	0	0	0	0	
751	2026-05-08 05:27:52.415	2026-05-08 05:27:52.587	1	0	0	0	0	0	0	0	0	0	0	0	0	
751	2026-05-08 05:27:52.790	2026-05-08 05:27:52.837	1	0	0	0	0	0	0	0	0	0	0	0	0	
751	2026-05-08 05:27:52.930	2026-05-08 05:27:52.961	1	0	0	0	0	0	0	0	0	0	0	0	0	
751	2026-05-08 05:27:53.570	2026-05-08 05:27:54.615	1	0	0	0	0	0	0	0	0	0	0	0	0	
751	2026-05-08 05:27:54.880	2026-05-08 05:27:54.896	1	0	0	0	0	0	0	0	0	0	0	0	0	
751	2026-05-08 05:27:54.989	2026-05-08 05:27:55.130	1	0	0	0	0	0	0	0	0	0	0	0	0	
751	2026-05-08 05:27:57.579	2026-05-08 05:27:57.704	1	0	0	0	0	0	0	0	0	0	0	0	0	
751	2026-05-08 05:27:57.782	2026-05-08 05:27:57.844	1	0	0	0	0	0	0	0	0	0	0	0	0	
751	2026-05-08 05:27:59.545	2026-05-08 05:28:03.273	1	0	0	0	0	0	0	0	0	0	0	0	0	
751	2026-05-08 05:28:03.991	2026-05-08 05:28:05.239	1	0	0	0	0	0	0	0	0	0	0	0	0	
751	2026-05-08 05:28:07.189	2026-05-08 05:28:08.281	1	0	0	0	0	0	0	0	0	0	0	0	0	
751	2026-05-08 05:28:09.482	2026-05-08 05:28:09.919	1	0	0	0	0	0	0	0	0	0	0	0	0	
751	2026-05-08 05:28:10.652	2026-05-08 05:28:10.917	1	0	0	0	0	0	0	0	0	0	0	0	0	
751	2026-05-08 05:28:11.120	2026-05-08 05:28:11.369	1	0	0	0	0	0	0	0	0	0	0	0	0	
751	2026-05-08 05:28:12.025	2026-05-08 05:28:12.290	1	0	0	0	0	0	0	0	0	0	0	0	0	
751	2026-05-08 05:28:12.602	2026-05-08 05:28:15.597	1	0	0	0	0	0	0	0	0	0	0	0	0	
751	2026-05-08 05:28:17.141	2026-05-08 05:28:17.828	1	0	0	0	0	0	0	0	0	0	0	0	0	
751	2026-05-08 05:28:18.623	2026-05-08 05:28:18.920	1	0	0	0	0	0	0	0	0	0	0	0	0	
751	2026-05-08 05:28:22.133	2026-05-08 05:28:22.664	1	0	0	0	0	0	0	0	0	0	0	0	0	
751	2026-05-08 05:28:23.740	2026-05-08 05:28:26.143	1	0	0	0	0	0	0	0	0	0	0	0	0	
751	2026-05-08 05:28:29.013	2026-05-08 05:28:29.075	1	0	0	0	0	0	0	0	0	0	0	0	0	
751	2026-05-08 05:28:29.185	2026-05-08 05:28:29.200	1	0	0	0	0	0	0	0	0	0	0	0	0	
751	2026-05-08 05:28:29.247	2026-05-08 05:28:29.278	1	0	0	0	0	0	0	0	0	0	0	0	0	
751	2026-05-08 05:28:33.069	2026-05-08 05:28:33.584	1	0	0	0	0	0	0	0	0	0	0	0	0	
751	2026-05-08 05:28:34.816	2026-05-08 05:28:35.097	1	0	0	0	0	0	0	0	0	0	0	0	0	
751	2026-05-08 05:29:01.570	2026-05-08 05:29:02.335	1	0	0	0	0	0	0	0	0	0	0	0	0	
751	2026-05-08 05:29:09.714	2026-05-08 05:29:10.681	1	0	0	0	0	0	0	0	0	0	0	0	0	
751	2026-05-08 05:30:39.180	2026-05-08 05:30:57.510	1	0	0	0	0	0	0	0	0	0	0	0	0	
751	2026-05-08 05:30:57.572	2026-05-08 05:30:58.071	1	0	0	0	0	0	0	0	0	0	0	0	0	
751	2026-05-08 05:30:58.196	2026-05-08 05:30:58.290	1	0	0	0	0	0	0	0	0	0	0	0	0	
751	2026-05-08 05:32:55.586	2026-05-08 05:33:26.864	2	0	0	0	0	0	0	0	0	0	0	0	0	
757	2026-05-08 05:37:45.170	2026-05-08 05:37:45.279	6	0	0	0	0	0	0	0	0	0	0	0	0	
754	2026-05-08 05:23:49.492	2026-05-08 05:23:57.729	7	0	0	0	0	62	1.91699997149408	6.817212	0	0	0	0	0	2026-05-08 05:23:49.835
754	2026-05-08 05:23:59.601	2026-05-08 05:23:59.850	7	0	0	0	0	0	0	0	0	0	0	0	0	
754	2026-05-08 05:23:59.913	2026-05-08 05:24:00.178	7	0	0	0	0	0	0	0	0	0	0	0	0	
754	2026-05-08 05:24:00.256	2026-05-08 05:24:00.334	7	0	0	0	0	0	0	0	0	0	0	0	0	
754	2026-05-08 05:24:02.986	2026-05-08 05:24:03.001	7	0	0	0	0	0	0	0	0	0	0	0	0	
754	2026-05-08 05:24:03.688	2026-05-08 05:24:03.797	7	0	0	0	0	0	0	0	0	0	0	0	0	
754	2026-05-08 05:24:04.374	2026-05-08 05:24:04.405	7	0	0	0	0	0	0	0	0	0	0	0	0	
754	2026-05-08 05:24:04.499	2026-05-08 05:24:07.806	7	0	0	0	0	18	0.433999992907047	1.8720033	0	0	0	0	0	2026-05-08 05:24:05.919
754	2026-05-08 05:24:08.524	2026-05-08 05:24:08.805	7	0	0	0	0	0	0	0	0	0	0	0	0	
754	2026-05-08 05:24:08.976	2026-05-08 05:24:09.148	7	0	0	0	0	0	0	0	0	0	0	0	0	
754	2026-05-08 05:24:11.597	2026-05-08 05:24:11.659	8	0	0	0	0	0	0	0	0	0	0	0	0	
754	2026-05-08 05:27:09.047	2026-05-08 05:27:09.125	7	0	0	0	0	0	0	0	0	0	0	0	0	
754	2026-05-08 05:27:09.157	2026-05-08 05:27:09.313	7	0	0	0	0	0	0	0	0	0	0	0	0	
754	2026-05-08 05:27:09.444	2026-05-08 05:27:09.469	8	0	0	0	0	0	0	0	0	0	0	0	0	
754	2026-05-08 05:27:09.687	2026-05-08 05:27:09.859	8	0	0	0	0	0	0	0	0	0	0	0	0	
754	2026-05-08 05:27:09.453	2026-05-08 05:27:10.701	7	0	0	0	0	0	0	0	0	0	0	0	0	
754	2026-05-08 05:27:10.704	2026-05-08 05:27:10.717	8	0	0	0	0	0	0	0	0	0	0	0	0	
754	2026-05-08 05:27:10.732	2026-05-08 05:27:10.748	7	0	0	0	0	0	0	0	0	0	0	0	0	
754	2026-05-08 05:27:11.013	2026-05-08 05:27:11.107	7	0	0	0	0	0	0	0	0	0	0	0	0	
754	2026-05-08 05:27:11.543	2026-05-08 05:27:11.590	8	0	0	0	0	0	0	0	0	0	0	0	0	
754	2026-05-08 05:27:11.684	2026-05-08 05:27:11.809	8	0	0	0	0	0	0	0	0	0	0	0	0	
754	2026-05-08 05:27:11.200	2026-05-08 05:27:12.136	7	0	0	0	0	0	0	0	0	0	0	0	0	
758	2026-05-08 05:46:36.429	2026-05-08 05:46:52.122	8	0	0	0	0	90	8.06400007195771	13.9776245	0	0	0	0	0	2026-05-08 05:46:37.692
758	2026-05-08 05:47:04.197	2026-05-08 05:47:07.379	7	0	0	0	0	9	0.126000002026558	1.6224029	0	0	0	0	0	2026-05-08 05:47:04.961
758	2026-05-08 05:47:07.831	2026-05-08 05:47:07.863	7	0	0	0	0	0	0	0	0	0	0	0	0	
758	2026-05-08 05:47:08.143	2026-05-08 05:47:08.299	7	0	0	0	0	0	0	0	0	0	0	0	0	
758	2026-05-08 05:47:08.565	2026-05-08 05:47:08.611	7	0	0	0	0	0	0	0	0	0	0	0	0	
758	2026-05-08 05:47:09.267	2026-05-08 05:47:09.376	7	0	0	0	0	0	0	0	0	0	0	0	0	
758	2026-05-08 05:47:10.421	2026-05-08 05:47:10.920	7	0	0	0	0	0	0	0	0	0	0	0	0	
758	2026-05-08 05:47:12.839	2026-05-08 05:47:12.886	7	0	0	0	0	0	0	0	0	0	0	0	0	
758	2026-05-08 05:47:13.806	2026-05-08 05:47:17.316	8	0	0	0	0	9	0.140000002458692	1.0452018	0	0	0	0	0	2026-05-08 05:47:16.053
758	2026-05-08 05:47:18.673	2026-05-08 05:47:18.892	8	0	0	0	0	0	0	0	0	0	0	0	0	
758	2026-05-08 05:47:24.258	2026-05-08 05:47:29.094	7	0	0	0	0	1	0.0140000004321337	0.2652005	0	0	0	0	0	2026-05-08 05:47:27.768
758	2026-05-08 05:47:30.186	2026-05-08 05:47:30.483	7	0	0	0	0	0	0	0	0	0	0	0	0	
758	2026-05-08 05:47:30.514	2026-05-08 05:47:30.529	7	0	0	0	0	0	0	0	0	0	0	0	0	
758	2026-05-08 05:47:30.576	2026-05-08 05:47:31.013	7	0	0	0	0	0	0	0	0	0	0	0	0	
758	2026-05-08 05:47:44.070	2026-05-08 05:47:44.538	8	0	0	0	0	0	0	0	0	0	0	0	0	
758	2026-05-08 05:47:44.585	2026-05-08 05:47:44.835	8	0	0	0	0	0	0	0	0	0	0	0	0	
755	2026-05-08 05:27:22.729	2026-05-08 05:27:22.978	4	0	0	0	0	0	0	0	0	0	0	0	0	
755	2026-05-08 05:27:23.353	2026-05-08 05:27:23.587	4	0	0	0	0	0	0	0	0	0	0	0	0	
755	2026-05-08 05:27:23.789	2026-05-08 05:27:24.008	4	0	0	0	0	0	0	0	0	0	0	0	0	
755	2026-05-08 05:27:26.348	2026-05-08 05:27:27.019	4	0	0	0	0	0	0	0	0	0	0	0	0	
755	2026-05-08 05:27:30.841	2026-05-08 05:27:37.018	3	0	0	0	0	38	1.9739999845624	5.2884093	0	0	0	0	0	2026-05-08 05:27:31.121
755	2026-05-08 05:28:32.851	2026-05-08 05:28:33.038	3	0	0	0	0	0	0	0	0	0	0	0	0	
755	2026-05-08 05:28:53.630	2026-05-08 05:28:53.848	3	0	0	0	0	0	0	0	0	0	0	0	0	
755	2026-05-08 05:28:55.346	2026-05-08 05:28:55.393	3	0	0	0	0	0	0	0	0	0	0	0	0	
755	2026-05-08 05:30:11.162	2026-05-08 05:30:20.865	3	0	0	0	0	59	3.1499999165535	8.5956151	0	0	0	0	0	2026-05-08 05:30:11.724
755	2026-05-08 05:30:28.852	2026-05-08 05:30:31.239	4	0	0	0	0	0	0	0	0	0	0	0	0	
755	2026-05-08 05:31:25.434	2026-05-08 05:31:25.481	4	0	0	0	0	0	0	0	0	0	0	0	0	
755	2026-05-08 05:31:25.543	2026-05-08 05:31:26.089	4	0	0	0	0	0	0	0	0	0	0	0	0	
755	2026-05-08 05:31:26.198	2026-05-08 05:31:26.292	4	0	0	0	0	0	0	0	0	0	0	0	0	
755	2026-05-08 05:31:26.744	2026-05-08 05:31:26.807	4	0	0	0	0	0	0	0	0	0	0	0	0	
755	2026-05-08 05:31:26.931	2026-05-08 05:31:27.009	4	0	0	0	0	0	0	0	0	0	0	0	0	
755	2026-05-08 05:31:27.165	2026-05-08 05:31:27.197	4	0	0	0	0	0	0	0	0	0	0	0	0	
755	2026-05-08 05:31:39.411	2026-05-08 05:31:39.630	4	0	0	0	0	0	0	0	0	0	0	0	0	
755	2026-05-08 05:31:39.708	2026-05-08 05:31:40.613	4	0	0	0	0	0	0	0	0	0	0	0	0	
755	2026-05-08 05:31:40.691	2026-05-08 05:31:40.800	4	0	0	0	0	0	0	0	0	0	0	0	0	
755	2026-05-08 05:31:40.893	2026-05-08 05:31:41.221	4	0	0	0	0	0	0	0	0	0	0	0	0	
755	2026-05-08 05:31:48.210	2026-05-08 05:31:48.319	4	0	0	0	0	0	0	0	0	0	0	0	0	
755	2026-05-08 05:31:48.381	2026-05-08 05:31:50.503	4	0	0	0	0	0	0	0	0	0	0	0	0	
755	2026-05-08 05:31:51.455	2026-05-08 05:31:51.486	4	0	0	0	0	0	0	0	0	0	0	0	0	
755	2026-05-08 05:31:51.548	2026-05-08 05:31:52.406	4	0	0	0	0	0	0	0	0	0	0	0	0	
755	2026-05-08 05:31:52.484	2026-05-08 05:31:53.451	4	0	0	0	0	0	0	0	0	0	0	0	0	
755	2026-05-08 05:31:53.545	2026-05-08 05:31:53.639	4	0	0	0	0	0	0	0	0	0	0	0	0	
755	2026-05-08 05:31:53.763	2026-05-08 05:31:54.294	4	0	0	0	0	0	0	0	0	0	0	0	0	
755	2026-05-08 05:33:24.088	2026-05-08 05:33:24.134	4	0	0	0	0	0	0	0	0	0	0	0	0	
755	2026-05-08 05:33:30.468	2026-05-08 05:33:31.888	4	0	0	0	0	0	0	0	0	0	0	0	0	
755	2026-05-08 05:33:41.887	2026-05-08 05:33:43.120	4	0	0	0	0	0	0	0	0	0	0	0	0	
755	2026-05-08 05:33:44.492	2026-05-08 05:33:47.971	4	0	0	0	0	0	0	0	0	0	0	0	0	
755	2026-05-08 05:33:48.096	2026-05-08 05:33:48.112	4	0	0	0	0	0	0	0	0	0	0	0	0	
755	2026-05-08 05:33:48.314	2026-05-08 05:33:51.575	4	0	0	0	0	0	0	0	0	0	0	0	0	
755	2026-05-08 05:34:14.912	2026-05-08 05:34:16.847	4	0	0	0	0	0	0	0	0	0	0	0	0	
755	2026-05-08 05:34:17.268	2026-05-08 05:41:27.766	4	0	0	0	0	0	0	0	0	0	0	0	0	
755	2026-05-08 05:41:28.110	2026-05-08 05:42:22.148	4	0	0	0	0	0	0	0	0	0	0	0	0	
755	2026-05-08 05:42:27.671	2026-05-08 05:42:28.092	4	0	0	0	0	0	0	0	0	0	0	0	0	
755	2026-05-08 05:44:55.730	2026-05-08 05:44:55.918	3	0	0	0	0	0	0	0	0	0	0	0	0	
755	2026-05-08 05:44:56.042	2026-05-08 05:44:56.120	3	0	0	0	0	0	0	0	0	0	0	0	0	
755	2026-05-08 05:46:11.515	2026-05-08 05:46:11.547	3	0	0	0	0	0	0	0	0	0	0	0	0	
755	2026-05-08 05:46:12.467	2026-05-08 05:50:54.157	3	0	0	0	0	0	0	0	0	0	0	0	0	
755	2026-05-08 05:50:57.620	2026-05-08 05:50:57.713	3	0	0	0	0	0	0	0	0	0	0	0	0	
755	2026-05-08 05:53:34.728	2026-05-08 05:53:36.600	3	0	0	0	0	0	0	0	0	0	0	0	0	
755	2026-05-08 05:53:36.709	2026-05-08 05:53:36.740	3	0	0	0	0	0	0	0	0	0	0	0	0	
761	2026-05-08 05:51:24.686	2026-05-08 05:51:34.779	7	0	0	0	0	65	3.40200001932681	8.6268152	0	0	0	0	0	2026-05-08 05:51:25.778
761	2026-05-08 05:52:24.918	2026-05-08 05:52:24.996	7	0	0	0	0	0	0	0	0	0	0	0	0	
761	2026-05-08 05:52:57.272	2026-05-08 05:52:57.334	7	0	0	0	0	0	0	0	0	0	0	0	0	
761	2026-05-08 05:52:57.350	2026-05-08 05:52:57.428	7	0	0	0	0	0	0	0	0	0	0	0	0	
761	2026-05-08 05:52:57.522	2026-05-08 05:52:57.615	7	0	0	0	0	0	0	0	0	0	0	0	0	
761	2026-05-08 05:52:57.756	2026-05-08 05:52:57.865	7	0	0	0	0	0	0	0	0	0	0	0	0	
761	2026-05-08 05:52:58.208	2026-05-08 05:52:58.286	7	0	0	0	0	0	0	0	0	0	0	0	0	
761	2026-05-08 05:52:58.395	2026-05-08 05:52:58.442	7	0	0	0	0	0	0	0	0	0	0	0	0	
761	2026-05-08 05:52:58.520	2026-05-08 05:52:58.582	7	0	0	0	0	0	0	0	0	0	0	0	0	
761	2026-05-08 05:52:58.723	2026-05-08 05:52:58.801	7	0	0	0	0	0	0	0	0	0	0	0	0	
761	2026-05-08 05:52:58.957	2026-05-08 05:53:01.936	7	0	0	0	0	0	0	0	0	0	0	0	0	
761	2026-05-08 05:53:02.046	2026-05-08 05:53:02.701	7	0	0	0	0	0	0	0	0	0	0	0	0	
761	2026-05-08 05:53:02.810	2026-05-08 05:53:09.175	7	0	0	0	0	0	0	0	0	0	0	0	0	
761	2026-05-08 05:53:09.315	2026-05-08 05:53:09.518	7	0	0	0	0	0	0	0	0	0	0	0	0	
761	2026-05-08 05:53:15.696	2026-05-08 05:53:15.727	7	0	0	0	0	0	0	0	0	0	0	0	0	
761	2026-05-08 05:53:17.708	2026-05-08 05:53:17.770	7	0	0	0	0	0	0	0	0	0	0	0	0	
761	2026-05-08 05:53:17.817	2026-05-08 05:53:18.020	7	0	0	0	0	0	0	0	0	0	0	0	0	
761	2026-05-08 05:53:25.087	2026-05-08 05:53:25.118	7	0	0	0	0	0	0	0	0	0	0	0	0	
761	2026-05-08 05:53:26.085	2026-05-08 05:53:26.117	7	0	0	0	0	0	0	0	0	0	0	0	0	
761	2026-05-08 05:53:26.241	2026-05-08 05:53:26.304	7	0	0	0	0	0	0	0	0	0	0	0	0	
761	2026-05-08 05:53:26.694	2026-05-08 05:53:26.865	7	0	0	0	0	0	0	0	0	0	0	0	0	
761	2026-05-08 05:53:39.517	2026-05-08 05:53:39.579	7	0	0	0	0	0	0	0	0	0	0	0	0	
761	2026-05-08 05:53:53.838	2026-05-08 05:53:54.041	7	0	0	0	0	0	0	0	0	0	0	0	0	
761	2026-05-08 05:54:16.411	2026-05-08 05:54:16.489	8	0	0	0	0	0	0	0	0	0	0	0	0	
761	2026-05-08 05:54:17.706	2026-05-08 05:54:17.768	8	0	0	0	0	0	0	0	0	0	0	0	0	
761	2026-05-08 05:54:59.888	2026-05-08 05:54:59.966	8	0	0	0	0	0	0	0	0	0	0	0	0	
761	2026-05-08 05:54:59.997	2026-05-08 05:55:00.185	8	0	0	0	0	0	0	0	0	0	0	0	0	
761	2026-05-08 05:55:08.484	2026-05-08 05:55:08.733	8	0	0	0	0	0	0	0	0	0	0	0	0	
761	2026-05-08 05:55:34.302	2026-05-08 05:55:34.988	8	0	0	0	0	0	0	0	0	0	0	0	0	
761	2026-05-08 05:55:35.004	2026-05-08 05:55:35.222	8	0	0	0	0	0	0	0	0	0	0	0	0	
761	2026-05-08 05:55:36.080	2026-05-08 05:55:36.112	8	0	0	0	0	0	0	0	0	0	0	0	0	
761	2026-05-08 05:55:37.344	2026-05-08 05:55:37.406	8	0	0	0	0	0	0	0	0	0	0	0	0	
761	2026-05-08 05:55:37.453	2026-05-08 05:55:37.687	8	0	0	0	0	0	0	0	0	0	0	0	0	
761	2026-05-08 05:55:38.420	2026-05-08 05:55:39.762	8	0	0	0	0	0	0	0	0	0	0	0	0	
761	2026-05-08 05:55:39.996	2026-05-08 05:55:40.012	8	0	0	0	0	0	0	0	0	0	0	0	0	
761	2026-05-08 05:55:40.027	2026-05-08 05:55:40.136	8	0	0	0	0	0	0	0	0	0	0	0	0	
761	2026-05-08 05:55:44.146	2026-05-08 05:55:44.286	8	0	0	0	0	0	0	0	0	0	0	0	0	
761	2026-05-08 05:55:47.032	2026-05-08 05:55:47.047	8	0	0	0	0	0	0	0	0	0	0	0	0	
761	2026-05-08 05:55:47.078	2026-05-08 05:55:47.156	8	0	0	0	0	0	0	0	0	0	0	0	0	
761	2026-05-08 05:55:47.734	2026-05-08 05:55:49.153	8	0	0	0	0	0	0	0	0	0	0	0	0	
761	2026-05-08 05:55:49.184	2026-05-08 05:55:49.231	8	0	0	0	0	0	0	0	0	0	0	0	0	
761	2026-05-08 05:55:49.247	2026-05-08 05:55:49.699	8	0	0	0	0	0	0	0	0	0	0	0	0	
761	2026-05-08 05:55:55.471	2026-05-08 05:55:55.518	8	0	0	0	0	0	0	0	0	0	0	0	0	
761	2026-05-08 05:55:55.596	2026-05-08 05:55:56.173	8	0	0	0	0	0	0	0	0	0	0	0	0	
761	2026-05-08 05:55:56.267	2026-05-08 05:55:56.284	8	0	0	0	0	0	0	0	0	0	0	0	0	
761	2026-05-08 05:55:56.298	2026-05-08 05:55:56.516	8	0	0	0	0	0	0	0	0	0	0	0	0	
761	2026-05-08 05:55:56.579	2026-05-08 05:55:56.688	8	0	0	0	0	0	0	0	0	0	0	0	0	
761	2026-05-08 05:55:56.766	2026-05-08 05:55:56.813	8	0	0	0	0	0	0	0	0	0	0	0	0	
761	2026-05-08 05:55:57.140	2026-05-08 05:55:57.172	8	0	0	0	0	0	0	0	0	0	0	0	0	
761	2026-05-08 05:55:57.328	2026-05-08 05:55:57.343	8	0	0	0	0	0	0	0	0	0	0	0	0	
761	2026-05-08 05:55:57.484	2026-05-08 05:55:57.546	8	0	0	0	0	0	0	0	0	0	0	0	0	
761	2026-05-08 05:56:02.632	2026-05-08 05:56:03.583	8	0	0	0	0	0	0	0	0	0	0	0	0	
761	2026-05-08 05:56:03.614	2026-05-08 05:56:03.630	8	0	0	0	0	0	0	0	0	0	0	0	0	
761	2026-05-08 05:56:09.152	2026-05-08 05:56:09.215	8	0	0	0	0	0	0	0	0	0	0	0	0	
761	2026-05-08 05:56:17.171	2026-05-08 05:56:17.342	8	0	0	0	0	0	0	0	0	0	0	0	0	
761	2026-05-08 05:56:17.498	2026-05-08 05:56:17.561	8	0	0	0	0	0	0	0	0	0	0	0	0	
761	2026-05-08 05:56:20.104	2026-05-08 05:56:20.119	8	0	0	0	0	0	0	0	0	0	0	0	0	
761	2026-05-08 05:56:20.431	2026-05-08 05:56:20.494	8	0	0	0	0	0	0	0	0	0	0	0	0	
761	2026-05-08 05:56:22.459	2026-05-08 05:56:22.522	8	0	0	0	0	0	0	0	0	0	0	0	0	
761	2026-05-08 05:56:22.600	2026-05-08 05:56:22.693	8	0	0	0	0	0	0	0	0	0	0	0	0	
761	2026-05-08 05:56:22.771	2026-05-08 05:56:23.005	8	0	0	0	0	0	0	0	0	0	0	0	0	
761	2026-05-08 05:56:24.674	2026-05-08 05:56:24.706	8	0	0	0	0	0	0	0	0	0	0	0	0	
761	2026-05-08 05:56:24.737	2026-05-08 05:56:25.267	8	0	0	0	0	0	0	0	0	0	0	0	0	
761	2026-05-08 05:56:25.298	2026-05-08 05:56:25.330	8	0	0	0	0	0	0	0	0	0	0	0	0	
761	2026-05-08 05:56:25.392	2026-05-08 05:56:25.470	8	0	0	0	0	0	0	0	0	0	0	0	0	
761	2026-05-08 05:56:25.548	2026-05-08 05:56:25.595	8	0	0	0	0	0	0	0	0	0	0	0	0	
761	2026-05-08 05:56:26.921	2026-05-08 05:56:26.952	8	0	0	0	0	0	0	0	0	0	0	0	0	
761	2026-05-08 05:56:30.150	2026-05-08 05:56:30.212	8	0	0	0	0	0	0	0	0	0	0	0	0	
761	2026-05-08 05:56:33.925	2026-05-08 05:56:33.956	8	0	0	0	0	0	0	0	0	0	0	0	0	
761	2026-05-08 05:56:34.268	2026-05-08 05:56:34.315	8	0	0	0	0	0	0	0	0	0	0	0	0	
761	2026-05-08 05:56:34.596	2026-05-08 05:56:34.643	8	0	0	0	0	0	0	0	0	0	0	0	0	
761	2026-05-08 05:56:34.674	2026-05-08 05:56:34.705	8	0	0	0	0	0	0	0	0	0	0	0	0	
761	2026-05-08 05:56:34.752	2026-05-08 05:56:34.768	8	0	0	0	0	0	0	0	0	0	0	0	0	
761	2026-05-08 05:56:34.799	2026-05-08 05:56:34.830	8	0	0	0	0	0	0	0	0	0	0	0	0	
761	2026-05-08 05:56:34.861	2026-05-08 05:56:34.955	8	0	0	0	0	0	0	0	0	0	0	0	0	
761	2026-05-08 05:56:35.158	2026-05-08 05:56:35.173	8	0	0	0	0	0	0	0	0	0	0	0	0	
761	2026-05-08 05:56:35.236	2026-05-08 05:56:35.329	8	0	0	0	0	0	0	0	0	0	0	0	0	
761	2026-05-08 05:56:37.622	2026-05-08 05:56:37.732	8	0	0	0	0	0	0	0	0	0	0	0	0	
761	2026-05-08 05:56:37.778	2026-05-08 05:56:37.903	8	0	0	0	0	0	0	0	0	0	0	0	0	
761	2026-05-08 05:56:44.533	2026-05-08 05:56:44.549	8	0	0	0	0	0	0	0	0	0	0	0	0	
761	2026-05-08 05:56:44.705	2026-05-08 05:56:44.720	8	0	0	0	0	0	0	0	0	0	0	0	0	
761	2026-05-08 05:56:44.767	2026-05-08 05:56:44.861	8	0	0	0	0	0	0	0	0	0	0	0	0	
761	2026-05-08 05:56:53.222	2026-05-08 05:56:53.238	8	0	0	0	0	0	0	0	0	0	0	0	0	
761	2026-05-08 05:56:53.254	2026-05-08 05:56:53.269	8	0	0	0	0	0	0	0	0	0	0	0	0	
761	2026-05-08 05:57:35.951	2026-05-08 05:57:35.998	8	0	0	0	0	0	0	0	0	0	0	0	0	
765	2026-05-08 05:58:59.130	2026-05-08 05:59:04.107	8	0	0	0	0	34	1.62399995326996	4.4928079	0	0	0	0	0	2026-05-08 05:58:59.505
763	2026-05-08 05:57:34.173	2026-05-08 05:57:34.313	5	0	0	0	0	0	0	0	0	0	0	0	0	
763	2026-05-08 05:57:35.592	2026-05-08 05:57:35.842	6	0	0	0	0	0	0	0	0	0	0	0	0	
763	2026-05-08 05:57:36.045	2026-05-08 05:57:36.185	6	0	0	0	0	0	0	0	0	0	0	0	0	
763	2026-05-08 05:57:37.995	2026-05-08 05:57:50.740	6	0	0	0	0	97	5.37599992752075	12.1680214	0	0	0	0	0	2026-05-08 05:57:38.525
763	2026-05-08 05:57:58.571	2026-05-08 05:57:58.649	6	0	0	0	0	0	0	0	0	0	0	0	0	
763	2026-05-08 05:59:05.932	2026-05-08 05:59:06.010	6	0	0	0	0	0	0	0	0	0	0	0	0	
766	2026-05-08 05:59:07.008	2026-05-08 05:59:07.305	6	0	0	0	0	0	0	0	0	0	0	0	0	
766	2026-05-08 05:59:10.440	2026-05-08 05:59:11.891	5	0	0	0	0	0	0	0	0	0	0	0	0	
766	2026-05-08 05:59:08.802	2026-05-08 05:59:13.155	6	0	0	0	0	0	0	0	0	0	0	0	0	
766	2026-05-08 05:59:13.217	2026-05-08 05:59:13.342	6	0	0	0	0	0	0	0	0	0	0	0	0	
766	2026-05-08 05:59:13.498	2026-05-08 05:59:13.779	6	0	0	0	0	0	0	0	0	0	0	0	0	
760	2026-05-08 05:51:57.415	2026-05-08 05:51:57.446	2	0	0	0	0	0	0	0	0	0	0	0	0	
760	2026-05-08 05:51:58.117	2026-05-08 05:51:58.132	2	0	0	0	0	0	0	0	0	0	0	0	0	
760	2026-05-08 05:55:57.608	2026-05-08 05:55:57.983	2	0	0	0	0	0	0	0	0	0	0	0	0	
772	2026-05-08 06:00:53.182	2026-05-08 06:00:53.510	2	0	0	0	0	0	0	0	0	0	0	0	0	
772	2026-05-08 06:00:53.572	2026-05-08 06:00:53.619	2	0	0	0	0	0	0	0	0	0	0	0	0	
772	2026-05-08 06:00:53.712	2026-05-08 06:00:54.165	1	0	0	0	0	0	0	0	0	0	0	0	0	
772	2026-05-08 06:00:59.235	2026-05-08 06:01:04.711	1	0	0	0	0	45	2.2960000038147	5.2054091	0	0	0	0	0	2026-05-08 06:00:59.500
772	2026-05-08 06:01:13.743	2026-05-08 06:01:14.788	1	0	0	0	0	0	0	0	0	0	0	0	0	
772	2026-05-08 06:01:14.897	2026-05-08 06:01:18.641	1	0	0	0	0	16	0.825999975204468	1.8564033	0	0	0	0	0	2026-05-08 06:01:15.459
772	2026-05-08 06:01:28.719	2026-05-08 06:01:28.906	2	0	0	0	0	0	0	0	0	0	0	0	0	
772	2026-05-08 06:01:28.969	2026-05-08 06:01:29.000	2	0	0	0	0	0	0	0	0	0	0	0	0	
772	2026-05-08 06:01:29.078	2026-05-08 06:01:29.189	1	0	0	0	0	0	0	0	0	0	0	0	0	
772	2026-05-08 06:01:29.203	2026-05-08 06:01:29.249	1	0	0	0	0	0	0	0	0	0	0	0	0	
772	2026-05-08 06:01:29.343	2026-05-08 06:01:29.483	1	0	0	0	0	0	0	0	0	0	0	0	0	
772	2026-05-08 06:01:30.263	2026-05-08 06:01:30.513	2	0	0	0	0	0	0	0	0	0	0	0	0	
772	2026-05-08 06:01:35.021	2026-05-08 06:01:35.209	2	0	0	0	0	0	0	0	0	0	0	0	0	
772	2026-05-08 06:01:35.240	2026-05-08 06:01:35.271	2	0	0	0	0	0	0	0	0	0	0	0	0	
774	2026-05-08 06:03:53.394	2026-05-08 06:03:53.487	4	0	0	0	0	0	0	0	0	0	0	0	0	
774	2026-05-08 06:04:01.100	2026-05-08 06:04:01.927	4	0	0	0	0	0	0	0	0	0	0	0	0	
775	2026-05-08 06:06:20.455	2026-05-08 06:06:21.079	4	0	0	0	0	0	0	0	0	0	0	0	0	
775	2026-05-08 06:06:24.979	2026-05-08 06:06:25.572	4	0	0	0	0	0	0	0	0	0	0	0	0	
775	2026-05-08 06:06:25.400	2026-05-08 06:06:25.806	3	0	0	0	0	0	0	0	0	0	0	0	0	
775	2026-05-08 06:06:29.300	2026-05-08 06:06:33.777	3	0	0	0	0	37	1.8619999922812	3.7752067	0	0	0	0	0	2026-05-08 06:06:29.737
775	2026-05-08 06:07:08.753	2026-05-08 06:07:09.751	4	0	0	0	0	0	0	0	0	0	0	0	0	
775	2026-05-08 06:07:10.781	2026-05-08 06:07:10.968	4	0	0	0	0	0	0	0	0	0	0	0	0	
776	2026-05-08 06:07:24.805	2026-05-08 06:07:25.086	3	0	0	0	0	0	0	0	0	0	0	0	0	
776	2026-05-08 06:07:40.140	2026-05-08 06:07:40.624	4	0	0	0	0	0	0	0	0	0	0	0	0	
776	2026-05-08 06:07:40.702	2026-05-08 06:07:40.873	4	0	0	0	0	0	0	0	0	0	0	0	0	
776	2026-05-08 06:07:40.795	2026-05-08 06:07:40.889	3	0	0	0	0	0	0	0	0	0	0	0	0	
776	2026-05-08 06:07:46.661	2026-05-08 06:07:49.266	3	0	0	0	0	23	1.25999999046326	2.1684038	0	0	0	0	0	2026-05-08 06:07:47.035
777	2026-05-08 06:07:51.668	2026-05-08 06:07:51.887	3	0	0	0	0	0	0	0	0	0	0	0	0	
777	2026-05-08 06:07:52.745	2026-05-08 06:07:52.792	3	0	0	0	0	0	0	0	0	0	0	0	0	
777	2026-05-08 06:07:52.183	2026-05-08 06:07:53.135	4	0	0	0	0	0	0	0	0	0	0	0	0	
777	2026-05-08 06:07:52.932	2026-05-08 06:07:53.884	3	0	0	0	0	0	0	0	0	0	0	0	0	
777	2026-05-08 06:07:53.993	2026-05-08 06:07:54.398	3	0	0	0	0	0	0	0	0	0	0	0	0	
777	2026-05-08 06:07:59.656	2026-05-08 06:08:00.139	4	0	0	0	0	0	0	0	0	0	0	0	0	
777	2026-05-08 06:08:00.202	2026-05-08 06:08:00.217	4	0	0	0	0	0	0	0	0	0	0	0	0	
777	2026-05-08 06:08:00.233	2026-05-08 06:08:00.607	3	0	0	0	0	0	0	0	0	0	0	0	0	
779	2026-05-08 06:08:04.507	2026-05-08 06:08:18.032	3	0	0	0	0	116	3.87799996137619	12.8076224	0	0	0	0	0	2026-05-08 06:08:04.960
779	2026-05-08 06:08:25.552	2026-05-08 06:08:25.676	3	0	0	0	0	0	0	0	0	0	0	0	0	
780	2026-05-08 06:09:49.776	2026-05-08 06:09:51.882	4	0	0	0	0	0	0	0	0	0	0	0	0	
773	2026-05-08 06:02:12.087	2026-05-08 06:02:12.259	2	0	0	0	0	0	0	0	0	0	0	0	0	
773	2026-05-08 06:02:12.321	2026-05-08 06:02:27.359	2	0	0	0	0	17	0.238000005483627	3.385206	0	0	0	0	0	2026-05-08 06:02:13.195
773	2026-05-08 06:02:38.311	2026-05-08 06:02:45.908	2	0	0	0	0	5	0.0700000021606684	0.9516018	0	0	0	0	0	2026-05-08 06:02:40.105
773	2026-05-08 06:02:49.870	2026-05-08 06:02:56.032	1	0	0	0	0	50	0.993999972939491	4.6332083	0	0	0	0	0	2026-05-08 06:02:50.588
773	2026-05-08 06:04:29.695	2026-05-08 06:04:36.652	2	0	0	0	0	7	0.126000002026558	1.4976025	0	0	0	0	0	2026-05-08 06:04:30.818
773	2026-05-08 06:06:17.226	2026-05-08 06:10:36.342	1	0	0	0	0	0	0	0	0	0	0	0	0	
773	2026-05-08 06:10:36.639	2026-05-08 06:10:36.717	1	0	0	0	0	0	0	0	0	0	0	0	0	
773	2026-05-08 06:16:51.414	2026-05-08 06:16:58.715	2	0	0	0	0	57	1.09199997968972	6.1620107	0	0	0	0	0	2026-05-08 06:16:51.710
773	2026-05-08 06:17:28.433	2026-05-08 06:17:28.448	2	0	0	0	0	0	0	0	0	0	0	0	0	
773	2026-05-08 06:17:28.838	2026-05-08 06:17:28.885	2	0	0	0	0	0	0	0	0	0	0	0	0	
773	2026-05-08 06:17:29.072	2026-05-08 06:17:29.103	2	0	0	0	0	0	0	0	0	0	0	0	0	
773	2026-05-08 06:17:29.275	2026-05-08 06:17:29.322	2	0	0	0	0	0	0	0	0	0	0	0	0	
773	2026-05-08 06:17:29.478	2026-05-08 06:17:29.540	2	0	0	0	0	0	0	0	0	0	0	0	0	
773	2026-05-08 06:17:32.208	2026-05-08 06:17:36.264	2	0	0	0	0	29	1.31599998474121	3.6036063	0	0	0	0	0	2026-05-08 06:17:32.551
770	2026-05-08 05:59:34.059	2026-05-08 05:59:46.024	5	0	0	0	0	50	2.78600001335144	6.7120118	0	0	0	0	0	2026-05-08 05:59:34.242
770	2026-05-08 05:59:48.302	2026-05-08 05:59:48.380	5	0	0	0	0	0	0	0	0	0	0	0	0	
770	2026-05-08 06:00:46.302	2026-05-08 06:00:46.334	6	0	0	0	0	0	0	0	0	0	0	0	0	
770	2026-05-08 06:03:25.080	2026-05-08 06:03:25.267	5	0	0	0	0	0	0	0	0	0	0	0	0	
770	2026-05-08 06:03:25.735	2026-05-08 06:03:54.220	5	0	0	0	0	0	0	0	0	0	0	0	0	
770	2026-05-08 06:03:55.406	2026-05-08 06:03:59.540	5	0	0	0	0	26	1.41400003433228	3.5568062	0	0	0	0	0	2026-05-08 06:03:55.936
770	2026-05-08 06:04:00.039	2026-05-08 06:04:01.958	5	0	0	0	0	0	0	0	0	0	0	0	0	
770	2026-05-08 06:04:02.676	2026-05-08 06:04:02.722	5	0	0	0	0	0	0	0	0	0	0	0	0	
770	2026-05-08 06:04:27.152	2026-05-08 06:04:27.183	6	0	0	0	0	0	0	0	0	0	0	0	0	
770	2026-05-08 06:04:27.324	2026-05-08 06:04:27.430	6	0	0	0	0	0	0	0	0	0	0	0	0	
770	2026-05-08 06:04:29.414	2026-05-08 06:04:29.430	6	0	0	0	0	0	0	0	0	0	0	0	0	
770	2026-05-08 06:04:29.539	2026-05-08 06:04:29.820	6	0	0	0	0	0	0	0	0	0	0	0	0	
770	2026-05-08 06:06:14.402	2026-05-08 06:06:14.433	5	0	0	0	0	0	0	0	0	0	0	0	0	
770	2026-05-08 06:06:14.621	2026-05-08 06:06:14.823	5	0	0	0	0	0	0	0	0	0	0	0	0	
770	2026-05-08 06:06:16.524	2026-05-08 06:06:16.633	5	0	0	0	0	0	0	0	0	0	0	0	0	
770	2026-05-08 06:06:16.758	2026-05-08 06:06:16.773	5	0	0	0	0	0	0	0	0	0	0	0	0	
770	2026-05-08 06:08:05.100	2026-05-08 06:08:05.131	5	0	0	0	0	0	0	0	0	0	0	0	0	
770	2026-05-08 06:08:16.036	2026-05-08 06:08:16.067	5	0	0	0	0	0	0	0	0	0	0	0	0	
770	2026-05-08 06:08:16.223	2026-05-08 06:08:16.244	5	0	0	0	0	0	0	0	0	0	0	0	0	
770	2026-05-08 06:08:16.363	2026-05-08 06:08:16.394	5	0	0	0	0	0	0	0	0	0	0	0	0	
770	2026-05-08 06:08:16.550	2026-05-08 06:08:16.582	5	0	0	0	0	0	0	0	0	0	0	0	0	
770	2026-05-08 06:08:30.918	2026-05-08 06:08:30.981	5	0	0	0	0	0	0	0	0	0	0	0	0	
770	2026-05-08 06:08:31.059	2026-05-08 06:08:31.105	5	0	0	0	0	0	0	0	0	0	0	0	0	
770	2026-05-08 06:09:04.521	2026-05-08 06:09:04.552	5	0	0	0	0	0	0	0	0	0	0	0	0	
770	2026-05-08 06:09:04.723	2026-05-08 06:09:04.755	5	0	0	0	0	0	0	0	0	0	0	0	0	
770	2026-05-08 06:09:33.599	2026-05-08 06:09:33.615	5	0	0	0	0	0	0	0	0	0	0	0	0	
770	2026-05-08 06:13:37.724	2026-05-08 06:13:42.778	5	0	0	0	0	34	1.85300004482269	4.6232081	0	0	0	0	0	2026-05-08 06:13:38.145
770	2026-05-08 06:13:44.853	2026-05-08 06:13:44.931	6	0	0	0	0	0	0	0	0	0	0	0	0	
770	2026-05-08 06:13:45.040	2026-05-08 06:13:47.053	6	0	0	0	0	0	0	0	0	0	0	0	0	
784	2026-05-08 06:24:35.374	2026-05-08 06:24:41.521	6	0	0	0	0	59	1.62399995326996	5.6472099	0	0	0	0	0	2026-05-08 06:24:35.733
783	2026-05-08 06:21:02.075	2026-05-08 06:21:02.169	3	0	0	0	0	0	0	0	0	0	0	0	0	
783	2026-05-08 06:21:02.340	2026-05-08 06:21:02.434	3	0	0	0	0	0	0	0	0	0	0	0	0	
771	2026-05-08 06:00:33.074	2026-05-08 06:00:33.760	7	0	0	0	0	0	0	0	0	0	0	0	0	
771	2026-05-08 06:00:39.407	2026-05-08 06:00:40.374	7	0	0	0	0	0	0	0	0	0	0	0	0	
771	2026-05-08 06:00:45.819	2026-05-08 06:00:45.928	7	0	0	0	0	0	0	0	0	0	0	0	0	
771	2026-05-08 06:00:47.223	2026-05-08 06:00:47.270	7	0	0	0	0	0	0	0	0	0	0	0	0	
771	2026-05-08 06:00:47.472	2026-05-08 06:00:47.504	7	0	0	0	0	0	0	0	0	0	0	0	0	
771	2026-05-08 06:00:48.128	2026-05-08 06:00:48.174	7	0	0	0	0	0	0	0	0	0	0	0	0	
771	2026-05-08 06:00:48.486	2026-05-08 06:00:48.658	7	0	0	0	0	0	0	0	0	0	0	0	0	
771	2026-05-08 06:00:48.814	2026-05-08 06:00:48.970	7	0	0	0	0	0	0	0	0	0	0	0	0	
771	2026-05-08 06:00:49.157	2026-05-08 06:00:49.469	7	0	0	0	0	0	0	0	0	0	0	0	0	
771	2026-05-08 06:00:50.078	2026-05-08 06:00:50.218	7	0	0	0	0	0	0	0	0	0	0	0	0	
771	2026-05-08 06:00:53.868	2026-05-08 06:00:53.900	7	0	0	0	0	0	0	0	0	0	0	0	0	
771	2026-05-08 06:00:54.305	2026-05-08 06:00:54.555	7	0	0	0	0	0	0	0	0	0	0	0	0	
771	2026-05-08 06:00:54.976	2026-05-08 06:00:55.319	7	0	0	0	0	0	0	0	0	0	0	0	0	
771	2026-05-08 06:00:56.801	2026-05-08 06:00:59.687	7	0	0	0	0	0	0	0	0	0	0	0	0	
771	2026-05-08 06:01:01.091	2026-05-08 06:01:01.138	7	0	0	0	0	0	0	0	0	0	0	0	0	
771	2026-05-08 06:01:02.511	2026-05-08 06:01:11.200	7	0	0	0	0	0	0	0	0	0	0	0	0	
771	2026-05-08 06:01:11.231	2026-05-08 06:01:27.955	7	0	0	0	0	0	0	0	0	0	0	0	0	
771	2026-05-08 06:01:28.017	2026-05-08 06:01:28.079	7	0	0	0	0	0	0	0	0	0	0	0	0	
771	2026-05-08 06:09:36.485	2026-05-08 06:09:36.657	7	0	0	0	0	0	0	0	0	0	0	0	0	
771	2026-05-08 06:09:38.497	2026-05-08 06:09:39.043	7	0	0	0	0	0	0	0	0	0	0	0	0	
771	2026-05-08 06:09:40.884	2026-05-08 06:09:40.900	7	0	0	0	0	0	0	0	0	0	0	0	0	
771	2026-05-08 06:09:41.664	2026-05-08 06:09:41.789	8	0	0	0	0	0	0	0	0	0	0	0	0	
771	2026-05-08 06:09:48.435	2026-05-08 06:09:48.450	7	0	0	0	0	0	0	0	0	0	0	0	0	
771	2026-05-08 06:09:54.269	2026-05-08 06:09:54.565	8	0	0	0	0	0	0	0	0	0	0	0	0	
771	2026-05-08 06:09:54.784	2026-05-08 06:09:59.511	8	0	0	0	0	19	0.266000000759959	2.756205	0	0	0	0	0	2026-05-08 06:09:55.267
771	2026-05-08 06:10:10.961	2026-05-08 06:10:11.023	7	0	0	0	0	0	0	0	0	0	0	0	0	
771	2026-05-08 06:10:11.055	2026-05-08 06:10:11.117	7	0	0	0	0	0	0	0	0	0	0	0	0	
771	2026-05-08 06:10:12.880	2026-05-08 06:11:33.282	7	0	0	0	0	0	0	0	0	0	0	0	0	
771	2026-05-08 06:12:07.384	2026-05-08 06:12:07.431	7	0	0	0	0	0	0	0	0	0	0	0	0	
771	2026-05-08 06:12:08.648	2026-05-08 06:13:36.367	7	0	0	0	0	0	0	0	0	0	0	0	0	
771	2026-05-08 06:15:09.546	2026-05-08 06:15:09.592	7	0	0	0	0	0	0	0	0	0	0	0	0	
771	2026-05-08 06:15:09.733	2026-05-08 06:15:09.842	7	0	0	0	0	0	0	0	0	0	0	0	0	
771	2026-05-08 06:15:10.123	2026-05-08 06:15:10.170	7	0	0	0	0	0	0	0	0	0	0	0	0	
771	2026-05-08 06:15:10.918	2026-05-08 06:15:10.965	7	0	0	0	0	0	0	0	0	0	0	0	0	
771	2026-05-08 06:15:11.371	2026-05-08 06:15:11.558	7	0	0	0	0	0	0	0	0	0	0	0	0	
771	2026-05-08 06:15:11.730	2026-05-08 06:15:11.808	7	0	0	0	0	0	0	0	0	0	0	0	0	
771	2026-05-08 06:15:12.541	2026-05-08 06:15:12.900	7	0	0	0	0	0	0	0	0	0	0	0	0	
771	2026-05-08 06:20:12.373	2026-05-08 06:20:12.420	7	0	0	0	0	0	0	0	0	0	0	0	0	
771	2026-05-08 06:21:06.490	2026-05-08 06:22:22.384	7	0	0	0	0	0	0	0	0	0	0	0	0	
771	2026-05-08 06:22:22.914	2026-05-08 06:26:53.434	7	0	0	0	0	0	0	0	0	0	0	0	0	
771	2026-05-08 06:26:53.653	2026-05-08 06:26:53.762	7	0	0	0	0	0	0	0	0	0	0	0	0	
771	2026-05-08 06:26:53.887	2026-05-08 06:26:53.918	7	0	0	0	0	0	0	0	0	0	0	0	0	
771	2026-05-08 06:26:54.012	2026-05-08 06:26:54.292	7	0	0	0	0	0	0	0	0	0	0	0	0	
771	2026-05-08 06:26:54.698	2026-05-08 06:26:55.665	7	0	0	0	0	0	0	0	0	0	0	0	0	
771	2026-05-08 06:26:58.239	2026-05-08 06:26:58.520	7	0	0	0	0	0	0	0	0	0	0	0	0	
771	2026-05-08 06:27:01.110	2026-05-08 06:27:01.312	8	0	0	0	0	0	0	0	0	0	0	0	0	
786	2026-05-08 06:26:02.859	2026-05-08 06:26:03.733	4	0	0	0	0	0	0	0	0	0	0	0	0	
786	2026-05-08 06:26:03.249	2026-05-08 06:26:04.092	3	0	0	0	0	0	0	0	0	0	0	0	0	
786	2026-05-08 06:26:07.555	2026-05-08 06:26:19.941	3	0	0	0	0	98	5.97700023651123	12.0120211	0	0	0	0	0	2026-05-08 06:26:07.820
786	2026-05-08 06:26:29.426	2026-05-08 06:26:29.722	4	0	0	0	0	0	0	0	0	0	0	0	0	
786	2026-05-08 06:26:29.956	2026-05-08 06:26:30.658	4	0	0	0	0	0	0	0	0	0	0	0	0	
786	2026-05-08 06:27:30.126	2026-05-08 06:27:32.201	4	0	0	0	0	0	0	0	0	0	0	0	0	
786	2026-05-08 06:28:07.254	2026-05-08 06:28:07.316	4	0	0	0	0	0	0	0	0	0	0	0	0	
786	2026-05-08 06:28:07.987	2026-05-08 06:28:08.034	4	0	0	0	0	0	0	0	0	0	0	0	0	
786	2026-05-08 06:28:08.658	2026-05-08 06:28:08.845	4	0	0	0	0	0	0	0	0	0	0	0	0	
786	2026-05-08 06:28:09.001	2026-05-08 06:28:09.032	4	0	0	0	0	0	0	0	0	0	0	0	0	
786	2026-05-08 06:28:09.719	2026-05-08 06:28:09.890	4	0	0	0	0	0	0	0	0	0	0	0	0	
786	2026-05-08 06:28:10.062	2026-05-08 06:28:11.247	4	0	0	0	0	0	0	0	0	0	0	0	0	
788	2026-05-08 06:28:40.201	2026-05-08 06:28:40.263	4	0	0	0	0	0	0	0	0	0	0	0	0	
788	2026-05-08 06:28:42.167	2026-05-08 06:28:42.447	4	0	0	0	0	0	0	0	0	0	0	0	0	
788	2026-05-08 06:28:44.101	2026-05-08 06:28:45.006	4	0	0	0	0	0	0	0	0	0	0	0	0	
788	2026-05-08 06:29:20.761	2026-05-08 06:29:29.638	3	0	0	0	0	64	2.99600005149841	8.0496142	0	0	0	0	0	2026-05-08 06:29:21.291
788	2026-05-08 06:29:33.803	2026-05-08 06:29:33.865	4	0	0	0	0	0	0	0	0	0	0	0	0	
788	2026-05-08 06:29:35.394	2026-05-08 06:29:35.581	4	0	0	0	0	0	0	0	0	0	0	0	0	
790	2026-05-08 06:30:27.046	2026-05-08 06:30:27.108	1	0	0	0	0	0	0	0	0	0	0	0	0	
790	2026-05-08 06:30:29.292	2026-05-08 06:30:38.886	1	0	0	0	0	76	3.48600009083748	8.0340142	0	0	0	0	0	2026-05-08 06:30:29.588
790	2026-05-08 06:30:49.978	2026-05-08 06:30:50.102	2	0	0	0	0	0	0	0	0	0	0	0	0	
790	2026-05-08 06:30:50.212	2026-05-08 06:30:50.430	2	0	0	0	0	0	0	0	0	0	0	0	0	
790	2026-05-08 06:30:50.508	2026-05-08 06:30:51.101	2	0	0	0	0	0	0	0	0	0	0	0	0	
790	2026-05-08 06:30:51.335	2026-05-08 06:32:57.367	2	0	0	0	0	0	0	0	0	0	0	0	0	
790	2026-05-08 06:33:42.467	2026-05-08 06:33:43.450	1	0	0	0	0	0	0	0	0	0	0	0	0	
790	2026-05-08 06:35:13.743	2026-05-08 06:35:13.790	1	0	0	0	0	0	0	0	0	0	0	0	0	
790	2026-05-08 06:35:14.211	2026-05-08 06:35:16.645	1	0	0	0	0	0	0	0	0	0	0	0	0	
789	2026-05-08 06:29:55.112	2026-05-08 06:30:07.842	8	0	0	0	0	24	0.336000010371208	4.383608	0	0	0	0	0	2026-05-08 06:29:56.236
789	2026-05-08 06:30:12.631	2026-05-08 06:30:13.037	7	0	0	0	0	0	0	0	0	0	0	0	0	
792	2026-05-08 06:35:23.228	2026-05-08 06:35:23.415	2	0	0	0	0	0	0	0	0	0	0	0	0	
792	2026-05-08 06:35:22.370	2026-05-08 06:36:10.855	1	0	0	0	0	0	0	0	0	0	0	0	0	
787	2026-05-08 06:28:07.309	2026-05-08 06:28:14.664	5	0	0	0	0	0	0	0	0	0	0	0	0	
787	2026-05-08 06:37:07.873	2026-05-08 06:37:08.325	6	0	0	0	0	0	0	0	0	0	0	0	0	
787	2026-05-08 06:39:02.190	2026-05-08 06:39:02.205	6	0	0	0	0	0	0	0	0	0	0	0	0	
787	2026-05-08 06:39:23.187	2026-05-08 06:39:30.155	5	0	0	0	0	48	2.35199999809265	6.3024111	0	0	0	0	0	2026-05-08 06:39:23.765
795	2026-05-08 06:39:54.153	2026-05-08 06:40:04.278	6	0	0	0	0	18	0.252000002190471	3.447606	0	0	0	0	0	2026-05-08 06:39:55.448
795	2026-05-08 06:40:10.877	2026-05-08 06:40:11.079	6	0	0	0	0	0	0	0	0	0	0	0	0	
795	2026-05-08 06:40:11.033	2026-05-08 06:40:11.454	5	0	0	0	0	0	0	0	0	0	0	0	0	
795	2026-05-08 06:40:15.151	2026-05-08 06:40:17.319	5	0	0	0	0	11	0.504000008106232	1.2636023	0	0	0	0	0	2026-05-08 06:40:15.541
795	2026-05-08 06:40:19.691	2026-05-08 06:40:20.767	6	0	0	0	0	0	0	0	0	0	0	0	0	
795	2026-05-08 06:40:20.814	2026-05-08 06:40:20.861	6	0	0	0	0	0	0	0	0	0	0	0	0	
795	2026-05-08 06:40:21.079	2026-05-08 06:40:21.204	6	0	0	0	0	0	0	0	0	0	0	0	0	
793	2026-05-08 06:37:11.086	2026-05-08 06:37:11.133	1	0	0	0	0	0	0	0	0	0	0	0	0	
793	2026-05-08 06:38:01.693	2026-05-08 06:38:01.771	2	0	0	0	0	0	0	0	0	0	0	0	0	
793	2026-05-08 06:39:34.217	2026-05-08 06:39:37.789	2	0	0	0	0	7	0.0980000011622906	1.1856021	0	0	0	0	0	2026-05-08 06:39:35.527
793	2026-05-08 06:40:43.169	2026-05-08 06:40:43.434	1	0	0	0	0	0	0	0	0	0	0	0	0	
793	2026-05-08 06:41:09.455	2026-05-08 06:41:09.517	1	0	0	0	0	0	0	0	0	0	0	0	0	
793	2026-05-08 06:41:09.845	2026-05-08 06:41:10.360	1	0	0	0	0	0	0	0	0	0	0	0	0	
793	2026-05-08 06:41:10.687	2026-05-08 06:41:11.046	1	0	0	0	0	0	0	0	0	0	0	0	0	
793	2026-05-08 06:41:46.427	2026-05-08 06:41:46.458	1	0	0	0	0	0	0	0	0	0	0	0	0	
793	2026-05-08 06:41:46.583	2026-05-08 06:41:46.598	1	0	0	0	0	0	0	0	0	0	0	0	0	
793	2026-05-08 06:41:47.035	2026-05-08 06:41:47.347	1	0	0	0	0	0	0	0	0	0	0	0	0	
797	2026-05-08 06:41:59.858	2026-05-08 06:42:05.428	1	0	0	0	0	13	0.182000001892447	2.1136036	0	0	0	0	0	2026-05-08 06:42:00.436
797	2026-05-08 06:42:08.626	2026-05-08 06:42:09.156	1	0	0	0	0	0	0	0	0	0	0	0	0	
791	2026-05-08 06:33:01.018	2026-05-08 06:33:08.350	3	0	0	0	0	33	0.490000003948808	4.6408081	0	0	0	0	0	2026-05-08 06:33:01.533
791	2026-05-08 06:33:34.964	2026-05-08 06:33:35.057	3	0	0	0	0	0	0	0	0	0	0	0	0	
791	2026-05-08 06:33:35.650	2026-05-08 06:33:35.697	3	0	0	0	0	0	0	0	0	0	0	0	0	
791	2026-05-08 06:33:35.837	2026-05-08 06:33:35.868	3	0	0	0	0	0	0	0	0	0	0	0	0	
791	2026-05-08 06:33:35.993	2026-05-08 06:33:36.056	3	0	0	0	0	0	0	0	0	0	0	0	0	
791	2026-05-08 06:33:36.305	2026-05-08 06:33:36.430	3	0	0	0	0	0	0	0	0	0	0	0	0	
791	2026-05-08 06:33:36.524	2026-05-08 06:33:37.397	3	0	0	0	0	0	0	0	0	0	0	0	0	
791	2026-05-08 06:33:37.506	2026-05-08 06:33:38.099	3	0	0	0	0	0	0	0	0	0	0	0	0	
791	2026-05-08 06:33:38.442	2026-05-08 06:33:39.004	3	0	0	0	0	0	0	0	0	0	0	0	0	
791	2026-05-08 06:33:39.222	2026-05-08 06:33:39.503	3	0	0	0	0	0	0	0	0	0	0	0	0	
791	2026-05-08 06:33:44.604	2026-05-08 06:33:44.682	3	0	0	0	0	0	0	0	0	0	0	0	0	
791	2026-05-08 06:33:47.506	2026-05-08 06:33:47.771	3	0	0	0	0	0	0	0	0	0	0	0	0	
791	2026-05-08 06:41:53.462	2026-05-08 06:41:53.728	4	0	0	0	0	0	0	0	0	0	0	0	0	
791	2026-05-08 06:41:47.659	2026-05-08 06:41:54.492	3	0	0	0	0	0	0	0	0	0	0	0	0	
791	2026-05-08 06:41:54.679	2026-05-08 06:41:54.726	4	0	0	0	0	0	0	0	0	0	0	0	0	
799	2026-05-08 06:43:46.812	2026-05-08 06:43:46.953	4	0	0	0	0	0	0	0	0	0	0	0	0	
799	2026-05-08 06:43:47.077	2026-05-08 06:43:47.140	4	0	0	0	0	0	0	0	0	0	0	0	0	
799	2026-05-08 06:43:47.311	2026-05-08 06:43:47.436	4	0	0	0	0	0	0	0	0	0	0	0	0	
799	2026-05-08 06:43:47.561	2026-05-08 06:43:48.107	4	0	0	0	0	0	0	0	0	0	0	0	0	
796	2026-05-08 06:41:00.469	2026-05-08 06:41:04.650	5	0	0	0	0	29	1.3860000371933	3.7908067	0	0	0	0	0	2026-05-08 06:41:00.859
796	2026-05-08 06:41:06.506	2026-05-08 06:41:06.740	5	0	0	0	0	0	0	0	0	0	0	0	0	
800	2026-05-08 06:44:12.349	2026-05-08 06:44:12.973	3	0	0	0	0	0	0	0	0	0	0	0	0	
800	2026-05-08 06:44:17.217	2026-05-08 06:44:17.731	3	0	0	0	0	0	0	0	0	0	0	0	0	
800	2026-05-08 06:44:20.805	2026-05-08 06:44:22.099	3	0	0	0	0	0	0	0	0	0	0	0	0	
800	2026-05-08 06:44:22.552	2026-05-08 06:44:22.879	3	0	0	0	0	0	0	0	0	0	0	0	0	
800	2026-05-08 06:44:23.597	2026-05-08 06:44:23.659	3	0	0	0	0	0	0	0	0	0	0	0	0	
801	2026-05-08 06:45:51.269	2026-05-08 06:46:04.950	6	0	0	0	0	0	0	0	0	0	0	0	0	
801	2026-05-08 06:46:06.947	2026-05-08 06:46:07.025	6	0	0	0	0	0	0	0	0	0	0	0	0	
801	2026-05-08 06:47:48.753	2026-05-08 06:47:50.375	6	0	0	0	0	0	0	0	0	0	0	0	0	
801	2026-05-08 06:47:52.060	2026-05-08 06:47:52.091	6	0	0	0	0	0	0	0	0	0	0	0	0	
798	2026-05-08 06:43:06.315	2026-05-08 06:43:11.821	1	0	0	0	0	39	1.90399998612702	4.8828085	0	0	0	0	0	2026-05-08 06:43:06.751
798	2026-05-08 06:43:12.757	2026-05-08 06:43:13.132	1	0	0	0	0	0	0	0	0	0	0	0	0	
798	2026-05-08 06:43:14.988	2026-05-08 06:43:15.019	1	0	0	0	0	0	0	0	0	0	0	0	0	
798	2026-05-08 06:43:17.063	2026-05-08 06:43:17.999	1	0	0	0	0	0	0	0	0	0	0	0	0	
798	2026-05-08 06:43:23.880	2026-05-08 06:43:30.573	2	0	0	0	0	43	1.07800002396107	4.7530082	0	0	0	0	0	2026-05-08 06:43:24.255
798	2026-05-08 06:45:53.157	2026-05-08 06:45:53.188	2	0	0	0	0	0	0	0	0	0	0	0	0	
798	2026-05-08 06:45:53.297	2026-05-08 06:45:53.422	2	0	0	0	0	0	0	0	0	0	0	0	0	
798	2026-05-08 06:45:53.547	2026-05-08 06:45:53.625	2	0	0	0	0	0	0	0	0	0	0	0	0	
798	2026-05-08 06:45:54.888	2026-05-08 06:45:55.076	2	0	0	0	0	0	0	0	0	0	0	0	0	
798	2026-05-08 06:45:55.107	2026-05-08 06:45:55.278	2	0	0	0	0	0	0	0	0	0	0	0	0	
798	2026-05-08 06:45:55.325	2026-05-08 06:45:55.528	2	0	0	0	0	0	0	0	0	0	0	0	0	
798	2026-05-08 06:45:55.856	2026-05-08 06:45:55.902	2	0	0	0	0	0	0	0	0	0	0	0	0	
803	2026-05-08 06:48:16.334	2026-05-08 06:48:23.229	2	0	0	0	0	18	0.252000004053116	2.839205	0	0	0	0	0	2026-05-08 06:48:16.895
806	2026-05-08 06:50:15.175	2026-05-08 06:50:15.315	6	0	0	0	0	0	0	0	0	0	0	0	0	
802	2026-05-08 06:44:51.693	2026-05-08 06:45:01.817	3	0	0	0	0	75	3.83599996566772	9.5004167	0	0	0	0	0	2026-05-08 06:44:52.052
802	2026-05-08 06:47:22.826	2026-05-08 06:49:27.782	3	0	0	0	0	0	0	0	0	0	0	0	0	
802	2026-05-08 06:49:40.200	2026-05-08 06:49:40.246	3	0	0	0	0	0	0	0	0	0	0	0	0	
802	2026-05-08 06:49:40.527	2026-05-08 06:49:41.214	3	0	0	0	0	0	0	0	0	0	0	0	0	
805	2026-05-08 06:48:43.104	2026-05-08 06:48:43.306	1	0	0	0	0	0	0	0	0	0	0	0	0	
805	2026-05-08 06:49:14.959	2026-05-08 06:49:15.052	2	0	0	0	0	0	0	0	0	0	0	0	0	
805	2026-05-08 06:49:33.679	2026-05-08 06:49:42.711	2	0	0	0	0	65	3.20599991083145	8.3928149	0	0	0	0	0	2026-05-08 06:49:33.991
805	2026-05-08 06:51:24.891	2026-05-08 06:51:24.938	2	0	0	0	0	0	0	0	0	0	0	0	0	
805	2026-05-08 06:51:26.108	2026-05-08 06:51:26.389	2	0	0	0	0	0	0	0	0	0	0	0	0	
805	2026-05-08 06:51:40.647	2026-05-08 06:51:40.741	1	0	0	0	0	0	0	0	0	0	0	0	0	
805	2026-05-08 06:51:40.788	2026-05-08 06:51:44.891	1	0	0	0	0	19	0.349999997764826	2.3868042	0	0	0	0	0	2026-05-08 06:51:42.145
794	2026-05-08 06:37:23.754	2026-05-08 06:37:24.393	7	0	0	0	0	0	0	0	0	0	0	0	0	
794	2026-05-08 06:53:23.998	2026-05-08 06:53:24.138	7	0	0	0	0	0	0	0	0	0	0	0	0	
794	2026-05-08 06:53:24.514	2026-05-08 06:53:24.528	7	0	0	0	0	0	0	0	0	0	0	0	0	
794	2026-05-08 06:53:24.622	2026-05-08 06:53:24.809	7	0	0	0	0	0	0	0	0	0	0	0	0	
794	2026-05-08 06:53:24.996	2026-05-08 06:53:26.790	7	0	0	0	0	0	0	0	0	0	0	0	0	
794	2026-05-08 06:56:44.552	2026-05-08 06:56:56.361	7	0	0	0	0	40	0.854000005871058	6.2400108	0	0	0	0	0	2026-05-08 06:56:45.176
810	2026-05-08 06:56:58.436	2026-05-08 06:56:58.545	8	0	0	0	0	0	0	0	0	0	0	0	0	
810	2026-05-08 06:56:58.904	2026-05-08 06:57:00.869	7	0	0	0	0	0	0	0	0	0	0	0	0	
810	2026-05-08 06:57:08.435	2026-05-08 06:57:08.903	7	0	0	0	0	0	0	0	0	0	0	0	0	
807	2026-05-08 06:51:30.741	2026-05-08 06:51:30.851	5	0	0	0	0	0	0	0	0	0	0	0	0	
807	2026-05-08 06:51:30.944	2026-05-08 06:51:32.021	5	0	0	0	0	0	0	0	0	0	0	0	0	
807	2026-05-08 06:52:44.062	2026-05-08 06:52:44.155	6	0	0	0	0	0	0	0	0	0	0	0	0	
807	2026-05-08 06:54:27.162	2026-05-08 06:54:27.271	6	0	0	0	0	0	0	0	0	0	0	0	0	
807	2026-05-08 06:54:27.365	2026-05-08 06:54:27.786	6	0	0	0	0	0	0	0	0	0	0	0	0	
807	2026-05-08 06:54:38.550	2026-05-08 06:54:38.847	6	0	0	0	0	0	0	0	0	0	0	0	0	
807	2026-05-08 06:54:38.956	2026-05-08 06:54:39.143	6	0	0	0	0	0	0	0	0	0	0	0	0	
807	2026-05-08 06:54:39.299	2026-05-08 06:54:39.549	6	0	0	0	0	0	0	0	0	0	0	0	0	
807	2026-05-08 06:54:39.673	2026-05-08 06:54:41.171	6	0	0	0	0	0	0	0	0	0	0	0	0	
807	2026-05-08 06:54:41.280	2026-05-08 06:54:41.421	6	0	0	0	0	0	0	0	0	0	0	0	0	
807	2026-05-08 06:54:43.449	2026-05-08 06:54:43.542	6	0	0	0	0	0	0	0	0	0	0	0	0	
807	2026-05-08 06:54:43.651	2026-05-08 06:54:44.010	6	0	0	0	0	0	0	0	0	0	0	0	0	
807	2026-05-08 06:54:44.166	2026-05-08 06:54:44.244	6	0	0	0	0	0	0	0	0	0	0	0	0	
807	2026-05-08 06:54:44.431	2026-05-08 06:54:44.478	6	0	0	0	0	0	0	0	0	0	0	0	0	
807	2026-05-08 06:54:44.697	2026-05-08 06:54:44.743	6	0	0	0	0	0	0	0	0	0	0	0	0	
807	2026-05-08 06:55:08.097	2026-05-08 06:55:08.128	6	0	0	0	0	0	0	0	0	0	0	0	0	
807	2026-05-08 06:55:08.159	2026-05-08 06:55:08.331	6	0	0	0	0	0	0	0	0	0	0	0	0	
807	2026-05-08 06:55:08.346	2026-05-08 06:55:08.549	6	0	0	0	0	0	0	0	0	0	0	0	0	
807	2026-05-08 06:55:08.580	2026-05-08 06:55:08.721	6	0	0	0	0	0	0	0	0	0	0	0	0	
807	2026-05-08 06:55:09.017	2026-05-08 06:55:09.173	6	0	0	0	0	0	0	0	0	0	0	0	0	
807	2026-05-08 06:55:13.962	2026-05-08 06:55:14.493	6	0	0	0	0	0	0	0	0	0	0	0	0	
807	2026-05-08 06:55:14.602	2026-05-08 06:55:14.664	6	0	0	0	0	0	0	0	0	0	0	0	0	
807	2026-05-08 06:55:21.856	2026-05-08 06:55:22.027	6	0	0	0	0	0	0	0	0	0	0	0	0	
807	2026-05-08 06:55:22.714	2026-05-08 06:55:22.807	6	0	0	0	0	0	0	0	0	0	0	0	0	
807	2026-05-08 06:55:22.917	2026-05-08 06:55:22.979	6	0	0	0	0	0	0	0	0	0	0	0	0	
807	2026-05-08 06:55:23.088	2026-05-08 06:55:23.525	6	0	0	0	0	0	0	0	0	0	0	0	0	
807	2026-05-08 06:55:23.619	2026-05-08 06:55:23.697	6	0	0	0	0	0	0	0	0	0	0	0	0	
807	2026-05-08 06:55:23.868	2026-05-08 06:55:26.473	6	0	0	0	0	0	0	0	0	0	0	0	0	
807	2026-05-08 06:55:26.598	2026-05-08 06:55:26.863	6	0	0	0	0	0	0	0	0	0	0	0	0	
807	2026-05-08 06:55:26.973	2026-05-08 06:55:27.051	6	0	0	0	0	0	0	0	0	0	0	0	0	
807	2026-05-08 06:55:27.144	2026-05-08 06:55:27.253	6	0	0	0	0	0	0	0	0	0	0	0	0	
807	2026-05-08 06:55:27.347	2026-05-08 06:55:27.519	6	0	0	0	0	0	0	0	0	0	0	0	0	
807	2026-05-08 06:55:27.581	2026-05-08 06:55:27.628	6	0	0	0	0	0	0	0	0	0	0	0	0	
807	2026-05-08 06:55:27.737	2026-05-08 06:55:37.237	6	0	0	0	0	0	0	0	0	0	0	0	0	
807	2026-05-08 06:55:41.527	2026-05-08 06:55:49.546	6	0	0	0	0	0	0	0	0	0	0	0	0	
807	2026-05-08 06:55:50.061	2026-05-08 06:55:50.154	6	0	0	0	0	0	0	0	0	0	0	0	0	
807	2026-05-08 06:55:50.217	2026-05-08 06:55:50.310	6	0	0	0	0	0	0	0	0	0	0	0	0	
807	2026-05-08 06:55:50.575	2026-05-08 06:55:50.669	6	0	0	0	0	0	0	0	0	0	0	0	0	
807	2026-05-08 06:55:51.964	2026-05-08 06:55:57.237	6	0	0	0	0	0	0	0	0	0	0	0	0	
807	2026-05-08 06:55:57.611	2026-05-08 06:55:58.407	6	0	0	0	0	0	0	0	0	0	0	0	0	
807	2026-05-08 06:55:58.625	2026-05-08 06:55:58.750	6	0	0	0	0	0	0	0	0	0	0	0	0	
807	2026-05-08 06:55:58.766	2026-05-08 06:55:58.890	6	0	0	0	0	0	0	0	0	0	0	0	0	
807	2026-05-08 06:56:05.786	2026-05-08 06:56:05.957	6	0	0	0	0	0	0	0	0	0	0	0	0	
807	2026-05-08 06:56:14.397	2026-05-08 06:56:15.099	6	0	0	0	0	0	0	0	0	0	0	0	0	
811	2026-05-08 06:57:11.602	2026-05-08 06:57:11.820	6	0	0	0	0	0	0	0	0	0	0	0	0	
811	2026-05-08 06:57:12.616	2026-05-08 06:57:12.819	6	0	0	0	0	0	0	0	0	0	0	0	0	
811	2026-05-08 06:57:12.912	2026-05-08 06:57:12.959	6	0	0	0	0	0	0	0	0	0	0	0	0	
811	2026-05-08 06:57:13.115	2026-05-08 06:57:13.256	6	0	0	0	0	0	0	0	0	0	0	0	0	
811	2026-05-08 06:57:14.457	2026-05-08 06:57:14.488	6	0	0	0	0	0	0	0	0	0	0	0	0	
811	2026-05-08 06:57:23.333	2026-05-08 06:57:23.364	6	0	0	0	0	0	0	0	0	0	0	0	0	
811	2026-05-08 06:57:23.411	2026-05-08 06:57:23.458	6	0	0	0	0	0	0	0	0	0	0	0	0	
811	2026-05-08 06:57:35.517	2026-05-08 06:57:36.344	6	0	0	0	0	0	0	0	0	0	0	0	0	
811	2026-05-08 06:57:36.796	2026-05-08 06:57:37.155	6	0	0	0	0	0	0	0	0	0	0	0	0	
811	2026-05-08 06:57:37.217	2026-05-08 06:57:37.264	6	0	0	0	0	0	0	0	0	0	0	0	0	
811	2026-05-08 06:57:37.420	2026-05-08 06:57:37.576	6	0	0	0	0	0	0	0	0	0	0	0	0	
811	2026-05-08 06:57:37.654	2026-05-08 06:57:37.702	6	0	0	0	0	0	0	0	0	0	0	0	0	
811	2026-05-08 06:57:37.716	2026-05-08 06:57:37.763	6	0	0	0	0	0	0	0	0	0	0	0	0	
811	2026-05-08 06:57:37.779	2026-05-08 06:57:37.872	6	0	0	0	0	0	0	0	0	0	0	0	0	
811	2026-05-08 06:57:37.997	2026-05-08 06:57:38.122	6	0	0	0	0	0	0	0	0	0	0	0	0	
811	2026-05-08 06:57:39.822	2026-05-08 06:57:39.838	6	0	0	0	0	0	0	0	0	0	0	0	0	
811	2026-05-08 06:57:39.885	2026-05-08 06:57:39.916	6	0	0	0	0	0	0	0	0	0	0	0	0	
811	2026-05-08 06:57:40.166	2026-05-08 06:57:40.384	6	0	0	0	0	0	0	0	0	0	0	0	0	
811	2026-05-08 06:57:40.400	2026-05-08 06:57:40.571	6	0	0	0	0	0	0	0	0	0	0	0	0	
811	2026-05-08 06:57:40.649	2026-05-08 06:57:40.712	6	0	0	0	0	0	0	0	0	0	0	0	0	
811	2026-05-08 06:57:41.398	2026-05-08 06:57:41.694	6	0	0	0	0	0	0	0	0	0	0	0	0	
811	2026-05-08 06:57:54.455	2026-05-08 06:57:54.502	6	0	0	0	0	0	0	0	0	0	0	0	0	
811	2026-05-08 06:57:54.643	2026-05-08 06:57:54.705	6	0	0	0	0	0	0	0	0	0	0	0	0	
812	2026-05-08 06:59:06.434	2026-05-08 06:59:06.449	7	0	0	0	0	0	0	0	0	0	0	0	0	
812	2026-05-08 06:59:07.807	2026-05-08 06:59:07.838	7	0	0	0	0	0	0	0	0	0	0	0	0	
814	2026-05-08 06:59:10.677	2026-05-08 06:59:10.755	6	0	0	0	0	0	0	0	0	0	0	0	0	
814	2026-05-08 06:59:10.849	2026-05-08 06:59:10.911	6	0	0	0	0	0	0	0	0	0	0	0	0	
814	2026-05-08 06:59:11.675	2026-05-08 06:59:12.175	6	0	0	0	0	0	0	0	0	0	0	0	0	
814	2026-05-08 06:59:36.417	2026-05-08 06:59:36.464	6	0	0	0	0	0	0	0	0	0	0	0	0	
814	2026-05-08 06:59:45.746	2026-05-08 06:59:48.008	6	0	0	0	0	0	0	0	0	0	0	0	0	
814	2026-05-08 06:59:48.211	2026-05-08 06:59:48.273	6	0	0	0	0	0	0	0	0	0	0	0	0	
814	2026-05-08 06:59:48.304	2026-05-08 06:59:50.223	6	0	0	0	0	0	0	0	0	0	0	0	0	
814	2026-05-08 06:59:50.270	2026-05-08 06:59:50.317	6	0	0	0	0	0	0	0	0	0	0	0	0	
814	2026-05-08 07:00:26.712	2026-05-08 07:00:26.805	6	0	0	0	0	0	0	0	0	0	0	0	0	
814	2026-05-08 07:00:27.148	2026-05-08 07:00:33.576	6	0	0	0	0	46	2.43600010871887	6.0684106	0	0	0	0	0	2026-05-08 07:00:27.460
815	2026-05-08 07:00:58.177	2026-05-08 07:00:58.192	5	0	0	0	0	0	0	0	0	0	0	0	0	
815	2026-05-08 07:01:00.189	2026-05-08 07:01:00.220	5	0	0	0	0	0	0	0	0	0	0	0	0	
815	2026-05-08 07:01:00.908	2026-05-08 07:01:00.922	5	0	0	0	0	0	0	0	0	0	0	0	0	
815	2026-05-08 07:01:02.935	2026-05-08 07:01:02.982	5	0	0	0	0	0	0	0	0	0	0	0	0	
815	2026-05-08 07:01:03.138	2026-05-08 07:01:03.340	5	0	0	0	0	0	0	0	0	0	0	0	0	
815	2026-05-08 07:01:03.403	2026-05-08 07:01:03.434	5	0	0	0	0	0	0	0	0	0	0	0	0	
815	2026-05-08 07:01:03.574	2026-05-08 07:01:03.606	5	0	0	0	0	0	0	0	0	0	0	0	0	
815	2026-05-08 07:01:03.746	2026-05-08 07:01:03.777	5	0	0	0	0	0	0	0	0	0	0	0	0	
815	2026-05-08 07:01:03.824	2026-05-08 07:01:03.824	5	0	0	0	0	0	0	0	0	0	0	0	0	
815	2026-05-08 07:01:04.120	2026-05-08 07:01:04.152	5	0	0	0	0	0	0	0	0	0	0	0	0	
815	2026-05-08 07:02:54.101	2026-05-08 07:02:56.144	5	0	0	0	0	0	0	0	0	0	0	0	0	
815	2026-05-08 07:02:58.016	2026-05-08 07:03:02.431	5	0	0	0	0	15	0.671999983489513	2.1996039	0	0	0	0	0	2026-05-08 07:02:58.266
809	2026-05-08 06:51:57.137	2026-05-08 06:51:58.088	4	0	0	0	0	0	0	0	0	0	0	0	0	
809	2026-05-08 06:53:45.463	2026-05-08 06:55:14.337	4	0	0	0	0	0	0	0	0	0	0	0	0	
809	2026-05-08 06:55:15.382	2026-05-08 06:55:47.877	4	0	0	0	0	0	0	0	0	0	0	0	0	
809	2026-05-08 06:55:48.079	2026-05-08 06:55:48.735	4	0	0	0	0	0	0	0	0	0	0	0	0	
809	2026-05-08 06:55:49.062	2026-05-08 06:55:49.327	4	0	0	0	0	0	0	0	0	0	0	0	0	
809	2026-05-08 06:59:50.551	2026-05-08 07:00:03.000	3	0	0	0	0	84	4.74599981307983	11.7780207	0	0	0	0	0	2026-05-08 06:59:51.003
809	2026-05-08 06:59:50.395	2026-05-08 07:00:03.062	4	0	0	0	0	0	0	0	0	0	0	0	0	
809	2026-05-08 07:00:25.963	2026-05-08 07:00:28.209	4	0	0	0	0	7	0.433999989181757	1.1700021	0	0	0	0	0	2026-05-08 07:00:26.384
809	2026-05-08 07:00:30.892	2026-05-08 07:00:31.064	3	0	0	0	0	0	0	0	0	0	0	0	0	
809	2026-05-08 07:00:36.306	2026-05-08 07:00:43.934	3	0	0	0	0	50	2.82799994945526	6.817212	0	0	0	0	0	2026-05-08 07:00:36.711
809	2026-05-08 07:03:04.989	2026-05-08 07:03:05.738	4	0	0	0	0	0	0	0	0	0	0	0	0	
809	2026-05-08 07:03:05.925	2026-05-08 07:03:06.159	4	0	0	0	0	0	0	0	0	0	0	0	0	
809	2026-05-08 07:03:06.705	2026-05-08 07:03:08.999	4	0	0	0	0	0	0	0	0	0	0	0	0	
809	2026-05-08 07:04:21.804	2026-05-08 07:04:21.866	4	0	0	0	0	0	0	0	0	0	0	0	0	
809	2026-05-08 07:04:29.464	2026-05-08 07:04:29.776	4	0	0	0	0	0	0	0	0	0	0	0	0	
809	2026-05-08 07:04:55.032	2026-05-08 07:04:58.948	3	0	0	0	0	20	0.951999999582767	2.9328051	0	0	0	0	0	2026-05-08 07:04:55.594
817	2026-05-08 07:04:51.616	2026-05-08 07:05:01.802	8	0	0	0	0	28	0.392000002786517	4.6318081	0	0	0	0	0	2026-05-08 07:04:52.661
817	2026-05-08 07:05:08.854	2026-05-08 07:05:08.994	8	0	0	0	0	0	0	0	0	0	0	0	0	
817	2026-05-08 07:05:11.474	2026-05-08 07:05:11.911	8	0	0	0	0	0	0	0	0	0	0	0	0	
817	2026-05-08 07:05:12.457	2026-05-08 07:05:12.535	7	0	0	0	0	0	0	0	0	0	0	0	0	
817	2026-05-08 07:05:17.324	2026-05-08 07:05:17.356	7	0	0	0	0	0	0	0	0	0	0	0	0	
817	2026-05-08 07:05:21.318	2026-05-08 07:05:22.129	7	0	0	0	0	0	0	0	0	0	0	0	0	
817	2026-05-08 07:05:22.160	2026-05-08 07:05:22.379	7	0	0	0	0	0	0	0	0	0	0	0	0	
817	2026-05-08 07:05:26.607	2026-05-08 07:05:26.716	7	0	0	0	0	0	0	0	0	0	0	0	0	
813	2026-05-08 06:58:06.233	2026-05-08 06:58:16.420	2	0	0	0	0	17	0.238000005483627	2.886005	0	0	0	0	0	2026-05-08 06:58:06.514
813	2026-05-08 06:58:19.057	2026-05-08 06:58:19.103	1	0	0	0	0	0	0	0	0	0	0	0	0	
813	2026-05-08 06:58:19.244	2026-05-08 06:58:19.618	1	0	0	0	0	0	0	0	0	0	0	0	0	
813	2026-05-08 06:58:19.790	2026-05-08 06:58:34.111	1	0	0	0	0	103	4.74600005894899	12.8856227	0	0	0	0	0	2026-05-08 06:58:20.383
813	2026-05-08 06:58:56.871	2026-05-08 06:58:56.933	1	0	0	0	0	0	0	0	0	0	0	0	0	
813	2026-05-08 06:58:57.183	2026-05-08 07:00:21.673	1	0	0	0	0	0	0	0	0	0	0	0	0	
813	2026-05-08 07:01:26.491	2026-05-08 07:01:29.112	2	0	0	0	0	20	0.798000007867813	2.230804	0	0	0	0	0	2026-05-08 07:01:26.818
813	2026-05-08 07:02:12.714	2026-05-08 07:02:13.275	2	0	0	0	0	0	0	0	0	0	0	0	0	
813	2026-05-08 07:02:13.821	2026-05-08 07:02:14.742	2	0	0	0	0	0	0	0	0	0	0	0	0	
813	2026-05-08 07:02:33.462	2026-05-08 07:02:36.145	2	0	0	0	0	19	0.853999972343445	2.3088041	0	0	0	0	0	2026-05-08 07:02:33.821
813	2026-05-08 07:03:04.896	2026-05-08 07:03:07.657	1	0	0	0	0	19	0.797999978065491	2.2464039	0	0	0	0	0	2026-05-08 07:03:05.286
813	2026-05-08 07:05:24.422	2026-05-08 07:05:24.719	2	0	0	0	0	0	0	0	0	0	0	0	0	
813	2026-05-08 07:05:25.015	2026-05-08 07:05:29.851	2	0	0	0	0	31	1.30199996754527	3.9000068	0	0	0	0	0	2026-05-08 07:05:25.265
821	2026-05-08 07:06:04.795	2026-05-08 07:06:05.014	8	0	0	0	0	0	0	0	0	0	0	0	0	
821	2026-05-08 07:06:05.123	2026-05-08 07:06:05.404	8	0	0	0	0	0	0	0	0	0	0	0	0	
821	2026-05-08 07:06:08.212	2026-05-08 07:06:13.032	7	0	0	0	0	28	0.448000000789762	3.6736065	0	0	0	0	0	2026-05-08 07:06:08.493
816	2026-05-08 07:03:36.517	2026-05-08 07:03:42.944	5	0	0	0	0	40	2.10000001639128	5.2572092	0	0	0	0	0	2026-05-08 07:03:36.751
816	2026-05-08 07:03:49.886	2026-05-08 07:03:49.918	5	0	0	0	0	0	0	0	0	0	0	0	0	
816	2026-05-08 07:04:13.130	2026-05-08 07:04:18.778	6	0	0	0	0	9	0.126000003889203	1.700403	0	0	0	0	0	2026-05-08 07:04:13.786
816	2026-05-08 07:04:41.897	2026-05-08 07:04:41.912	5	0	0	0	0	0	0	0	0	0	0	0	0	
822	2026-05-08 07:06:19.475	2026-05-08 07:06:19.803	8	0	0	0	0	0	0	0	0	0	0	0	0	
822	2026-05-08 07:06:23.250	2026-05-08 07:06:32.969	7	0	0	0	0	73	3.55599999427795	8.4864149	0	0	0	0	0	2026-05-08 07:06:24.389
823	2026-05-08 07:06:45.574	2026-05-08 07:06:45.901	5	0	0	0	0	0	0	0	0	0	0	0	0	
823	2026-05-08 07:06:59.614	2026-05-08 07:06:59.723	5	0	0	0	0	0	0	0	0	0	0	0	0	
820	2026-05-08 07:06:05.669	2026-05-08 07:06:06.153	2	0	0	0	0	0	0	0	0	0	0	0	0	
820	2026-05-08 07:06:14.592	2026-05-08 07:06:14.623	2	0	0	0	0	0	0	0	0	0	0	0	0	
820	2026-05-08 07:06:20.239	2026-05-08 07:06:20.271	2	0	0	0	0	0	0	0	0	0	0	0	0	
820	2026-05-08 07:06:27.883	2026-05-08 07:06:28.383	2	0	0	0	0	0	0	0	0	0	0	0	0	
820	2026-05-08 07:06:31.222	2026-05-08 07:06:31.378	2	0	0	0	0	0	0	0	0	0	0	0	0	
825	2026-05-08 07:07:20.690	2026-05-08 07:07:20.924	6	0	0	0	0	0	0	0	0	0	0	0	0	
825	2026-05-08 07:07:21.017	2026-05-08 07:07:21.126	6	0	0	0	0	0	0	0	0	0	0	0	0	
825	2026-05-08 07:07:24.730	2026-05-08 07:07:24.808	5	0	0	0	0	0	0	0	0	0	0	0	0	
825	2026-05-08 07:07:26.056	2026-05-08 07:07:26.103	5	0	0	0	0	0	0	0	0	0	0	0	0	
825	2026-05-08 07:07:26.633	2026-05-08 07:07:26.727	5	0	0	0	0	0	0	0	0	0	0	0	0	
825	2026-05-08 07:07:26.774	2026-05-08 07:07:26.852	5	0	0	0	0	0	0	0	0	0	0	0	0	
825	2026-05-08 07:07:27.179	2026-05-08 07:07:34.698	5	0	0	0	0	43	2.0299999602139	6.0358108	0	0	0	0	0	2026-05-08 07:07:27.569
825	2026-05-08 07:08:09.908	2026-05-08 07:08:09.939	5	0	0	0	0	0	0	0	0	0	0	0	0	
825	2026-05-08 07:08:09.986	2026-05-08 07:08:13.012	5	0	0	0	0	1	0.0419999994337559	0.2184004	0	0	0	0	0	2026-05-08 07:08:10.251
827	2026-05-08 07:10:28.139	2026-05-08 07:10:28.623	2	0	0	0	0	0	0	0	0	0	0	0	0	
827	2026-05-08 07:10:36.844	2026-05-08 07:10:36.938	1	0	0	0	0	0	0	0	0	0	0	0	0	
828	2026-05-08 07:10:40.651	2026-05-08 07:10:40.791	1	0	0	0	0	0	0	0	0	0	0	0	0	
826	2026-05-08 07:09:27.003	2026-05-08 07:09:35.521	6	0	0	0	0	67	3.48600006103516	8.1120143	0	0	0	0	0	2026-05-08 07:09:27.393
826	2026-05-08 07:09:49.592	2026-05-08 07:09:52.899	6	0	0	0	0	24	1.34399998188019	2.9328051	0	0	0	0	0	2026-05-08 07:09:49.919
826	2026-05-08 07:10:34.130	2026-05-08 07:10:34.161	5	0	0	0	0	0	0	0	0	0	0	0	0	
826	2026-05-08 07:10:37.078	2026-05-08 07:10:39.715	5	0	0	0	0	1	0.0700000002980232	0.2964005	0	0	0	0	0	2026-05-08 07:10:37.655
830	2026-05-08 07:11:07.374	2026-05-08 07:11:07.779	5	0	0	0	0	0	0	0	0	0	0	0	0	
830	2026-05-08 07:11:09.136	2026-05-08 07:11:14.986	5	0	0	0	0	1	0.0419999994337559	0.2184004	0	0	0	0	0	2026-05-08 07:11:11.804
830	2026-05-08 07:11:19.666	2026-05-08 07:11:21.882	6	0	0	0	0	0	0	0	0	0	0	0	0	
829	2026-05-08 07:10:49.527	2026-05-08 07:10:50.089	1	0	0	0	0	0	0	0	0	0	0	0	0	
829	2026-05-08 07:10:50.104	2026-05-08 07:10:50.447	1	0	0	0	0	0	0	0	0	0	0	0	0	
829	2026-05-08 07:10:59.277	2026-05-08 07:11:02.381	2	0	0	0	0	1	0.0140000004321337	0.2184004	0	0	0	0	0	2026-05-08 07:10:59.683
829	2026-05-08 07:11:02.428	2026-05-08 07:11:04.659	2	0	0	0	0	0	0	0	0	0	0	0	0	
829	2026-05-08 07:11:14.955	2026-05-08 07:11:15.189	2	0	0	0	0	0	0	0	0	0	0	0	0	
829	2026-05-08 07:11:15.610	2026-05-08 07:11:15.813	2	0	0	0	0	0	0	0	0	0	0	0	0	
829	2026-05-08 07:11:15.891	2026-05-08 07:11:19.713	2	0	0	0	0	11	0.168000003322959	1.8876033	0	0	0	0	0	2026-05-08 07:11:16.312
833	2026-05-08 07:12:07.044	2026-05-08 07:12:07.309	1	0	0	0	0	0	0	0	0	0	0	0	0	
833	2026-05-08 07:12:07.496	2026-05-08 07:12:07.574	2	0	0	0	0	0	0	0	0	0	0	0	0	
833	2026-05-08 07:12:07.668	2026-05-08 07:12:07.730	2	0	0	0	0	0	0	0	0	0	0	0	0	
834	2026-05-08 07:12:25.514	2026-05-08 07:12:30.678	2	0	0	0	0	34	1.74999997019768	4.6956082	0	0	0	0	0	2026-05-08 07:12:25.826
834	2026-05-08 07:12:36.403	2026-05-08 07:12:39.195	1	0	0	0	0	0	0	0	0	0	0	0	0	
832	2026-05-08 07:11:53.191	2026-05-08 07:11:53.238	5	0	0	0	0	0	0	0	0	0	0	0	0	
832	2026-05-08 07:11:53.269	2026-05-08 07:11:54.642	5	0	0	0	0	0	0	0	0	0	0	0	0	
832	2026-05-08 07:11:58.744	2026-05-08 07:11:58.791	6	0	0	0	0	0	0	0	0	0	0	0	0	
832	2026-05-08 07:11:58.822	2026-05-08 07:11:59.103	6	0	0	0	0	0	0	0	0	0	0	0	0	
832	2026-05-08 07:11:59.353	2026-05-08 07:11:59.478	5	0	0	0	0	0	0	0	0	0	0	0	0	
832	2026-05-08 07:12:03.112	2026-05-08 07:12:13.330	5	0	0	0	0	32	1.67999995499849	3.978007	0	0	0	0	0	2026-05-08 07:12:03.331
832	2026-05-08 07:12:44.343	2026-05-08 07:12:44.406	6	0	0	0	0	0	0	0	0	0	0	0	0	
832	2026-05-08 07:12:44.484	2026-05-08 07:12:44.499	6	0	0	0	0	0	0	0	0	0	0	0	0	
832	2026-05-08 07:12:45.404	2026-05-08 07:12:45.466	6	0	0	0	0	0	0	0	0	0	0	0	0	
832	2026-05-08 07:12:45.482	2026-05-08 07:12:45.529	6	0	0	0	0	0	0	0	0	0	0	0	0	
832	2026-05-08 07:12:45.576	2026-05-08 07:12:46.824	6	0	0	0	0	0	0	0	0	0	0	0	0	
835	2026-05-08 07:13:08.414	2026-05-08 07:13:08.445	2	0	0	0	0	0	0	0	0	0	0	0	0	
835	2026-05-08 07:13:10.645	2026-05-08 07:13:15.200	2	0	0	0	0	12	0.168000003322959	1.9626034	0	0	0	0	0	2026-05-08 07:13:11.316
835	2026-05-08 07:13:25.340	2026-05-08 07:13:25.777	2	0	0	0	0	0	0	0	0	0	0	0	0	
835	2026-05-08 07:13:29.271	2026-05-08 07:13:31.112	1	0	0	0	0	12	0.40599998831749	1.3884025	0	0	0	0	0	2026-05-08 07:13:29.724
835	2026-05-08 07:13:55.027	2026-05-08 07:13:55.261	2	0	0	0	0	0	0	0	0	0	0	0	0	
835	2026-05-08 07:13:55.464	2026-05-08 07:13:55.901	2	0	0	0	0	0	0	0	0	0	0	0	0	
837	2026-05-08 07:14:31.359	2026-05-08 07:14:31.422	1	0	0	0	0	0	0	0	0	0	0	0	0	
837	2026-05-08 07:14:30.938	2026-05-08 07:14:31.453	2	0	0	0	0	0	0	0	0	0	0	0	0	
836	2026-05-08 07:13:27.571	2026-05-08 07:13:27.789	6	0	0	0	0	0	0	0	0	0	0	0	0	
836	2026-05-08 07:13:27.821	2026-05-08 07:13:34.653	6	0	0	0	0	34	0.601999996230006	4.6574082	0	0	0	0	0	2026-05-08 07:13:28.289
836	2026-05-08 07:13:37.867	2026-05-08 07:13:44.201	5	0	0	0	0	39	1.79199995100498	4.8270086	0	0	0	0	0	2026-05-08 07:13:39.287
836	2026-05-08 07:13:57.897	2026-05-08 07:14:01.095	6	0	0	0	0	21	0.825999982655048	2.6858047	0	0	0	0	0	2026-05-08 07:13:58.381
836	2026-05-08 07:14:03.092	2026-05-08 07:14:03.420	6	0	0	0	0	0	0	0	0	0	0	0	0	
836	2026-05-08 07:14:05.931	2026-05-08 07:14:06.009	6	0	0	0	0	0	0	0	0	0	0	0	0	
836	2026-05-08 07:14:06.119	2026-05-08 07:14:06.165	6	0	0	0	0	0	0	0	0	0	0	0	0	
836	2026-05-08 07:14:06.197	2026-05-08 07:14:06.399	6	0	0	0	0	0	0	0	0	0	0	0	0	
836	2026-05-08 07:14:07.819	2026-05-08 07:14:11.111	6	0	0	0	0	0	0	0	0	0	0	0	0	
836	2026-05-08 07:14:11.438	2026-05-08 07:14:16.181	6	0	0	0	0	0	0	0	0	0	0	0	0	
836	2026-05-08 07:14:30.486	2026-05-08 07:14:30.548	5	0	0	0	0	0	0	0	0	0	0	0	0	
836	2026-05-08 07:14:30.611	2026-05-08 07:14:30.720	5	0	0	0	0	0	0	0	0	0	0	0	0	
836	2026-05-08 07:14:49.923	2026-05-08 07:14:50.267	5	0	0	0	0	0	0	0	0	0	0	0	0	
836	2026-05-08 07:14:50.423	2026-05-08 07:14:52.466	5	0	0	0	0	4	0.153999999165535	0.5304009	0	0	0	0	0	2026-05-08 07:14:50.719
836	2026-05-08 07:14:54.728	2026-05-08 07:14:55.945	5	0	0	0	0	4	0.167999997735023	0.5304009	0	0	0	0	0	2026-05-08 07:14:54.978
836	2026-05-08 07:15:00.157	2026-05-08 07:15:03.012	5	0	0	0	0	8	0.30799999833107	1.1076019	0	0	0	0	0	2026-05-08 07:15:00.563
838	2026-05-08 07:15:03.698	2026-05-08 07:15:03.995	2	0	0	0	0	0	0	0	0	0	0	0	0	
838	2026-05-08 07:15:04.042	2026-05-08 07:15:04.104	1	0	0	0	0	0	0	0	0	0	0	0	0	
838	2026-05-08 07:15:04.260	2026-05-08 07:15:04.541	1	0	0	0	0	0	0	0	0	0	0	0	0	
839	2026-05-08 07:15:37.270	2026-05-08 07:15:37.410	8	0	0	0	0	0	0	0	0	0	0	0	0	
839	2026-05-08 07:15:42.386	2026-05-08 07:15:44.914	8	0	0	0	0	0	0	0	0	0	0	0	0	
841	2026-05-08 07:16:05.334	2026-05-08 07:16:14.070	3	0	0	0	0	69	3.62599992752075	8.2056144	0	0	0	0	0	2026-05-08 07:16:05.755
841	2026-05-08 07:16:17.299	2026-05-08 07:16:22.120	3	0	0	0	0	13	0.426000006496906	1.2168021	0	0	0	0	0	2026-05-08 07:16:17.861
841	2026-05-08 07:16:25.552	2026-05-08 07:16:25.630	3	0	0	0	0	0	0	0	0	0	0	0	0	
841	2026-05-08 07:16:26.862	2026-05-08 07:16:28.297	3	0	0	0	0	0	0	0	0	0	0	0	0	
841	2026-05-08 07:16:28.328	2026-05-08 07:16:28.375	3	0	0	0	0	0	0	0	0	0	0	0	0	
841	2026-05-08 07:16:28.874	2026-05-08 07:16:28.906	3	0	0	0	0	0	0	0	0	0	0	0	0	
841	2026-05-08 07:16:30.122	2026-05-08 07:16:30.200	3	0	0	0	0	0	0	0	0	0	0	0	0	
841	2026-05-08 07:16:31.636	2026-05-08 07:16:31.979	3	0	0	0	0	0	0	0	0	0	0	0	0	
841	2026-05-08 07:16:38.936	2026-05-08 07:16:39.030	4	0	0	0	0	0	0	0	0	0	0	0	0	
841	2026-05-08 07:16:39.092	2026-05-08 07:16:42.322	4	0	0	0	0	1	0.0140000004321337	0.2340004	0	0	0	0	0	2026-05-08 07:16:40.465
841	2026-05-08 07:16:42.899	2026-05-08 07:16:43.679	3	0	0	0	0	0	0	0	0	0	0	0	0	
841	2026-05-08 07:16:47.267	2026-05-08 07:16:47.688	4	0	0	0	0	0	0	0	0	0	0	0	0	
841	2026-05-08 07:16:47.891	2026-05-08 07:16:49.077	4	0	0	0	0	0	0	0	0	0	0	0	0	
844	2026-05-08 07:17:02.836	2026-05-08 07:17:03.507	4	0	0	0	0	0	0	0	0	0	0	0	0	
844	2026-05-08 07:17:08.421	2026-05-08 07:17:08.795	4	0	0	0	0	0	0	0	0	0	0	0	0	
844	2026-05-08 07:17:12.243	2026-05-08 07:17:12.367	4	0	0	0	0	0	0	0	0	0	0	0	0	
844	2026-05-08 07:17:13.725	2026-05-08 07:17:14.083	4	0	0	0	0	0	0	0	0	0	0	0	0	
844	2026-05-08 07:17:14.177	2026-05-08 07:17:15.035	3	0	0	0	0	0	0	0	0	0	0	0	0	
844	2026-05-08 07:17:15.144	2026-05-08 07:17:15.222	3	0	0	0	0	0	0	0	0	0	0	0	0	
844	2026-05-08 07:17:17.874	2026-05-08 07:17:17.968	3	0	0	0	0	0	0	0	0	0	0	0	0	
843	2026-05-08 07:16:59.653	2026-05-08 07:17:01.463	8	0	0	0	0	0	0	0	0	0	0	0	0	
843	2026-05-08 07:17:04.037	2026-05-08 07:17:04.645	8	0	0	0	0	0	0	0	0	0	0	0	0	
843	2026-05-08 07:17:09.887	2026-05-08 07:17:09.918	8	0	0	0	0	0	0	0	0	0	0	0	0	
843	2026-05-08 07:17:10.168	2026-05-08 07:17:10.714	8	0	0	0	0	0	0	0	0	0	0	0	0	
843	2026-05-08 07:17:15.019	2026-05-08 07:17:15.082	8	0	0	0	0	0	0	0	0	0	0	0	0	
843	2026-05-08 07:17:15.097	2026-05-08 07:17:16.501	8	0	0	0	0	0	0	0	0	0	0	0	0	
843	2026-05-08 07:17:16.611	2026-05-08 07:17:20.199	8	0	0	0	0	0	0	0	0	0	0	0	0	
845	2026-05-08 07:17:23.209	2026-05-08 07:17:23.974	4	0	0	0	0	0	0	0	0	0	0	0	0	
845	2026-05-08 07:17:27.843	2026-05-08 07:17:28.638	4	0	0	0	0	0	0	0	0	0	0	0	0	
847	2026-05-08 07:17:40.151	2026-05-08 07:17:40.167	8	0	0	0	0	0	0	0	0	0	0	0	0	
847	2026-05-08 07:17:41.305	2026-05-08 07:17:41.368	8	0	0	0	0	0	0	0	0	0	0	0	0	
847	2026-05-08 07:17:41.680	2026-05-08 07:17:41.742	8	0	0	0	0	0	0	0	0	0	0	0	0	
847	2026-05-08 07:17:41.805	2026-05-08 07:17:42.007	8	0	0	0	0	0	0	0	0	0	0	0	0	
847	2026-05-08 07:17:42.085	2026-05-08 07:17:42.101	8	0	0	0	0	0	0	0	0	0	0	0	0	
847	2026-05-08 07:17:42.195	2026-05-08 07:17:42.319	8	0	0	0	0	0	0	0	0	0	0	0	0	
847	2026-05-08 07:17:46.048	2026-05-08 07:17:48.107	8	0	0	0	0	7	0.0980000011622906	1.1544021	0	0	0	0	0	2026-05-08 07:17:46.438
842	2026-05-08 07:16:40.184	2026-05-08 07:16:46.440	6	0	0	0	0	47	0.965999983251095	5.2728093	0	0	0	0	0	2026-05-08 07:16:40.762
842	2026-05-08 07:17:31.883	2026-05-08 07:17:35.440	5	0	0	0	0	22	1.04999995231628	2.7768048	0	0	0	0	0	2026-05-08 07:17:32.273
850	2026-05-08 07:18:23.831	2026-05-08 07:18:24.112	5	0	0	0	0	0	0	0	0	0	0	0	0	
848	2026-05-08 07:17:48.622	2026-05-08 07:17:49.168	4	0	0	0	0	0	0	0	0	0	0	0	0	
848	2026-05-08 07:17:49.059	2026-05-08 07:17:49.199	3	0	0	0	0	0	0	0	0	0	0	0	0	
848	2026-05-08 07:17:57.873	2026-05-08 07:17:57.959	3	0	0	0	0	0	0	0	0	0	0	0	0	
848	2026-05-08 07:18:00.135	2026-05-08 07:18:00.181	3	0	0	0	0	0	0	0	0	0	0	0	0	
848	2026-05-08 07:18:09.463	2026-05-08 07:18:09.666	4	0	0	0	0	0	0	0	0	0	0	0	0	
848	2026-05-08 07:18:21.663	2026-05-08 07:18:23.020	4	0	0	0	0	0	0	0	0	0	0	0	0	
848	2026-05-08 07:18:23.035	2026-05-08 07:18:23.441	4	0	0	0	0	0	0	0	0	0	0	0	0	
848	2026-05-08 07:18:23.566	2026-05-08 07:18:24.096	4	0	0	0	0	0	0	0	0	0	0	0	0	
848	2026-05-08 07:18:24.159	2026-05-08 07:18:24.283	4	0	0	0	0	0	0	0	0	0	0	0	0	
848	2026-05-08 07:18:24.595	2026-05-08 07:18:24.923	4	0	0	0	0	0	0	0	0	0	0	0	0	
848	2026-05-08 07:18:26.171	2026-05-08 07:18:26.436	4	0	0	0	0	0	0	0	0	0	0	0	0	
848	2026-05-08 07:18:32.037	2026-05-08 07:18:32.505	4	0	0	0	0	0	0	0	0	0	0	0	0	
848	2026-05-08 07:18:35.484	2026-05-08 07:18:35.640	4	0	0	0	0	0	0	0	0	0	0	0	0	
848	2026-05-08 07:18:35.859	2026-05-08 07:18:36.327	4	0	0	0	0	0	0	0	0	0	0	0	0	
848	2026-05-08 07:18:39.447	2026-05-08 07:18:40.133	4	0	0	0	0	0	0	0	0	0	0	0	0	
848	2026-05-08 07:18:40.975	2026-05-08 07:18:47.652	3	0	0	0	0	32	1.3299999460578	3.5880063	0	0	0	0	0	2026-05-08 07:18:41.397
848	2026-05-08 07:18:40.398	2026-05-08 07:18:48.682	4	0	0	0	0	0	0	0	0	0	0	0	0	
848	2026-05-08 07:18:49.556	2026-05-08 07:18:49.587	3	0	0	0	0	0	0	0	0	0	0	0	0	
848	2026-05-08 07:18:49.103	2026-05-08 07:18:50.336	4	0	0	0	0	0	0	0	0	0	0	0	0	
848	2026-05-08 07:18:49.634	2026-05-08 07:18:51.818	3	0	0	0	0	2	0.0280000008642673	0.2808005	0	0	0	0	0	2026-05-08 07:18:49.852
852	2026-05-08 07:19:05.452	2026-05-08 07:19:05.702	4	0	0	0	0	0	0	0	0	0	0	0	0	
853	2026-05-08 07:19:20.163	2026-05-08 07:19:20.631	4	0	0	0	0	0	0	0	0	0	0	0	0	
853	2026-05-08 07:19:20.584	2026-05-08 07:19:20.818	3	0	0	0	0	0	0	0	0	0	0	0	0	
854	2026-05-08 07:19:40.443	2026-05-08 07:19:40.568	3	0	0	0	0	0	0	0	0	0	0	0	0	
854	2026-05-08 07:19:40.599	2026-05-08 07:19:40.770	3	0	0	0	0	0	0	0	0	0	0	0	0	
854	2026-05-08 07:19:50.739	2026-05-08 07:19:50.957	3	0	0	0	0	0	0	0	0	0	0	0	0	
854	2026-05-08 07:20:01.721	2026-05-08 07:20:33.093	4	0	0	0	0	0	0	0	0	0	0	0	0	
854	2026-05-08 07:20:33.140	2026-05-08 07:20:36.712	4	0	0	0	0	0	0	0	0	0	0	0	0	
854	2026-05-08 07:20:36.775	2026-05-08 07:20:37.898	4	0	0	0	0	0	0	0	0	0	0	0	0	
854	2026-05-08 07:20:38.272	2026-05-08 07:20:38.428	4	0	0	0	0	0	0	0	0	0	0	0	0	
854	2026-05-08 07:20:54.652	2026-05-08 07:20:54.949	4	0	0	0	0	0	0	0	0	0	0	0	0	
854	2026-05-08 07:20:59.504	2026-05-08 07:20:59.956	3	0	0	0	0	0	0	0	0	0	0	0	0	
856	2026-05-08 07:21:01.875	2026-05-08 07:21:02.125	3	0	0	0	0	0	0	0	0	0	0	0	0	
856	2026-05-08 07:21:02.249	2026-05-08 07:21:02.577	3	0	0	0	0	0	0	0	0	0	0	0	0	
856	2026-05-08 07:21:02.639	2026-05-08 07:21:02.967	3	0	0	0	0	0	0	0	0	0	0	0	0	
856	2026-05-08 07:21:03.326	2026-05-08 07:21:03.653	3	0	0	0	0	0	0	0	0	0	0	0	0	
856	2026-05-08 07:21:03.763	2026-05-08 07:21:03.981	3	0	0	0	0	0	0	0	0	0	0	0	0	
856	2026-05-08 07:21:02.437	2026-05-08 07:21:04.168	4	0	0	0	0	0	0	0	0	0	0	0	0	
856	2026-05-08 07:21:04.277	2026-05-08 07:21:04.293	3	0	0	0	0	0	0	0	0	0	0	0	0	
856	2026-05-08 07:21:04.699	2026-05-08 07:21:04.948	3	0	0	0	0	0	0	0	0	0	0	0	0	
856	2026-05-08 07:21:05.775	2026-05-08 07:21:05.837	3	0	0	0	0	0	0	0	0	0	0	0	0	
856	2026-05-08 07:21:06.025	2026-05-08 07:21:06.056	3	0	0	0	0	0	0	0	0	0	0	0	0	
856	2026-05-08 07:21:07.054	2026-05-08 07:21:07.101	3	0	0	0	0	0	0	0	0	0	0	0	0	
856	2026-05-08 07:21:09.659	2026-05-08 07:21:09.769	3	0	0	0	0	0	0	0	0	0	0	0	0	
856	2026-05-08 07:21:10.517	2026-05-08 07:21:10.658	3	0	0	0	0	0	0	0	0	0	0	0	0	
856	2026-05-08 07:21:20.517	2026-05-08 07:21:23.855	3	0	0	0	0	0	0	0	0	0	0	0	0	
856	2026-05-08 07:21:25.041	2026-05-08 07:21:25.119	4	0	0	0	0	0	0	0	0	0	0	0	0	
856	2026-05-08 07:21:24.542	2026-05-08 07:21:25.135	3	0	0	0	0	0	0	0	0	0	0	0	0	
856	2026-05-08 07:21:25.181	2026-05-08 07:21:25.306	4	0	0	0	0	0	0	0	0	0	0	0	0	
855	2026-05-08 07:20:31.392	2026-05-08 07:20:35.433	5	0	0	0	0	8	0.349999997764826	1.2018021	0	0	0	0	0	2026-05-08 07:20:31.751
855	2026-05-08 07:20:36.057	2026-05-08 07:20:36.132	5	0	0	0	0	0	0	0	0	0	0	0	0	
855	2026-05-08 07:20:48.599	2026-05-08 07:20:50.674	6	0	0	0	0	13	0.419999986886978	1.4664025	0	0	0	0	0	2026-05-08 07:20:49.099
855	2026-05-08 07:21:09.394	2026-05-08 07:21:11.609	5	0	0	0	0	15	0.742000013589859	1.9616035	0	0	0	0	0	2026-05-08 07:21:09.628
858	2026-05-08 07:21:31.343	2026-05-08 07:21:36.304	4	0	0	0	0	16	0.224000005051494	2.4492043	0	0	0	0	0	2026-05-08 07:21:31.889
858	2026-05-08 07:22:23.323	2026-05-08 07:22:23.557	4	0	0	0	0	0	0	0	0	0	0	0	0	
858	2026-05-08 07:22:27.379	2026-05-08 07:22:27.503	4	0	0	0	0	0	0	0	0	0	0	0	0	
858	2026-05-08 07:22:27.925	2026-05-08 07:22:29.422	4	0	0	0	0	6	0.195999996736646	0.8112014	0	0	0	0	0	2026-05-08 07:22:28.237
858	2026-05-08 07:22:35.085	2026-05-08 07:22:35.210	4	0	0	0	0	0	0	0	0	0	0	0	0	
860	2026-05-08 07:22:53.041	2026-05-08 07:22:59.733	3	0	0	0	0	33	1.12000001966953	3.5100062	0	0	0	0	0	2026-05-08 07:22:53.634
860	2026-05-08 07:23:00.622	2026-05-08 07:23:00.763	3	0	0	0	0	0	0	0	0	0	0	0	0	
860	2026-05-08 07:23:00.934	2026-05-08 07:23:01.293	3	0	0	0	0	0	0	0	0	0	0	0	0	
860	2026-05-08 07:23:23.383	2026-05-08 07:23:23.726	4	0	0	0	0	0	0	0	0	0	0	0	0	
859	2026-05-08 07:21:53.293	2026-05-08 07:22:00.422	6	0	0	0	0	26	0.378000007942319	3.8376069	0	0	0	0	0	2026-05-08 07:21:54.197
863	2026-05-08 07:23:37.236	2026-05-08 07:23:42.586	3	0	0	0	0	15	0.224000003188848	2.4804042	0	0	0	0	0	2026-05-08 07:23:39.108
863	2026-05-08 07:23:43.304	2026-05-08 07:23:43.725	3	0	0	0	0	0	0	0	0	0	0	0	0	
863	2026-05-08 07:23:45.098	2026-05-08 07:23:45.192	3	0	0	0	0	0	0	0	0	0	0	0	0	
863	2026-05-08 07:23:45.348	2026-05-08 07:23:45.816	3	0	0	0	0	0	0	0	0	0	0	0	0	
863	2026-05-08 07:23:53.896	2026-05-08 07:23:57.172	4	0	0	0	0	0	0	0	0	0	0	0	0	
863	2026-05-08 07:23:57.250	2026-05-08 07:23:58.561	4	0	0	0	0	0	0	0	0	0	0	0	0	
863	2026-05-08 07:24:00.464	2026-05-08 07:24:00.745	4	0	0	0	0	0	0	0	0	0	0	0	0	
863	2026-05-08 07:24:01.104	2026-05-08 07:24:01.182	4	0	0	0	0	0	0	0	0	0	0	0	0	
864	2026-05-08 07:23:39.201	2026-05-08 07:23:39.981	6	0	0	0	0	0	0	0	0	0	0	0	0	
864	2026-05-08 07:23:40.356	2026-05-08 07:23:41.401	6	0	0	0	0	0	0	0	0	0	0	0	0	
864	2026-05-08 07:23:48.733	2026-05-08 07:23:50.542	6	0	0	0	0	0	0	0	0	0	0	0	0	
865	2026-05-08 07:24:13.147	2026-05-08 07:24:13.428	4	0	0	0	0	0	0	0	0	0	0	0	0	
865	2026-05-08 07:24:18.295	2026-05-08 07:24:18.700	3	0	0	0	0	0	0	0	0	0	0	0	0	
865	2026-05-08 07:24:33.645	2026-05-08 07:24:33.677	4	0	0	0	0	0	0	0	0	0	0	0	0	
865	2026-05-08 07:24:33.708	2026-05-08 07:24:34.238	4	0	0	0	0	0	0	0	0	0	0	0	0	
865	2026-05-08 07:25:04.190	2026-05-08 07:25:04.221	4	0	0	0	0	0	0	0	0	0	0	0	0	
865	2026-05-08 07:25:04.253	2026-05-08 07:25:04.346	4	0	0	0	0	0	0	0	0	0	0	0	0	
849	2026-05-08 07:17:57.966	2026-05-08 07:17:58.200	7	0	0	0	0	0	0	0	0	0	0	0	0	
849	2026-05-08 07:17:58.263	2026-05-08 07:17:58.294	7	0	0	0	0	0	0	0	0	0	0	0	0	
849	2026-05-08 07:17:58.965	2026-05-08 07:17:59.713	7	0	0	0	0	0	0	0	0	0	0	0	0	
849	2026-05-08 07:18:04.565	2026-05-08 07:18:04.643	7	0	0	0	0	0	0	0	0	0	0	0	0	
849	2026-05-08 07:18:16.546	2026-05-08 07:18:57.496	7	0	0	0	0	0	0	0	0	0	0	0	0	
849	2026-05-08 07:18:57.777	2026-05-08 07:18:58.042	7	0	0	0	0	0	0	0	0	0	0	0	0	
849	2026-05-08 07:18:58.931	2026-05-08 07:18:59.025	7	0	0	0	0	0	0	0	0	0	0	0	0	
849	2026-05-08 07:24:32.834	2026-05-08 07:27:08.382	7	0	0	0	0	0	0	0	0	0	0	0	0	
849	2026-05-08 07:27:09.240	2026-05-08 07:27:09.505	8	0	0	0	0	0	0	0	0	0	0	0	0	
867	2026-05-08 07:27:01.487	2026-05-08 07:27:01.643	4	0	0	0	0	0	0	0	0	0	0	0	0	
867	2026-05-08 07:27:01.830	2026-05-08 07:27:02.080	4	0	0	0	0	0	0	0	0	0	0	0	0	
867	2026-05-08 07:27:06.089	2026-05-08 07:27:17.134	3	0	0	0	0	83	4.50799989700317	10.4988184	0	0	0	0	0	2026-05-08 07:27:06.541
867	2026-05-08 07:27:44.980	2026-05-08 07:27:50.455	3	0	0	0	0	42	2.21199989318848	5.2648092	0	0	0	0	0	2026-05-08 07:27:45.182
867	2026-05-08 07:27:54.371	2026-05-08 07:27:54.714	4	0	0	0	0	0	0	0	0	0	0	0	0	
868	2026-05-08 07:27:21.408	2026-05-08 07:27:21.626	8	0	0	0	0	0	0	0	0	0	0	0	0	
868	2026-05-08 07:27:22.438	2026-05-08 07:27:22.531	8	0	0	0	0	0	0	0	0	0	0	0	0	
868	2026-05-08 07:27:22.547	2026-05-08 07:27:22.687	8	0	0	0	0	0	0	0	0	0	0	0	0	
868	2026-05-08 07:27:56.898	2026-05-08 07:28:03.824	7	0	0	0	0	50	2.68799996376038	6.271211	0	0	0	0	0	2026-05-08 07:27:57.194
869	2026-05-08 07:28:15.181	2026-05-08 07:28:15.291	4	0	0	0	0	0	0	0	0	0	0	0	0	
869	2026-05-08 07:28:16.289	2026-05-08 07:28:16.554	3	0	0	0	0	0	0	0	0	0	0	0	0	
869	2026-05-08 07:28:31.000	2026-05-08 07:28:31.374	4	0	0	0	0	0	0	0	0	0	0	0	0	
869	2026-05-08 07:28:31.312	2026-05-08 07:28:31.702	3	0	0	0	0	0	0	0	0	0	0	0	0	
869	2026-05-08 07:28:33.277	2026-05-08 07:28:33.621	3	0	0	0	0	0	0	0	0	0	0	0	0	
871	2026-05-08 07:28:35.290	2026-05-08 07:28:38.051	8	0	0	0	0	0	0	0	0	0	0	0	0	
872	2026-05-08 07:28:45.570	2026-05-08 07:28:45.773	3	0	0	0	0	0	0	0	0	0	0	0	0	
872	2026-05-08 07:28:49.813	2026-05-08 07:28:51.498	4	0	0	0	0	0	0	0	0	0	0	0	0	
872	2026-05-08 07:28:51.951	2026-05-08 07:28:52.153	4	0	0	0	0	0	0	0	0	0	0	0	0	
872	2026-05-08 07:28:52.341	2026-05-08 07:28:52.497	4	0	0	0	0	0	0	0	0	0	0	0	0	
875	2026-05-08 07:29:28.423	2026-05-08 07:29:28.751	4	0	0	0	0	0	0	0	0	0	0	0	0	
875	2026-05-08 07:29:33.805	2026-05-08 07:29:34.102	4	0	0	0	0	0	0	0	0	0	0	0	0	
876	2026-05-08 07:30:00.419	2026-05-08 07:30:00.778	3	0	0	0	0	0	0	0	0	0	0	0	0	
876	2026-05-08 07:30:04.615	2026-05-08 07:30:06.488	4	0	0	0	0	2	0.0280000008642673	0.2652005	0	0	0	0	0	2026-05-08 07:30:05.817
876	2026-05-08 07:30:10.060	2026-05-08 07:30:12.010	4	0	0	0	0	0	0	0	0	0	0	0	0	
876	2026-05-08 07:30:12.213	2026-05-08 07:30:12.447	4	0	0	0	0	0	0	0	0	0	0	0	0	
876	2026-05-08 07:30:16.440	2026-05-08 07:30:18.999	4	0	0	0	0	0	0	0	0	0	0	0	0	
874	2026-05-08 07:29:16.879	2026-05-08 07:29:16.911	8	0	0	0	0	0	0	0	0	0	0	0	0	
874	2026-05-08 07:29:20.187	2026-05-08 07:29:20.202	8	0	0	0	0	0	0	0	0	0	0	0	0	
874	2026-05-08 07:29:21.778	2026-05-08 07:29:21.903	7	0	0	0	0	0	0	0	0	0	0	0	0	
874	2026-05-08 07:30:01.495	2026-05-08 07:30:01.573	8	0	0	0	0	0	0	0	0	0	0	0	0	
874	2026-05-08 07:30:01.714	2026-05-08 07:30:01.792	8	0	0	0	0	0	0	0	0	0	0	0	0	
874	2026-05-08 07:30:11.043	2026-05-08 07:30:16.550	8	0	0	0	0	27	1.23199997842312	3.6036063	0	0	0	0	0	2026-05-08 07:30:11.386
874	2026-05-08 07:30:17.205	2026-05-08 07:30:17.252	8	0	0	0	0	0	0	0	0	0	0	0	0	
874	2026-05-08 07:30:20.621	2026-05-08 07:30:20.699	7	0	0	0	0	0	0	0	0	0	0	0	0	
874	2026-05-08 07:30:20.902	2026-05-08 07:30:20.964	7	0	0	0	0	0	0	0	0	0	0	0	0	
877	2026-05-08 07:30:32.664	2026-05-08 07:30:32.852	3	0	0	0	0	0	0	0	0	0	0	0	0	
879	2026-05-08 07:30:53.475	2026-05-08 07:30:53.943	8	0	0	0	0	0	0	0	0	0	0	0	0	
879	2026-05-08 07:30:53.896	2026-05-08 07:30:54.052	7	0	0	0	0	0	0	0	0	0	0	0	0	
879	2026-05-08 07:30:54.192	2026-05-08 07:30:54.411	7	0	0	0	0	0	0	0	0	0	0	0	0	
880	2026-05-08 07:31:05.830	2026-05-08 07:31:05.861	7	0	0	0	0	0	0	0	0	0	0	0	0	
880	2026-05-08 07:31:06.220	2026-05-08 07:31:06.267	7	0	0	0	0	0	0	0	0	0	0	0	0	
840	2026-05-08 07:16:14.226	2026-05-08 07:16:15.630	1	0	0	0	0	0	0	0	0	0	0	0	0	
840	2026-05-08 07:16:17.845	2026-05-08 07:16:24.444	1	0	0	0	0	52	2.54200001806021	5.71721	0	0	0	0	0	2026-05-08 07:16:18.282
840	2026-05-08 07:16:25.567	2026-05-08 07:16:25.988	1	0	0	0	0	0	0	0	0	0	0	0	0	
840	2026-05-08 07:16:27.252	2026-05-08 07:16:27.954	1	0	0	0	0	0	0	0	0	0	0	0	0	
840	2026-05-08 07:16:28.048	2026-05-08 07:16:28.313	1	0	0	0	0	0	0	0	0	0	0	0	0	
840	2026-05-08 07:16:29.592	2026-05-08 07:16:31.058	1	0	0	0	0	0	0	0	0	0	0	0	0	
840	2026-05-08 07:16:31.308	2026-05-08 07:16:31.464	1	0	0	0	0	0	0	0	0	0	0	0	0	
840	2026-05-08 07:17:12.165	2026-05-08 07:17:12.773	2	0	0	0	0	0	0	0	0	0	0	0	0	
840	2026-05-08 07:25:12.287	2026-05-08 07:25:12.365	1	0	0	0	0	0	0	0	0	0	0	0	0	
840	2026-05-08 07:25:14.658	2026-05-08 07:25:15.063	1	0	0	0	0	0	0	0	0	0	0	0	0	
840	2026-05-08 07:25:15.282	2026-05-08 07:25:16.062	1	0	0	0	0	0	0	0	0	0	0	0	0	
840	2026-05-08 07:25:16.608	2026-05-08 07:25:16.717	1	0	0	0	0	0	0	0	0	0	0	0	0	
840	2026-05-08 07:25:16.842	2026-05-08 07:25:16.920	1	0	0	0	0	0	0	0	0	0	0	0	0	
840	2026-05-08 07:25:17.029	2026-05-08 07:25:17.263	1	0	0	0	0	0	0	0	0	0	0	0	0	
840	2026-05-08 07:25:17.793	2026-05-08 07:25:17.825	1	0	0	0	0	0	0	0	0	0	0	0	0	
840	2026-05-08 07:25:18.449	2026-05-08 07:25:19.478	1	0	0	0	0	0	0	0	0	0	0	0	0	
840	2026-05-08 07:25:19.681	2026-05-08 07:25:19.743	1	0	0	0	0	0	0	0	0	0	0	0	0	
840	2026-05-08 07:25:19.915	2026-05-08 07:25:19.962	1	0	0	0	0	0	0	0	0	0	0	0	0	
840	2026-05-08 07:25:20.258	2026-05-08 07:25:20.352	1	0	0	0	0	0	0	0	0	0	0	0	0	
840	2026-05-08 07:25:20.445	2026-05-08 07:25:20.789	1	0	0	0	0	0	0	0	0	0	0	0	0	
840	2026-05-08 07:25:53.658	2026-05-08 07:25:53.923	1	0	0	0	0	0	0	0	0	0	0	0	0	
840	2026-05-08 07:26:51.784	2026-05-08 07:26:51.815	2	0	0	0	0	0	0	0	0	0	0	0	0	
882	2026-05-08 07:32:13.706	2026-05-08 07:32:16.295	8	0	0	0	0	4	0.0560000017285347	0.8580014	0	0	0	0	0	2026-05-08 07:32:14.221
873	2026-05-08 07:28:47.286	2026-05-08 07:28:47.614	6	0	0	0	0	0	0	0	0	0	0	0	0	
873	2026-05-08 07:28:47.676	2026-05-08 07:28:47.817	6	0	0	0	0	0	0	0	0	0	0	0	0	
881	2026-05-08 07:31:54.939	2026-05-08 07:31:58.620	2	0	0	0	0	25	1.11999997496605	3.3012058	0	0	0	0	0	2026-05-08 07:31:55.142
881	2026-05-08 07:32:02.583	2026-05-08 07:32:03.815	2	0	0	0	0	6	0.252000004053116	0.8580015	0	0	0	0	0	2026-05-08 07:32:02.957
883	2026-05-08 07:32:40.647	2026-05-08 07:32:41.396	8	0	0	0	0	0	0	0	0	0	0	0	0	
883	2026-05-08 07:32:43.939	2026-05-08 07:32:44.017	7	0	0	0	0	0	0	0	0	0	0	0	0	
883	2026-05-08 07:32:44.157	2026-05-08 07:32:45.077	7	0	0	0	0	0	0	0	0	0	0	0	0	
883	2026-05-08 07:33:18.040	2026-05-08 07:33:18.071	8	0	0	0	0	0	0	0	0	0	0	0	0	
883	2026-05-08 07:33:18.305	2026-05-08 07:33:18.337	8	0	0	0	0	0	0	0	0	0	0	0	0	
883	2026-05-08 07:33:18.539	2026-05-08 07:33:18.602	8	0	0	0	0	0	0	0	0	0	0	0	0	
883	2026-05-08 07:33:18.758	2026-05-08 07:33:18.820	8	0	0	0	0	0	0	0	0	0	0	0	0	
883	2026-05-08 07:33:19.148	2026-05-08 07:33:19.241	8	0	0	0	0	0	0	0	0	0	0	0	0	
883	2026-05-08 07:33:19.335	2026-05-08 07:33:19.460	8	0	0	0	0	0	0	0	0	0	0	0	0	
883	2026-05-08 07:33:19.507	2026-05-08 07:33:21.815	8	0	0	0	0	0	0	0	0	0	0	0	0	
883	2026-05-08 07:33:21.847	2026-05-08 07:33:24.374	8	0	0	0	0	0	0	0	0	0	0	0	0	
883	2026-05-08 07:33:24.467	2026-05-08 07:33:24.717	8	0	0	0	0	0	0	0	0	0	0	0	0	
883	2026-05-08 07:33:24.889	2026-05-08 07:33:24.998	8	0	0	0	0	0	0	0	0	0	0	0	0	
883	2026-05-08 07:33:46.073	2026-05-08 07:33:57.462	8	0	0	0	0	72	3.33200002089143	9.2976162	0	0	0	0	0	2026-05-08 07:33:46.370
883	2026-05-08 07:34:03.717	2026-05-08 07:34:06.042	8	0	0	0	0	1	0.0419999994337559	0.2028003	0	0	0	0	0	2026-05-08 07:34:04.762
878	2026-05-08 07:31:53.270	2026-05-08 07:31:53.675	4	0	0	0	0	0	0	0	0	0	0	0	0	
878	2026-05-08 07:31:54.206	2026-05-08 07:31:55.953	3	0	0	0	0	0	0	0	0	0	0	0	0	
878	2026-05-08 07:31:56.015	2026-05-08 07:31:57.388	3	0	0	0	0	0	0	0	0	0	0	0	0	
878	2026-05-08 07:32:26.997	2026-05-08 07:32:27.106	3	0	0	0	0	0	0	0	0	0	0	0	0	
878	2026-05-08 07:32:27.247	2026-05-08 07:32:36.825	3	0	0	0	0	64	1.21800000965595	7.0986121	0	0	0	0	0	2026-05-08 07:32:27.559
878	2026-05-08 07:32:44.875	2026-05-08 07:32:50.225	3	0	0	0	0	1	0.0140000004321337	0.2184004	0	0	0	0	0	2026-05-08 07:32:45.514
878	2026-05-08 07:32:59.039	2026-05-08 07:32:59.227	3	0	0	0	0	0	0	0	0	0	0	0	0	
878	2026-05-08 07:34:39.847	2026-05-08 07:36:18.096	4	0	0	0	0	0	0	0	0	0	0	0	0	
891	2026-05-08 07:36:38.142	2026-05-08 07:36:57.439	3	0	0	0	0	91	1.51199998520315	11.3674201	0	0	0	0	0	2026-05-08 07:36:38.844
891	2026-05-08 07:37:02.571	2026-05-08 07:37:03.507	4	0	0	0	0	0	0	0	0	0	0	0	0	
891	2026-05-08 07:37:46.595	2026-05-08 07:37:47.671	3	0	0	0	0	0	0	0	0	0	0	0	0	
892	2026-05-08 07:38:05.346	2026-05-08 07:38:08.950	4	0	0	0	0	5	0.15400000475347	0.9672018	0	0	0	0	0	2026-05-08 07:38:06.485
892	2026-05-08 07:38:09.012	2026-05-08 07:38:10.447	4	0	0	0	0	5	0.237999999895692	1.0296018	0	0	0	0	0	2026-05-08 07:38:09.074
892	2026-05-08 07:38:12.959	2026-05-08 07:38:18.091	3	0	0	0	0	33	0.657999984920025	3.7596066	0	0	0	0	0	2026-05-08 07:38:13.739
892	2026-05-08 07:38:22.927	2026-05-08 07:38:23.738	3	0	0	0	0	0	0	0	0	0	0	0	0	
892	2026-05-08 07:38:26.952	2026-05-08 07:38:27.389	4	0	0	0	0	0	0	0	0	0	0	0	0	
892	2026-05-08 07:38:30.181	2026-05-08 07:38:30.493	4	0	0	0	0	0	0	0	0	0	0	0	0	
889	2026-05-08 07:34:38.162	2026-05-08 07:34:48.364	6	0	0	0	0	79	4.39600002765656	9.8436173	0	0	0	0	0	2026-05-08 07:34:38.396
889	2026-05-08 07:37:36.533	2026-05-08 07:37:40.963	5	0	0	0	0	28	1.27400004863739	3.6660064	0	0	0	0	0	2026-05-08 07:37:37.125
889	2026-05-08 07:37:57.484	2026-05-08 07:38:01.150	5	0	0	0	0	0	0	0	0	0	0	0	0	
889	2026-05-08 07:38:17.140	2026-05-08 07:38:58.589	5	0	0	0	0	0	0	0	0	0	0	0	0	
890	2026-05-08 07:34:45.307	2026-05-08 07:34:45.463	2	0	0	0	0	0	0	0	0	0	0	0	0	
890	2026-05-08 07:34:49.425	2026-05-08 07:34:49.488	1	0	0	0	0	0	0	0	0	0	0	0	0	
890	2026-05-08 07:34:49.612	2026-05-08 07:34:59.394	1	0	0	0	0	78	4.05999994277954	9.5674168	0	0	0	0	0	2026-05-08 07:34:49.815
890	2026-05-08 07:35:03.528	2026-05-08 07:35:06.882	1	0	0	0	0	24	1.14800000190735	3.1044054	0	0	0	0	0	2026-05-08 07:35:03.746
890	2026-05-08 07:35:42.372	2026-05-08 07:35:42.855	2	0	0	0	0	0	0	0	0	0	0	0	0	
890	2026-05-08 07:35:47.629	2026-05-08 07:35:51.326	2	0	0	0	0	24	1.03599998354912	2.9484051	0	0	0	0	0	2026-05-08 07:35:48.175
890	2026-05-08 07:36:00.296	2026-05-08 07:36:00.405	2	0	0	0	0	0	0	0	0	0	0	0	0	
890	2026-05-08 07:36:00.593	2026-05-08 07:36:00.671	2	0	0	0	0	0	0	0	0	0	0	0	0	
894	2026-05-08 07:38:50.960	2026-05-08 07:38:51.116	4	0	0	0	0	0	0	0	0	0	0	0	0	
894	2026-05-08 07:38:51.943	2026-05-08 07:38:52.006	4	0	0	0	0	0	0	0	0	0	0	0	0	
894	2026-05-08 07:38:52.661	2026-05-08 07:38:53.160	4	0	0	0	0	0	0	0	0	0	0	0	0	
894	2026-05-08 07:39:01.958	2026-05-08 07:39:02.114	3	0	0	0	0	0	0	0	0	0	0	0	0	
894	2026-05-08 07:39:03.721	2026-05-08 07:39:04.267	4	0	0	0	0	0	0	0	0	0	0	0	0	
894	2026-05-08 07:39:06.935	2026-05-08 07:39:07.574	3	0	0	0	0	0	0	0	0	0	0	0	0	
894	2026-05-08 07:39:07.840	2026-05-08 07:39:09.119	4	0	0	0	0	0	0	0	0	0	0	0	0	
894	2026-05-08 07:39:09.478	2026-05-08 07:39:10.601	4	0	0	0	0	0	0	0	0	0	0	0	0	
894	2026-05-08 07:39:10.726	2026-05-08 07:39:11.225	4	0	0	0	0	0	0	0	0	0	0	0	0	
894	2026-05-08 07:39:11.443	2026-05-08 07:39:13.003	4	0	0	0	0	0	0	0	0	0	0	0	0	
894	2026-05-08 07:39:16.685	2026-05-08 07:39:17.480	4	0	0	0	0	0	0	0	0	0	0	0	0	
894	2026-05-08 07:39:09.602	2026-05-08 07:39:18.026	3	0	0	0	0	44	1.80600002594292	4.4616079	0	0	0	0	0	2026-05-08 07:39:10.648
897	2026-05-08 07:39:30.382	2026-05-08 07:39:30.444	4	0	0	0	0	0	0	0	0	0	0	0	0	
897	2026-05-08 07:39:30.694	2026-05-08 07:39:31.130	4	0	0	0	0	0	0	0	0	0	0	0	0	
897	2026-05-08 07:39:36.372	2026-05-08 07:39:37.168	4	0	0	0	0	0	0	0	0	0	0	0	0	
897	2026-05-08 07:39:43.377	2026-05-08 07:39:50.880	3	0	0	0	0	62	5.01200008392334	7.0980125	0	0	0	0	0	2026-05-08 07:39:43.782
897	2026-05-08 07:40:00.817	2026-05-08 07:40:01.114	3	0	0	0	0	0	0	0	0	0	0	0	0	
897	2026-05-08 07:40:01.285	2026-05-08 07:40:01.488	4	0	0	0	0	0	0	0	0	0	0	0	0	
897	2026-05-08 07:40:02.892	2026-05-08 07:40:05.731	4	0	0	0	0	0	0	0	0	0	0	0	0	
897	2026-05-08 07:40:02.970	2026-05-08 07:40:06.901	3	0	0	0	0	32	2.12800002098084	3.4944062	0	0	0	0	0	2026-05-08 07:40:03.142
897	2026-05-08 07:40:06.933	2026-05-08 07:40:09.725	3	0	0	0	0	5	0.167999997735023	0.5304009	0	0	0	0	0	2026-05-08 07:40:09.132
897	2026-05-08 07:40:09.715	2026-05-08 07:40:10.021	4	0	0	0	0	0	0	0	0	0	0	0	0	
897	2026-05-08 07:40:10.989	2026-05-08 07:40:12.393	4	0	0	0	0	0	0	0	0	0	0	0	0	
897	2026-05-08 07:40:12.673	2026-05-08 07:40:14.561	3	0	0	0	0	6	0.559999987483025	1.3416023	0	0	0	0	0	2026-05-08 07:40:12.923
897	2026-05-08 07:40:13.407	2026-05-08 07:40:20.863	4	0	0	0	0	0	0	0	0	0	0	0	0	
897	2026-05-08 07:40:21.331	2026-05-08 07:40:21.784	4	0	0	0	0	0	0	0	0	0	0	0	0	
897	2026-05-08 07:40:20.208	2026-05-08 07:40:22.392	3	0	0	0	0	2	0.0979999974370003	0.3326006	0	0	0	0	0	2026-05-08 07:40:21.623
897	2026-05-08 07:40:22.923	2026-05-08 07:40:23.890	4	0	0	0	0	0	0	0	0	0	0	0	0	
897	2026-05-08 07:40:24.061	2026-05-08 07:40:24.171	4	0	0	0	0	0	0	0	0	0	0	0	0	
897	2026-05-08 07:40:31.253	2026-05-08 07:40:33.562	4	0	0	0	0	1	0.0280000008642673	0.2184004	0	0	0	0	0	2026-05-08 07:40:32.891
897	2026-05-08 07:40:33.312	2026-05-08 07:40:33.609	3	0	0	0	0	0	0	0	0	0	0	0	0	
897	2026-05-08 07:40:37.056	2026-05-08 07:40:37.087	4	0	0	0	0	0	0	0	0	0	0	0	0	
897	2026-05-08 07:40:56.806	2026-05-08 07:40:57.258	4	0	0	0	0	0	0	0	0	0	0	0	0	
897	2026-05-08 07:40:58.163	2026-05-08 07:40:58.990	3	0	0	0	0	0	0	0	0	0	0	0	0	
897	2026-05-08 07:40:59.536	2026-05-08 07:40:59.707	3	0	0	0	0	0	0	0	0	0	0	0	0	
897	2026-05-08 07:41:03.654	2026-05-08 07:41:09.457	4	0	0	0	0	0	0	0	0	0	0	0	0	
897	2026-05-08 07:41:09.535	2026-05-08 07:41:10.877	4	0	0	0	0	0	0	0	0	0	0	0	0	
897	2026-05-08 07:41:11.314	2026-05-08 07:41:12.219	4	0	0	0	0	0	0	0	0	0	0	0	0	
897	2026-05-08 07:41:13.779	2026-05-08 07:41:13.810	4	0	0	0	0	0	0	0	0	0	0	0	0	
897	2026-05-08 07:41:45.712	2026-05-08 07:41:45.743	3	0	0	0	0	0	0	0	0	0	0	0	0	
897	2026-05-08 07:41:46.149	2026-05-08 07:41:46.211	3	0	0	0	0	0	0	0	0	0	0	0	0	
888	2026-05-08 07:34:17.258	2026-05-08 07:34:17.742	7	0	0	0	0	0	0	0	0	0	0	0	0	
888	2026-05-08 07:34:18.178	2026-05-08 07:34:18.225	8	0	0	0	0	0	0	0	0	0	0	0	0	
888	2026-05-08 07:34:48.832	2026-05-08 07:34:48.879	8	0	0	0	0	0	0	0	0	0	0	0	0	
888	2026-05-08 07:34:58.536	2026-05-08 07:34:58.926	8	0	0	0	0	0	0	0	0	0	0	0	0	
888	2026-05-08 07:35:12.232	2026-05-08 07:38:30.384	8	0	0	0	0	0	0	0	0	0	0	0	0	
888	2026-05-08 07:38:39.292	2026-05-08 07:38:39.666	8	0	0	0	0	0	0	0	0	0	0	0	0	
888	2026-05-08 07:38:39.713	2026-05-08 07:38:39.791	8	0	0	0	0	0	0	0	0	0	0	0	0	
888	2026-05-08 07:38:41.585	2026-05-08 07:38:41.975	8	0	0	0	0	0	0	0	0	0	0	0	0	
888	2026-05-08 07:42:44.477	2026-05-08 07:42:44.586	7	0	0	0	0	0	0	0	0	0	0	0	0	
888	2026-05-08 07:38:42.188	2026-05-08 07:42:49.376	8	0	0	0	0	0	0	0	0	0	0	0	0	
888	2026-05-08 07:42:57.815	2026-05-08 07:42:58.034	8	0	0	0	0	0	0	0	0	0	0	0	0	
888	2026-05-08 07:42:59.952	2026-05-08 07:43:00.311	7	0	0	0	0	0	0	0	0	0	0	0	0	
898	2026-05-08 07:42:04.011	2026-05-08 07:42:04.385	4	0	0	0	0	0	0	0	0	0	0	0	0	
898	2026-05-08 07:42:04.323	2026-05-08 07:42:04.666	3	0	0	0	0	0	0	0	0	0	0	0	0	
898	2026-05-08 07:42:17.193	2026-05-08 07:42:22.606	4	0	0	0	0	0	0	0	0	0	0	0	0	
898	2026-05-08 07:42:23.916	2026-05-08 07:42:24.072	4	0	0	0	0	0	0	0	0	0	0	0	0	
898	2026-05-08 07:42:49.360	2026-05-08 07:42:49.563	4	0	0	0	0	0	0	0	0	0	0	0	0	
898	2026-05-08 07:42:54.570	2026-05-08 07:42:54.789	4	0	0	0	0	0	0	0	0	0	0	0	0	
898	2026-05-08 07:42:56.052	2026-05-08 07:42:56.333	4	0	0	0	0	0	0	0	0	0	0	0	0	
899	2026-05-08 07:43:12.557	2026-05-08 07:43:16.067	8	0	0	0	0	5	0.0700000002980232	0.8892016	0	0	0	0	0	2026-05-08 07:43:13.649
899	2026-05-08 07:43:22.136	2026-05-08 07:43:22.260	8	0	0	0	0	0	0	0	0	0	0	0	0	
899	2026-05-08 07:43:22.338	2026-05-08 07:43:22.432	8	0	0	0	0	0	0	0	0	0	0	0	0	
899	2026-05-08 07:43:22.728	2026-05-08 07:43:23.072	8	0	0	0	0	0	0	0	0	0	0	0	0	
899	2026-05-08 07:43:23.321	2026-05-08 07:43:23.540	8	0	0	0	0	0	0	0	0	0	0	0	0	
899	2026-05-08 07:43:26.114	2026-05-08 07:43:26.145	8	0	0	0	0	0	0	0	0	0	0	0	0	
899	2026-05-08 07:43:26.473	2026-05-08 07:43:26.519	8	0	0	0	0	0	0	0	0	0	0	0	0	
899	2026-05-08 07:43:33.087	2026-05-08 07:43:33.103	8	0	0	0	0	0	0	0	0	0	0	0	0	
899	2026-05-08 07:43:44.990	2026-05-08 07:43:45.208	7	0	0	0	0	0	0	0	0	0	0	0	0	
899	2026-05-08 07:43:45.505	2026-05-08 07:43:45.629	7	0	0	0	0	0	0	0	0	0	0	0	0	
899	2026-05-08 07:43:45.926	2026-05-08 07:43:46.004	7	0	0	0	0	0	0	0	0	0	0	0	0	
899	2026-05-08 07:43:46.082	2026-05-08 07:43:46.129	7	0	0	0	0	0	0	0	0	0	0	0	0	
899	2026-05-08 07:43:46.987	2026-05-08 07:43:47.143	8	0	0	0	0	0	0	0	0	0	0	0	0	
899	2026-05-08 07:43:47.330	2026-05-08 07:43:47.361	8	0	0	0	0	0	0	0	0	0	0	0	0	
899	2026-05-08 07:43:47.174	2026-05-08 07:43:53.554	7	0	0	0	0	53	1.17600001767278	4.6488082	0	0	0	0	0	2026-05-08 07:43:47.985
899	2026-05-08 07:43:55.208	2026-05-08 07:43:55.301	7	0	0	0	0	0	0	0	0	0	0	0	0	
903	2026-05-08 07:44:26.392	2026-05-08 07:44:26.501	8	0	0	0	0	0	0	0	0	0	0	0	0	
903	2026-05-08 07:44:28.498	2026-05-08 07:44:28.561	7	0	0	0	0	0	0	0	0	0	0	0	0	
904	2026-05-08 07:44:42.616	2026-05-08 07:44:43.381	8	0	0	0	0	0	0	0	0	0	0	0	0	
904	2026-05-08 07:44:44.691	2026-05-08 07:44:44.909	8	0	0	0	0	0	0	0	0	0	0	0	0	
904	2026-05-08 07:44:46.438	2026-05-08 07:44:46.859	8	0	0	0	0	0	0	0	0	0	0	0	0	
904	2026-05-08 07:44:46.875	2026-05-08 07:44:49.075	8	0	0	0	0	0	0	0	0	0	0	0	0	
904	2026-05-08 07:44:49.231	2026-05-08 07:44:49.246	8	0	0	0	0	0	0	0	0	0	0	0	0	
904	2026-05-08 07:44:49.465	2026-05-08 07:44:50.213	8	0	0	0	0	0	0	0	0	0	0	0	0	
904	2026-05-08 07:44:57.233	2026-05-08 07:44:58.247	7	0	0	0	0	0	0	0	0	0	0	0	0	
904	2026-05-08 07:45:13.177	2026-05-08 07:45:13.364	8	0	0	0	0	0	0	0	0	0	0	0	0	
904	2026-05-08 07:45:16.687	2026-05-08 07:45:17.217	8	0	0	0	0	0	0	0	0	0	0	0	0	
904	2026-05-08 07:45:17.888	2026-05-08 07:45:17.966	8	0	0	0	0	0	0	0	0	0	0	0	0	
904	2026-05-08 07:45:18.138	2026-05-08 07:45:18.153	8	0	0	0	0	0	0	0	0	0	0	0	0	
904	2026-05-08 07:45:39.276	2026-05-08 07:45:39.510	8	0	0	0	0	0	0	0	0	0	0	0	0	
904	2026-05-08 07:45:39.728	2026-05-08 07:45:43.441	8	0	0	0	0	24	1.18999996781349	3.1980056	0	0	0	0	0	2026-05-08 07:45:39.978
904	2026-05-08 07:45:48.979	2026-05-08 07:45:49.681	8	0	0	0	0	0	0	0	0	0	0	0	0	
904	2026-05-08 07:46:00.819	2026-05-08 07:46:01.069	7	0	0	0	0	0	0	0	0	0	0	0	0	
904	2026-05-08 07:46:02.520	2026-05-08 07:46:02.722	7	0	0	0	0	0	0	0	0	0	0	0	0	
904	2026-05-08 07:46:02.863	2026-05-08 07:46:02.988	7	0	0	0	0	0	0	0	0	0	0	0	0	
904	2026-05-08 07:46:03.643	2026-05-08 07:46:04.376	7	0	0	0	0	0	0	0	0	0	0	0	0	
904	2026-05-08 07:46:04.501	2026-05-08 07:46:06.248	7	0	0	0	0	6	0.252000004053116	0.6864012	0	0	0	0	0	2026-05-08 07:46:05.562
904	2026-05-08 07:46:11.006	2026-05-08 07:46:11.708	7	0	0	0	0	0	0	0	0	0	0	0	0	
904	2026-05-08 07:46:13.221	2026-05-08 07:46:13.393	8	0	0	0	0	0	0	0	0	0	0	0	0	
904	2026-05-08 07:46:12.394	2026-05-08 07:46:13.424	7	0	0	0	0	0	0	0	0	0	0	0	0	
904	2026-05-08 07:46:13.471	2026-05-08 07:46:14.095	8	0	0	0	0	0	0	0	0	0	0	0	0	
904	2026-05-08 07:46:14.188	2026-05-08 07:46:15.062	8	0	0	0	0	0	0	0	0	0	0	0	0	
904	2026-05-08 07:46:17.698	2026-05-08 07:46:17.745	8	0	0	0	0	0	0	0	0	0	0	0	0	
904	2026-05-08 07:46:17.792	2026-05-08 07:46:17.886	8	0	0	0	0	0	0	0	0	0	0	0	0	
904	2026-05-08 07:46:17.979	2026-05-08 07:46:18.057	8	0	0	0	0	0	0	0	0	0	0	0	0	
904	2026-05-08 07:46:18.634	2026-05-08 07:46:18.681	7	0	0	0	0	0	0	0	0	0	0	0	0	
904	2026-05-08 07:47:49.739	2026-05-08 07:47:49.863	8	0	0	0	0	0	0	0	0	0	0	0	0	
904	2026-05-08 07:47:50.815	2026-05-08 07:47:50.909	8	0	0	0	0	0	0	0	0	0	0	0	0	
905	2026-05-08 07:47:51.689	2026-05-08 07:47:51.720	7	0	0	0	0	0	0	0	0	0	0	0	0	
905	2026-05-08 07:47:54.341	2026-05-08 07:47:54.918	7	0	0	0	0	0	0	0	0	0	0	0	0	
905	2026-05-08 07:47:57.804	2026-05-08 07:47:57.897	7	0	0	0	0	0	0	0	0	0	0	0	0	
905	2026-05-08 07:48:01.844	2026-05-08 07:48:02.109	8	0	0	0	0	0	0	0	0	0	0	0	0	
905	2026-05-08 07:48:04.371	2026-05-08 07:48:07.289	8	0	0	0	0	0	0	0	0	0	0	0	0	
905	2026-05-08 07:48:07.523	2026-05-08 07:48:07.569	8	0	0	0	0	0	0	0	0	0	0	0	0	
905	2026-05-08 07:48:08.443	2026-05-08 07:48:08.474	7	0	0	0	0	0	0	0	0	0	0	0	0	
905	2026-05-08 07:48:12.624	2026-05-08 07:48:12.639	8	0	0	0	0	0	0	0	0	0	0	0	0	
905	2026-05-08 07:48:14.231	2026-05-08 07:48:14.309	8	0	0	0	0	0	0	0	0	0	0	0	0	
905	2026-05-08 07:48:16.571	2026-05-08 07:48:16.680	8	0	0	0	0	0	0	0	0	0	0	0	0	
906	2026-05-08 07:48:46.491	2026-05-08 07:48:46.788	7	0	0	0	0	0	0	0	0	0	0	0	0	
902	2026-05-08 07:44:05.020	2026-05-08 07:44:16.268	3	0	0	0	0	73	1.38399999402463	7.5036132	0	0	0	0	0	2026-05-08 07:44:05.363
902	2026-05-08 07:44:17.079	2026-05-08 07:44:17.641	3	0	0	0	0	0	0	0	0	0	0	0	0	
902	2026-05-08 07:44:37.047	2026-05-08 07:44:37.156	4	0	0	0	0	0	0	0	0	0	0	0	0	
902	2026-05-08 07:44:37.484	2026-05-08 07:44:37.983	4	0	0	0	0	0	0	0	0	0	0	0	0	
902	2026-05-08 07:45:16.125	2026-05-08 07:45:16.219	4	0	0	0	0	0	0	0	0	0	0	0	0	
902	2026-05-08 07:45:20.244	2026-05-08 07:45:20.290	4	0	0	0	0	0	0	0	0	0	0	0	0	
902	2026-05-08 07:45:20.758	2026-05-08 07:45:20.868	4	0	0	0	0	0	0	0	0	0	0	0	0	
902	2026-05-08 07:45:21.102	2026-05-08 07:45:21.195	4	0	0	0	0	0	0	0	0	0	0	0	0	
902	2026-05-08 07:45:25.454	2026-05-08 07:45:25.844	4	0	0	0	0	0	0	0	0	0	0	0	0	
908	2026-05-08 07:49:27.208	2026-05-08 07:49:27.410	3	0	0	0	0	0	0	0	0	0	0	0	0	
895	2026-05-08 07:39:16.420	2026-05-08 07:39:23.845	1	0	0	0	0	0	0	0	0	0	0	0	0	
895	2026-05-08 07:39:23.892	2026-05-08 07:39:23.939	1	0	0	0	0	0	0	0	0	0	0	0	0	
895	2026-05-08 07:45:46.233	2026-05-08 07:46:24.843	1	0	0	0	0	0	0	0	0	0	0	0	0	
895	2026-05-08 07:48:03.747	2026-05-08 07:48:04.980	2	0	0	0	0	0	0	0	0	0	0	0	0	
895	2026-05-08 07:46:25.171	2026-05-08 07:48:34.901	1	0	0	0	0	0	0	0	0	0	0	0	0	
895	2026-05-08 07:48:43.964	2026-05-08 07:48:44.604	1	0	0	0	0	0	0	0	0	0	0	0	0	
895	2026-05-08 07:48:44.619	2026-05-08 07:48:45.041	1	0	0	0	0	0	0	0	0	0	0	0	0	
895	2026-05-08 07:48:45.072	2026-05-08 07:48:45.165	1	0	0	0	0	0	0	0	0	0	0	0	0	
895	2026-05-08 07:48:45.228	2026-05-08 07:48:45.337	1	0	0	0	0	0	0	0	0	0	0	0	0	
895	2026-05-08 07:48:45.977	2026-05-08 07:48:46.008	1	0	0	0	0	0	0	0	0	0	0	0	0	
895	2026-05-08 07:48:46.710	2026-05-08 07:48:46.757	1	0	0	0	0	0	0	0	0	0	0	0	0	
895	2026-05-08 07:48:46.835	2026-05-08 07:48:47.396	1	0	0	0	0	0	0	0	0	0	0	0	0	
895	2026-05-08 07:48:48.098	2026-05-08 07:48:48.192	1	0	0	0	0	0	0	0	0	0	0	0	0	
895	2026-05-08 07:48:48.285	2026-05-08 07:48:48.348	1	0	0	0	0	0	0	0	0	0	0	0	0	
895	2026-05-08 07:48:48.426	2026-05-08 07:48:48.519	1	0	0	0	0	0	0	0	0	0	0	0	0	
895	2026-05-08 07:48:48.675	2026-05-08 07:48:48.707	1	0	0	0	0	0	0	0	0	0	0	0	0	
895	2026-05-08 07:48:49.455	2026-05-08 07:48:49.580	1	0	0	0	0	0	0	0	0	0	0	0	0	
895	2026-05-08 07:48:49.596	2026-05-08 07:48:49.721	1	0	0	0	0	0	0	0	0	0	0	0	0	
895	2026-05-08 07:48:49.752	2026-05-08 07:48:50.204	1	0	0	0	0	0	0	0	0	0	0	0	0	
895	2026-05-08 07:48:50.423	2026-05-08 07:48:51.343	1	0	0	0	0	0	0	0	0	0	0	0	0	
895	2026-05-08 07:48:51.546	2026-05-08 07:48:51.686	1	0	0	0	0	0	0	0	0	0	0	0	0	
895	2026-05-08 07:48:51.702	2026-05-08 07:48:52.544	1	0	0	0	0	0	0	0	0	0	0	0	0	
895	2026-05-08 07:48:52.591	2026-05-08 07:48:52.607	1	0	0	0	0	0	0	0	0	0	0	0	0	
895	2026-05-08 07:48:52.700	2026-05-08 07:48:52.809	1	0	0	0	0	0	0	0	0	0	0	0	0	
895	2026-05-08 07:48:52.841	2026-05-08 07:48:52.934	1	0	0	0	0	0	0	0	0	0	0	0	0	
895	2026-05-08 07:48:53.059	2026-05-08 07:48:54.213	1	0	0	0	0	0	0	0	0	0	0	0	0	
895	2026-05-08 07:48:54.385	2026-05-08 07:48:54.541	1	0	0	0	0	0	0	0	0	0	0	0	0	
895	2026-05-08 07:48:54.603	2026-05-08 07:48:56.054	1	0	0	0	0	0	0	0	0	0	0	0	0	
895	2026-05-08 07:48:56.195	2026-05-08 07:48:59.361	1	0	0	0	0	0	0	0	0	0	0	0	0	
895	2026-05-08 07:48:59.408	2026-05-08 07:49:00.485	1	0	0	0	0	0	0	0	0	0	0	0	0	
895	2026-05-08 07:49:00.516	2026-05-08 07:49:02.778	1	0	0	0	0	0	0	0	0	0	0	0	0	
895	2026-05-08 07:49:03.059	2026-05-08 07:49:03.995	1	0	0	0	0	0	0	0	0	0	0	0	0	
895	2026-05-08 07:49:04.041	2026-05-08 07:49:05.695	1	0	0	0	0	0	0	0	0	0	0	0	0	
895	2026-05-08 07:49:06.460	2026-05-08 07:49:06.631	1	0	0	0	0	0	0	0	0	0	0	0	0	
895	2026-05-08 07:49:06.881	2026-05-08 07:49:07.193	1	0	0	0	0	0	0	0	0	0	0	0	0	
895	2026-05-08 07:49:33.728	2026-05-08 07:49:34.384	2	0	0	0	0	0	0	0	0	0	0	0	0	
911	2026-05-08 07:50:10.841	2026-05-08 07:50:10.888	1	0	0	0	0	0	0	0	0	0	0	0	0	
911	2026-05-08 07:50:11.012	2026-05-08 07:50:11.090	1	0	0	0	0	0	0	0	0	0	0	0	0	
909	2026-05-08 07:50:03.914	2026-05-08 07:50:04.304	4	0	0	0	0	0	0	0	0	0	0	0	0	
909	2026-05-08 07:50:19.249	2026-05-08 07:50:19.296	3	0	0	0	0	0	0	0	0	0	0	0	0	
909	2026-05-08 07:50:19.286	2026-05-08 07:50:19.967	4	0	0	0	0	0	0	0	0	0	0	0	0	
909	2026-05-08 07:50:19.795	2026-05-08 07:50:20.045	3	0	0	0	0	0	0	0	0	0	0	0	0	
909	2026-05-08 07:50:20.653	2026-05-08 07:50:21.386	4	0	0	0	0	0	0	0	0	0	0	0	0	
909	2026-05-08 07:50:21.776	2026-05-08 07:50:24.772	3	0	0	0	0	21	0.61599999666214	1.9500034	0	0	0	0	0	2026-05-08 07:50:22.728
909	2026-05-08 07:50:39.685	2026-05-08 07:50:39.982	3	0	0	0	0	0	0	0	0	0	0	0	0	
914	2026-05-08 07:50:54.224	2026-05-08 07:50:54.412	3	0	0	0	0	0	0	0	0	0	0	0	0	
916	2026-05-08 07:51:14.739	2026-05-08 07:51:14.801	4	0	0	0	0	0	0	0	0	0	0	0	0	
916	2026-05-08 07:51:15.659	2026-05-08 07:51:15.924	4	0	0	0	0	0	0	0	0	0	0	0	0	
916	2026-05-08 07:51:16.033	2026-05-08 07:51:16.439	4	0	0	0	0	0	0	0	0	0	0	0	0	
916	2026-05-08 07:51:31.197	2026-05-08 07:51:31.243	3	0	0	0	0	0	0	0	0	0	0	0	0	
916	2026-05-08 07:51:35.377	2026-05-08 07:51:36.329	4	0	0	0	0	0	0	0	0	0	0	0	0	
916	2026-05-08 07:51:39.699	2026-05-08 07:51:42.085	3	0	0	0	0	0	0	0	0	0	0	0	0	
916	2026-05-08 07:51:42.226	2026-05-08 07:51:42.959	3	0	0	0	0	0	0	0	0	0	0	0	0	
916	2026-05-08 07:51:43.162	2026-05-08 07:51:43.474	3	0	0	0	0	0	0	0	0	0	0	0	0	
917	2026-05-08 07:52:00.946	2026-05-08 07:52:01.305	3	0	0	0	0	0	0	0	0	0	0	0	0	
917	2026-05-08 07:52:17.404	2026-05-08 07:52:17.607	3	0	0	0	0	0	0	0	0	0	0	0	0	
917	2026-05-08 07:52:18.075	2026-05-08 07:52:18.231	3	0	0	0	0	0	0	0	0	0	0	0	0	
912	2026-05-08 07:50:15.911	2026-05-08 07:50:16.426	2	0	0	0	0	0	0	0	0	0	0	0	0	
912	2026-05-08 07:50:16.691	2026-05-08 07:50:16.878	2	0	0	0	0	0	0	0	0	0	0	0	0	
896	2026-05-08 07:39:21.848	2026-05-08 07:39:27.808	5	0	0	0	0	23	0.979999970644712	3.2096056	0	0	0	0	0	2026-05-08 07:39:22.051
896	2026-05-08 07:39:30.257	2026-05-08 07:39:30.288	5	0	0	0	0	0	0	0	0	0	0	0	0	
896	2026-05-08 07:39:44.110	2026-05-08 07:39:46.356	5	0	0	0	0	0	0	0	0	0	0	0	0	
896	2026-05-08 07:39:54.063	2026-05-08 07:41:06.525	5	0	0	0	0	0	0	0	0	0	0	0	0	
896	2026-05-08 07:41:10.830	2026-05-08 07:41:10.971	5	0	0	0	0	0	0	0	0	0	0	0	0	
896	2026-05-08 07:41:11.361	2026-05-08 07:41:11.595	5	0	0	0	0	0	0	0	0	0	0	0	0	
896	2026-05-08 07:41:11.688	2026-05-08 07:43:02.214	5	0	0	0	0	0	0	0	0	0	0	0	0	
896	2026-05-08 07:43:02.355	2026-05-08 07:43:02.604	5	0	0	0	0	0	0	0	0	0	0	0	0	
896	2026-05-08 07:43:03.353	2026-05-08 07:46:26.138	5	0	0	0	0	0	0	0	0	0	0	0	0	
896	2026-05-08 07:46:26.481	2026-05-08 07:46:26.544	5	0	0	0	0	0	0	0	0	0	0	0	0	
896	2026-05-08 07:46:26.793	2026-05-08 07:46:49.210	5	0	0	0	0	0	0	0	0	0	0	0	0	
896	2026-05-08 07:46:49.226	2026-05-08 07:50:15.599	5	0	0	0	0	0	0	0	0	0	0	0	0	
896	2026-05-08 07:50:19.312	2026-05-08 07:50:19.842	5	0	0	0	0	0	0	0	0	0	0	0	0	
896	2026-05-08 07:50:20.138	2026-05-08 07:50:51.713	5	0	0	0	0	0	0	0	0	0	0	0	0	
896	2026-05-08 07:50:52.072	2026-05-08 07:50:53.226	5	0	0	0	0	0	0	0	0	0	0	0	0	
896	2026-05-08 07:50:55.098	2026-05-08 07:50:59.560	5	0	0	0	0	0	0	0	0	0	0	0	0	
896	2026-05-08 07:51:02.664	2026-05-08 07:51:11.587	5	0	0	0	0	0	0	0	0	0	0	0	0	
896	2026-05-08 07:51:17.094	2026-05-08 07:51:39.496	5	0	0	0	0	0	0	0	0	0	0	0	0	
896	2026-05-08 07:51:40.947	2026-05-08 07:51:40.978	5	0	0	0	0	0	0	0	0	0	0	0	0	
896	2026-05-08 07:51:41.383	2026-05-08 07:51:41.446	5	0	0	0	0	0	0	0	0	0	0	0	0	
896	2026-05-08 07:51:42.975	2026-05-08 07:51:43.099	5	0	0	0	0	0	0	0	0	0	0	0	0	
896	2026-05-08 07:51:43.131	2026-05-08 07:51:43.380	5	0	0	0	0	0	0	0	0	0	0	0	0	
896	2026-05-08 07:51:43.536	2026-05-08 07:51:43.739	6	0	0	0	0	0	0	0	0	0	0	0	0	
896	2026-05-08 07:51:48.637	2026-05-08 07:51:48.684	5	0	0	0	0	0	0	0	0	0	0	0	0	
896	2026-05-08 07:51:49.792	2026-05-08 07:51:50.993	5	0	0	0	0	5	0.224000006914139	0.6552011	0	0	0	0	0	2026-05-08 07:51:50.338
896	2026-05-08 07:51:43.942	2026-05-08 07:51:51.570	6	0	0	0	0	0	0	0	0	0	0	0	0	
919	2026-05-08 07:52:28.293	2026-05-08 07:52:28.948	6	0	0	0	0	0	0	0	0	0	0	0	0	
919	2026-05-08 07:52:29.291	2026-05-08 07:52:29.385	5	0	0	0	0	0	0	0	0	0	0	0	0	
918	2026-05-08 07:52:33.363	2026-05-08 07:52:33.456	4	0	0	0	0	0	0	0	0	0	0	0	0	
918	2026-05-08 07:52:34.408	2026-05-08 07:52:35.281	4	0	0	0	0	0	0	0	0	0	0	0	0	
918	2026-05-08 07:52:35.141	2026-05-08 07:52:35.313	3	0	0	0	0	0	0	0	0	0	0	0	0	
918	2026-05-08 07:52:37.621	2026-05-08 07:52:37.855	3	0	0	0	0	0	0	0	0	0	0	0	0	
918	2026-05-08 07:52:38.823	2026-05-08 07:52:39.057	3	0	0	0	0	0	0	0	0	0	0	0	0	
918	2026-05-08 07:52:45.858	2026-05-08 07:52:46.014	4	0	0	0	0	0	0	0	0	0	0	0	0	
918	2026-05-08 07:52:49.415	2026-05-08 07:52:49.977	4	0	0	0	0	0	0	0	0	0	0	0	0	
918	2026-05-08 07:52:50.460	2026-05-08 07:52:54.158	4	0	0	0	0	0	0	0	0	0	0	0	0	
918	2026-05-08 07:52:55.718	2026-05-08 07:52:56.139	4	0	0	0	0	0	0	0	0	0	0	0	0	
918	2026-05-08 07:53:01.599	2026-05-08 07:53:01.692	4	0	0	0	0	0	0	0	0	0	0	0	0	
918	2026-05-08 07:53:05.592	2026-05-08 07:53:05.842	4	0	0	0	0	0	0	0	0	0	0	0	0	
918	2026-05-08 07:53:08.993	2026-05-08 07:53:09.071	4	0	0	0	0	0	0	0	0	0	0	0	0	
918	2026-05-08 07:53:09.134	2026-05-08 07:53:10.116	4	0	0	0	0	0	0	0	0	0	0	0	0	
918	2026-05-08 07:53:10.990	2026-05-08 07:53:11.084	4	0	0	0	0	0	0	0	0	0	0	0	0	
918	2026-05-08 07:53:16.450	2026-05-08 07:53:16.575	3	0	0	0	0	0	0	0	0	0	0	0	0	
918	2026-05-08 07:53:14.640	2026-05-08 07:53:17.074	4	0	0	0	0	0	0	0	0	0	0	0	0	
918	2026-05-08 07:53:17.480	2026-05-08 07:53:17.948	4	0	0	0	0	0	0	0	0	0	0	0	0	
918	2026-05-08 07:53:18.292	2026-05-08 07:53:18.306	4	0	0	0	0	0	0	0	0	0	0	0	0	
918	2026-05-08 07:53:18.977	2026-05-08 07:53:19.274	4	0	0	0	0	0	0	0	0	0	0	0	0	
918	2026-05-08 07:54:17.072	2026-05-08 07:54:17.118	3	0	0	0	0	0	0	0	0	0	0	0	0	
920	2026-05-08 07:52:42.988	2026-05-08 07:52:43.081	5	0	0	0	0	0	0	0	0	0	0	0	0	
920	2026-05-08 07:52:43.191	2026-05-08 07:52:51.880	5	0	0	0	0	57	2.31000007688999	6.9264122	0	0	0	0	0	2026-05-08 07:52:43.518
920	2026-05-08 07:53:32.752	2026-05-08 07:53:35.669	6	0	0	0	0	22	1.02199995517731	2.5584045	0	0	0	0	0	2026-05-08 07:53:33.111
920	2026-05-08 07:53:43.329	2026-05-08 07:53:45.310	6	0	0	0	0	14	0.560000002384186	1.5132026	0	0	0	0	0	2026-05-08 07:53:43.656
921	2026-05-08 07:55:01.111	2026-05-08 07:55:01.282	5	0	0	0	0	0	0	0	0	0	0	0	0	
921	2026-05-08 07:55:01.875	2026-05-08 07:55:07.897	5	0	0	0	0	20	0.867999970912933	2.277604	0	0	0	0	0	2026-05-08 07:55:02.187
923	2026-05-08 07:55:34.510	2026-05-08 07:55:35.571	4	0	0	0	0	0	0	0	0	0	0	0	0	
923	2026-05-08 07:55:36.039	2026-05-08 07:55:39.877	4	0	0	0	0	0	0	0	0	0	0	0	0	
923	2026-05-08 07:55:39.908	2026-05-08 07:55:39.955	4	0	0	0	0	0	0	0	0	0	0	0	0	
923	2026-05-08 07:55:39.986	2026-05-08 07:55:40.017	4	0	0	0	0	0	0	0	0	0	0	0	0	
923	2026-05-08 07:55:40.313	2026-05-08 07:55:40.610	4	0	0	0	0	0	0	0	0	0	0	0	0	
923	2026-05-08 07:55:40.657	2026-05-08 07:55:42.404	4	0	0	0	0	0	0	0	0	0	0	0	0	
923	2026-05-08 07:55:42.482	2026-05-08 07:55:42.794	4	0	0	0	0	0	0	0	0	0	0	0	0	
923	2026-05-08 07:55:42.919	2026-05-08 07:55:42.950	4	0	0	0	0	0	0	0	0	0	0	0	0	
924	2026-05-08 07:55:49.486	2026-05-08 07:55:51.967	4	0	0	0	0	0	0	0	0	0	0	0	0	
922	2026-05-08 07:55:41.749	2026-05-08 07:55:41.873	5	0	0	0	0	0	0	0	0	0	0	0	0	
922	2026-05-08 07:55:43.043	2026-05-08 07:55:43.667	6	0	0	0	0	0	0	0	0	0	0	0	0	
925	2026-05-08 07:56:02.341	2026-05-08 07:56:02.497	5	0	0	0	0	0	0	0	0	0	0	0	0	
907	2026-05-08 07:49:08.753	2026-05-08 07:49:09.049	8	0	0	0	0	0	0	0	0	0	0	0	0	
907	2026-05-08 07:52:59.477	2026-05-08 07:52:59.571	7	0	0	0	0	0	0	0	0	0	0	0	0	
907	2026-05-08 07:53:00.273	2026-05-08 07:53:00.382	7	0	0	0	0	0	0	0	0	0	0	0	0	
907	2026-05-08 07:53:07.355	2026-05-08 07:53:07.371	7	0	0	0	0	0	0	0	0	0	0	0	0	
928	2026-05-08 07:56:48.376	2026-05-08 07:56:48.913	4	0	0	0	0	0	0	0	0	0	0	0	0	
928	2026-05-08 07:56:48.922	2026-05-08 07:56:49.125	3	0	0	0	0	0	0	0	0	0	0	0	0	
928	2026-05-08 07:56:55.053	2026-05-08 07:56:57.736	3	0	0	0	0	22	1.14800000190735	2.3400041	0	0	0	0	0	2026-05-08 07:56:55.350
928	2026-05-08 07:57:07.923	2026-05-08 07:57:08.048	4	0	0	0	0	0	0	0	0	0	0	0	0	
928	2026-05-08 07:57:08.922	2026-05-08 07:57:09.904	4	0	0	0	0	0	0	0	0	0	0	0	0	
928	2026-05-08 07:57:09.951	2026-05-08 07:57:11.558	4	0	0	0	0	0	0	0	0	0	0	0	0	
928	2026-05-08 07:57:12.135	2026-05-08 07:57:12.166	3	0	0	0	0	0	0	0	0	0	0	0	0	
928	2026-05-08 07:57:11.886	2026-05-08 07:57:12.354	4	0	0	0	0	0	0	0	0	0	0	0	0	
927	2026-05-08 07:56:45.568	2026-05-08 07:56:46.005	7	0	0	0	0	0	0	0	0	0	0	0	0	
927	2026-05-08 07:56:46.052	2026-05-08 07:56:46.161	7	0	0	0	0	0	0	0	0	0	0	0	0	
927	2026-05-08 07:58:14.629	2026-05-08 07:58:14.691	7	0	0	0	0	0	0	0	0	0	0	0	0	
931	2026-05-08 07:57:39.747	2026-05-08 07:57:43.444	1	0	0	0	0	0	0	0	0	0	0	0	0	
930	2026-05-08 07:57:24.241	2026-05-08 07:57:25.146	4	0	0	0	0	2	0.0280000008642673	0.3588006	0	0	0	0	0	2026-05-08 07:57:24.787
930	2026-05-08 07:57:41.214	2026-05-08 07:57:41.276	4	0	0	0	0	0	0	0	0	0	0	0	0	
930	2026-05-08 07:57:44.739	2026-05-08 07:57:46.814	4	0	0	0	0	0	0	0	0	0	0	0	0	
930	2026-05-08 07:57:46.954	2026-05-08 07:57:47.235	4	0	0	0	0	0	0	0	0	0	0	0	0	
930	2026-05-08 07:57:47.391	2026-05-08 07:57:47.734	4	0	0	0	0	0	0	0	0	0	0	0	0	
930	2026-05-08 07:57:48.078	2026-05-08 07:57:48.514	4	0	0	0	0	0	0	0	0	0	0	0	0	
930	2026-05-08 07:57:48.561	2026-05-08 07:57:48.842	4	0	0	0	0	0	0	0	0	0	0	0	0	
930	2026-05-08 07:57:49.045	2026-05-08 07:57:52.446	4	0	0	0	0	0	0	0	0	0	0	0	0	
930	2026-05-08 07:57:53.850	2026-05-08 07:57:53.912	4	0	0	0	0	0	0	0	0	0	0	0	0	
930	2026-05-08 07:57:53.974	2026-05-08 07:57:54.099	4	0	0	0	0	0	0	0	0	0	0	0	0	
930	2026-05-08 07:58:00.932	2026-05-08 07:58:01.353	4	0	0	0	0	0	0	0	0	0	0	0	0	
930	2026-05-08 07:58:06.969	2026-05-08 07:58:07.936	4	0	0	0	0	0	0	0	0	0	0	0	0	
930	2026-05-08 07:58:09.075	2026-05-08 07:58:09.465	4	0	0	0	0	0	0	0	0	0	0	0	0	
930	2026-05-08 07:58:09.528	2026-05-08 07:58:09.876	4	0	0	0	0	0	0	0	0	0	0	0	0	
930	2026-05-08 07:58:09.637	2026-05-08 07:58:09.886	3	0	0	0	0	0	0	0	0	0	0	0	0	
930	2026-05-08 07:58:29.589	2026-05-08 07:58:29.714	4	0	0	0	0	0	0	0	0	0	0	0	0	
930	2026-05-08 07:58:38.793	2026-05-08 07:58:38.856	3	0	0	0	0	0	0	0	0	0	0	0	0	
930	2026-05-08 07:58:39.480	2026-05-08 07:58:39.636	4	0	0	0	0	0	0	0	0	0	0	0	0	
930	2026-05-08 07:58:39.839	2026-05-08 07:58:40.073	3	0	0	0	0	0	0	0	0	0	0	0	0	
930	2026-05-08 07:58:42.990	2026-05-08 07:58:43.005	4	0	0	0	0	0	0	0	0	0	0	0	0	
933	2026-05-08 07:58:49.074	2026-05-08 07:58:49.339	4	0	0	0	0	0	0	0	0	0	0	0	0	
933	2026-05-08 07:58:49.433	2026-05-08 07:58:49.823	3	0	0	0	0	0	0	0	0	0	0	0	0	
934	2026-05-08 07:58:55.829	2026-05-08 07:58:56.484	1	0	0	0	0	0	0	0	0	0	0	0	0	
934	2026-05-08 07:58:56.983	2026-05-08 07:58:57.950	2	0	0	0	0	0	0	0	0	0	0	0	0	
934	2026-05-08 07:58:57.825	2026-05-08 07:58:58.075	1	0	0	0	0	0	0	0	0	0	0	0	0	
934	2026-05-08 07:59:00.290	2026-05-08 07:59:00.306	1	0	0	0	0	0	0	0	0	0	0	0	0	
935	2026-05-08 07:59:11.678	2026-05-08 07:59:11.881	4	0	0	0	0	0	0	0	0	0	0	0	0	
935	2026-05-08 07:59:17.918	2026-05-08 07:59:18.215	3	0	0	0	0	0	0	0	0	0	0	0	0	
935	2026-05-08 07:59:18.293	2026-05-08 07:59:18.979	3	0	0	0	0	0	0	0	0	0	0	0	0	
935	2026-05-08 07:59:19.010	2026-05-08 07:59:19.899	3	0	0	0	0	0	0	0	0	0	0	0	0	
935	2026-05-08 07:59:21.959	2026-05-08 07:59:22.355	3	0	0	0	0	0	0	0	0	0	0	0	0	
935	2026-05-08 07:59:23.160	2026-05-08 07:59:23.191	3	0	0	0	0	0	0	0	0	0	0	0	0	
935	2026-05-08 07:59:23.300	2026-05-08 07:59:23.628	3	0	0	0	0	0	0	0	0	0	0	0	0	
929	2026-05-08 07:56:58.719	2026-05-08 07:56:59.265	5	0	0	0	0	0	0	0	0	0	0	0	0	
929	2026-05-08 07:57:02.526	2026-05-08 07:57:07.455	6	0	0	0	0	35	1.52600002661347	4.2744075	0	0	0	0	0	2026-05-08 07:57:02.884
929	2026-05-08 07:57:07.502	2026-05-08 07:57:07.518	6	0	0	0	0	0	0	0	0	0	0	0	0	
929	2026-05-08 07:57:10.138	2026-05-08 07:57:13.836	6	0	0	0	0	27	1.14800000190735	3.0888054	0	0	0	0	0	2026-05-08 07:57:10.591
929	2026-05-08 07:58:23.318	2026-05-08 07:58:23.521	6	0	0	0	0	0	0	0	0	0	0	0	0	
929	2026-05-08 07:58:23.833	2026-05-08 07:58:23.942	6	0	0	0	0	0	0	0	0	0	0	0	0	
929	2026-05-08 07:58:24.254	2026-05-08 07:58:27.140	6	0	0	0	0	0	0	0	0	0	0	0	0	
929	2026-05-08 07:58:29.230	2026-05-08 07:58:33.817	6	0	0	0	0	0	0	0	0	0	0	0	0	
929	2026-05-08 07:58:51.414	2026-05-08 07:58:51.570	6	0	0	0	0	0	0	0	0	0	0	0	0	
929	2026-05-08 07:58:51.679	2026-05-08 07:58:51.710	6	0	0	0	0	0	0	0	0	0	0	0	0	
929	2026-05-08 07:58:51.944	2026-05-08 07:58:52.178	6	0	0	0	0	0	0	0	0	0	0	0	0	
929	2026-05-08 07:58:52.428	2026-05-08 07:58:52.740	6	0	0	0	0	0	0	0	0	0	0	0	0	
929	2026-05-08 07:58:52.943	2026-05-08 07:58:53.223	6	0	0	0	0	0	0	0	0	0	0	0	0	
929	2026-05-08 08:00:37.759	2026-05-08 08:00:38.087	6	0	0	0	0	0	0	0	0	0	0	0	0	
929	2026-05-08 08:00:38.258	2026-05-08 08:01:32.219	6	0	0	0	0	0	0	0	0	0	0	0	0	
929	2026-05-08 08:01:32.484	2026-05-08 08:01:32.624	6	0	0	0	0	0	0	0	0	0	0	0	0	
929	2026-05-08 08:01:33.202	2026-05-08 08:01:37.975	6	0	0	0	0	8	0.112000001594424	1.4352026	0	0	0	0	0	2026-05-08 08:01:33.779
941	2026-05-08 08:07:24.374	2026-05-08 08:07:24.389	5	0	0	0	0	0	0	0	0	0	0	0	0	
941	2026-05-08 08:07:25.450	2026-05-08 08:07:25.809	5	0	0	0	0	0	0	0	0	0	0	0	0	
940	2026-05-08 08:05:20.884	2026-05-08 08:05:22.335	8	0	0	0	0	0	0	0	0	0	0	0	0	
940	2026-05-08 08:06:16.451	2026-05-08 08:06:19.961	8	0	0	0	0	0	0	0	0	0	0	0	0	
940	2026-05-08 08:06:24.189	2026-05-08 08:06:29.977	8	0	0	0	0	0	0	0	0	0	0	0	0	
940	2026-05-08 08:07:03.049	2026-05-08 08:07:03.298	8	0	0	0	0	0	0	0	0	0	0	0	0	
940	2026-05-08 08:07:03.688	2026-05-08 08:07:03.751	8	0	0	0	0	0	0	0	0	0	0	0	0	
940	2026-05-08 08:07:03.813	2026-05-08 08:07:03.844	8	0	0	0	0	0	0	0	0	0	0	0	0	
940	2026-05-08 08:07:06.527	2026-05-08 08:07:29.444	8	0	0	0	0	0	0	0	0	0	0	0	0	
940	2026-05-08 08:07:32.065	2026-05-08 08:07:32.361	8	0	0	0	0	0	0	0	0	0	0	0	0	
940	2026-05-08 08:08:22.453	2026-05-08 08:08:54.776	8	0	0	0	0	0	0	0	0	0	0	0	0	
938	2026-05-08 07:59:50.054	2026-05-08 07:59:50.163	4	0	0	0	0	0	0	0	0	0	0	0	0	
938	2026-05-08 07:59:50.444	2026-05-08 07:59:50.616	4	0	0	0	0	0	0	0	0	0	0	0	0	
938	2026-05-08 07:59:52.472	2026-05-08 07:59:53.845	3	0	0	0	0	0	0	0	0	0	0	0	0	
938	2026-05-08 07:59:58.041	2026-05-08 08:00:06.185	3	0	0	0	0	30	6.00600004196167	7.8156138	0	0	0	0	0	2026-05-08 07:59:58.307
938	2026-05-08 08:00:53.203	2026-05-08 08:00:53.671	3	0	0	0	0	0	0	0	0	0	0	0	0	
938	2026-05-08 08:00:53.905	2026-05-08 08:00:53.952	3	0	0	0	0	0	0	0	0	0	0	0	0	
938	2026-05-08 08:00:55.699	2026-05-08 08:00:55.746	3	0	0	0	0	0	0	0	0	0	0	0	0	
938	2026-05-08 08:00:56.417	2026-05-08 08:00:56.526	3	0	0	0	0	0	0	0	0	0	0	0	0	
938	2026-05-08 08:01:05.886	2026-05-08 08:01:05.948	3	0	0	0	0	0	0	0	0	0	0	0	0	
938	2026-05-08 08:01:06.448	2026-05-08 08:01:08.741	3	0	0	0	0	0	0	0	0	0	0	0	0	
938	2026-05-08 08:01:13.795	2026-05-08 08:01:14.123	3	0	0	0	0	0	0	0	0	0	0	0	0	
938	2026-05-08 08:01:14.185	2026-05-08 08:01:14.232	3	0	0	0	0	0	0	0	0	0	0	0	0	
938	2026-05-08 08:01:14.294	2026-05-08 08:01:15.886	3	0	0	0	0	0	0	0	0	0	0	0	0	
938	2026-05-08 08:01:15.964	2026-05-08 08:01:16.073	3	0	0	0	0	0	0	0	0	0	0	0	0	
938	2026-05-08 08:01:17.804	2026-05-08 08:01:18.116	3	0	0	0	0	0	0	0	0	0	0	0	0	
938	2026-05-08 08:01:18.272	2026-05-08 08:01:19.006	3	0	0	0	0	0	0	0	0	0	0	0	0	
938	2026-05-08 08:01:21.736	2026-05-08 08:01:21.876	3	0	0	0	0	0	0	0	0	0	0	0	0	
938	2026-05-08 08:01:22.016	2026-05-08 08:01:22.079	3	0	0	0	0	0	0	0	0	0	0	0	0	
938	2026-05-08 08:01:22.204	2026-05-08 08:01:22.328	3	0	0	0	0	0	0	0	0	0	0	0	0	
938	2026-05-08 08:01:23.077	2026-05-08 08:01:23.218	3	0	0	0	0	0	0	0	0	0	0	0	0	
938	2026-05-08 08:01:28.241	2026-05-08 08:01:28.740	3	0	0	0	0	0	0	0	0	0	0	0	0	
938	2026-05-08 08:01:29.021	2026-05-08 08:01:29.614	3	0	0	0	0	0	0	0	0	0	0	0	0	
938	2026-05-08 08:01:29.692	2026-05-08 08:01:29.770	3	0	0	0	0	0	0	0	0	0	0	0	0	
938	2026-05-08 08:01:30.019	2026-05-08 08:01:30.066	3	0	0	0	0	0	0	0	0	0	0	0	0	
938	2026-05-08 08:01:31.751	2026-05-08 08:01:31.860	3	0	0	0	0	0	0	0	0	0	0	0	0	
938	2026-05-08 08:01:32.110	2026-05-08 08:01:32.578	3	0	0	0	0	0	0	0	0	0	0	0	0	
938	2026-05-08 08:02:20.485	2026-05-08 08:02:20.516	3	0	0	0	0	0	0	0	0	0	0	0	0	
938	2026-05-08 08:03:01.014	2026-05-08 08:03:01.108	3	0	0	0	0	0	0	0	0	0	0	0	0	
938	2026-05-08 08:03:02.418	2026-05-08 08:03:24.851	3	0	0	0	0	0	0	0	0	0	0	0	0	
938	2026-05-08 08:03:25.709	2026-05-08 08:06:46.747	3	0	0	0	0	0	0	0	0	0	0	0	0	
938	2026-05-08 08:06:47.152	2026-05-08 08:08:49.737	3	0	0	0	0	0	0	0	0	0	0	0	0	
936	2026-05-08 07:59:13.675	2026-05-08 07:59:20.180	2	0	0	0	0	14	0.21000000461936	2.6676047	0	0	0	0	0	2026-05-08 07:59:14.658
936	2026-05-08 07:59:20.711	2026-05-08 07:59:21.459	2	0	0	0	0	0	0	0	0	0	0	0	0	
936	2026-05-08 07:59:26.467	2026-05-08 08:00:00.818	2	0	0	0	0	0	0	0	0	0	0	0	0	
936	2026-05-08 08:07:36.355	2026-05-08 08:07:40.707	2	0	0	0	0	0	0	0	0	0	0	0	0	
936	2026-05-08 08:09:13.870	2026-05-08 08:09:14.089	2	0	0	0	0	0	0	0	0	0	0	0	0	
936	2026-05-08 08:09:24.026	2026-05-08 08:09:24.073	2	0	0	0	0	0	0	0	0	0	0	0	0	
936	2026-05-08 08:09:25.836	2026-05-08 08:09:26.834	2	0	0	0	0	0	0	0	0	0	0	0	0	
936	2026-05-08 08:09:32.559	2026-05-08 08:09:32.824	2	0	0	0	0	0	0	0	0	0	0	0	0	
936	2026-05-08 08:09:32.887	2026-05-08 08:09:33.183	2	0	0	0	0	0	0	0	0	0	0	0	0	
936	2026-05-08 08:09:33.292	2026-05-08 08:09:33.480	2	0	0	0	0	0	0	0	0	0	0	0	0	
936	2026-05-08 08:09:33.714	2026-05-08 08:09:33.838	2	0	0	0	0	0	0	0	0	0	0	0	0	
936	2026-05-08 08:09:33.948	2026-05-08 08:09:34.057	2	0	0	0	0	0	0	0	0	0	0	0	0	
936	2026-05-08 08:09:34.135	2026-05-08 08:09:34.291	2	0	0	0	0	0	0	0	0	0	0	0	0	
936	2026-05-08 08:09:34.338	2026-05-08 08:09:34.400	1	0	0	0	0	0	0	0	0	0	0	0	0	
936	2026-05-08 08:09:34.525	2026-05-08 08:09:35.336	2	0	0	0	0	0	0	0	0	0	0	0	0	
936	2026-05-08 08:09:35.508	2026-05-08 08:09:35.648	1	0	0	0	0	0	0	0	0	0	0	0	0	
936	2026-05-08 08:09:35.726	2026-05-08 08:09:35.757	2	0	0	0	0	0	0	0	0	0	0	0	0	
936	2026-05-08 08:09:37.239	2026-05-08 08:09:37.598	2	0	0	0	0	0	0	0	0	0	0	0	0	
936	2026-05-08 08:09:37.801	2026-05-08 08:09:37.941	2	0	0	0	0	0	0	0	0	0	0	0	0	
936	2026-05-08 08:09:38.097	2026-05-08 08:09:38.706	2	0	0	0	0	0	0	0	0	0	0	0	0	
942	2026-05-08 08:09:21.374	2026-05-08 08:09:21.421	6	0	0	0	0	0	0	0	0	0	0	0	0	
942	2026-05-08 08:09:20.001	2026-05-08 08:09:21.483	5	0	0	0	0	0	0	0	0	0	0	0	0	
942	2026-05-08 08:09:21.514	2026-05-08 08:09:21.561	6	0	0	0	0	0	0	0	0	0	0	0	0	
942	2026-05-08 08:09:37.541	2026-05-08 08:09:37.816	6	0	0	0	0	0	0	0	0	0	0	0	0	
943	2026-05-08 08:09:13.356	2026-05-08 08:09:13.668	7	0	0	0	0	0	0	0	0	0	0	0	0	
943	2026-05-08 08:09:02.966	2026-05-08 08:09:40.687	8	0	0	0	0	0	0	0	0	0	0	0	0	
949	2026-05-08 08:09:47.130	2026-05-08 08:09:47.410	2	0	0	0	0	0	0	0	0	0	0	0	0	
949	2026-05-08 08:09:48.440	2026-05-08 08:09:48.502	2	0	0	0	0	0	0	0	0	0	0	0	0	
949	2026-05-08 08:09:48.596	2026-05-08 08:09:48.892	2	0	0	0	0	0	0	0	0	0	0	0	0	
949	2026-05-08 08:09:48.924	2026-05-08 08:09:49.002	2	0	0	0	0	0	0	0	0	0	0	0	0	
949	2026-05-08 08:09:49.501	2026-05-08 08:09:49.735	2	0	0	0	0	0	0	0	0	0	0	0	0	
949	2026-05-08 08:09:49.906	2026-05-08 08:09:49.922	2	0	0	0	0	0	0	0	0	0	0	0	0	
949	2026-05-08 08:09:50.062	2026-05-08 08:09:50.218	2	0	0	0	0	0	0	0	0	0	0	0	0	
949	2026-05-08 08:09:50.406	2026-05-08 08:09:50.842	2	0	0	0	0	0	0	0	0	0	0	0	0	
949	2026-05-08 08:09:51.139	2026-05-08 08:09:51.357	2	0	0	0	0	0	0	0	0	0	0	0	0	
949	2026-05-08 08:09:56.677	2026-05-08 08:09:57.067	2	0	0	0	0	0	0	0	0	0	0	0	0	
949	2026-05-08 08:09:57.114	2026-05-08 08:09:57.129	2	0	0	0	0	0	0	0	0	0	0	0	0	
949	2026-05-08 08:09:57.348	2026-05-08 08:09:57.644	2	0	0	0	0	0	0	0	0	0	0	0	0	
952	2026-05-08 08:09:59.735	2026-05-08 08:10:00.109	2	0	0	0	0	0	0	0	0	0	0	0	0	
952	2026-05-08 08:10:01.934	2026-05-08 08:10:02.293	2	0	0	0	0	0	0	0	0	0	0	0	0	
952	2026-05-08 08:10:02.371	2026-05-08 08:10:02.636	2	0	0	0	0	0	0	0	0	0	0	0	0	
952	2026-05-08 08:10:02.714	2026-05-08 08:10:03.198	2	0	0	0	0	0	0	0	0	0	0	0	0	
952	2026-05-08 08:10:03.245	2026-05-08 08:10:03.401	2	0	0	0	0	0	0	0	0	0	0	0	0	
952	2026-05-08 08:10:03.479	2026-05-08 08:10:03.619	2	0	0	0	0	0	0	0	0	0	0	0	0	
952	2026-05-08 08:10:04.165	2026-05-08 08:10:04.571	2	0	0	0	0	0	0	0	0	0	0	0	0	
952	2026-05-08 08:10:04.836	2026-05-08 08:10:05.195	2	0	0	0	0	0	0	0	0	0	0	0	0	
952	2026-05-08 08:10:05.460	2026-05-08 08:10:05.772	2	0	0	0	0	0	0	0	0	0	0	0	0	
952	2026-05-08 08:10:06.318	2026-05-08 08:10:06.801	2	0	0	0	0	0	0	0	0	0	0	0	0	
952	2026-05-08 08:10:06.864	2026-05-08 08:10:06.926	2	0	0	0	0	0	0	0	0	0	0	0	0	
952	2026-05-08 08:10:07.129	2026-05-08 08:10:08.845	2	0	0	0	0	0	0	0	0	0	0	0	0	
952	2026-05-08 08:10:09.578	2026-05-08 08:10:09.656	2	0	0	0	0	0	0	0	0	0	0	0	0	
952	2026-05-08 08:10:09.875	2026-05-08 08:10:10.140	2	0	0	0	0	0	0	0	0	0	0	0	0	
952	2026-05-08 08:10:11.591	2026-05-08 08:10:11.903	2	0	0	0	0	0	0	0	0	0	0	0	0	
952	2026-05-08 08:10:12.074	2026-05-08 08:10:12.121	2	0	0	0	0	0	0	0	0	0	0	0	0	
952	2026-05-08 08:10:12.199	2026-05-08 08:10:12.215	2	0	0	0	0	0	0	0	0	0	0	0	0	
952	2026-05-08 08:10:12.433	2026-05-08 08:10:12.979	2	0	0	0	0	0	0	0	0	0	0	0	0	
952	2026-05-08 08:10:13.026	2026-05-08 08:10:13.244	2	0	0	0	0	0	0	0	0	0	0	0	0	
952	2026-05-08 08:10:13.291	2026-05-08 08:10:13.369	2	0	0	0	0	0	0	0	0	0	0	0	0	
952	2026-05-08 08:10:13.587	2026-05-08 08:10:13.665	2	0	0	0	0	0	0	0	0	0	0	0	0	
952	2026-05-08 08:10:13.743	2026-05-08 08:10:13.790	2	0	0	0	0	0	0	0	0	0	0	0	0	
952	2026-05-08 08:10:14.071	2026-05-08 08:10:14.258	2	0	0	0	0	0	0	0	0	0	0	0	0	
952	2026-05-08 08:10:14.929	2026-05-08 08:10:14.991	2	0	0	0	0	0	0	0	0	0	0	0	0	
953	2026-05-08 08:10:19.484	2026-05-08 08:10:19.703	2	0	0	0	0	0	0	0	0	0	0	0	0	
953	2026-05-08 08:10:20.264	2026-05-08 08:10:20.951	2	0	0	0	0	0	0	0	0	0	0	0	0	
953	2026-05-08 08:10:24.024	2026-05-08 08:10:26.567	1	0	0	0	0	0	0	0	0	0	0	0	0	
953	2026-05-08 08:10:26.925	2026-05-08 08:10:27.019	1	0	0	0	0	0	0	0	0	0	0	0	0	
951	2026-05-08 08:09:58.159	2026-05-08 08:09:58.284	8	0	0	0	0	0	0	0	0	0	0	0	0	
951	2026-05-08 08:09:59.651	2026-05-08 08:10:00.374	8	0	0	0	0	0	0	0	0	0	0	0	0	
951	2026-05-08 08:10:20.030	2026-05-08 08:10:20.139	7	0	0	0	0	0	0	0	0	0	0	0	0	
955	2026-05-08 08:11:16.518	2026-05-08 08:11:16.643	2	0	0	0	0	0	0	0	0	0	0	0	0	
955	2026-05-08 08:11:17.017	2026-05-08 08:11:17.048	2	0	0	0	0	0	0	0	0	0	0	0	0	
955	2026-05-08 08:11:17.298	2026-05-08 08:11:17.797	2	0	0	0	0	0	0	0	0	0	0	0	0	
961	2026-05-08 08:13:14.704	2026-05-08 08:13:15.546	5	0	0	0	0	0	0	0	0	0	0	0	0	
961	2026-05-08 08:13:10.741	2026-05-08 08:13:21.630	6	0	0	0	0	0	0	0	0	0	0	0	0	
960	2026-05-08 08:13:21.568	2026-05-08 08:13:21.817	8	0	0	0	0	0	0	0	0	0	0	0	0	
960	2026-05-08 08:13:22.613	2026-05-08 08:13:24.750	7	0	0	0	0	0	0	0	0	0	0	0	0	
960	2026-05-08 08:13:24.890	2026-05-08 08:13:29.524	7	0	0	0	0	0	0	0	0	0	0	0	0	
960	2026-05-08 08:13:29.711	2026-05-08 08:13:29.960	7	0	0	0	0	0	0	0	0	0	0	0	0	
960	2026-05-08 08:13:30.038	2026-05-08 08:13:30.163	7	0	0	0	0	0	0	0	0	0	0	0	0	
964	2026-05-08 08:14:00.287	2026-05-08 08:14:01.223	3	0	0	0	0	0	0	0	0	0	0	0	0	
964	2026-05-08 08:13:55.841	2026-05-08 08:14:01.348	4	0	0	0	0	0	0	0	0	0	0	0	0	
964	2026-05-08 08:14:08.789	2026-05-08 08:14:08.929	4	0	0	0	0	0	0	0	0	0	0	0	0	
965	2026-05-08 08:14:16.729	2026-05-08 08:14:16.776	6	0	0	0	0	0	0	0	0	0	0	0	0	
965	2026-05-08 08:14:16.792	2026-05-08 08:14:21.269	6	0	0	0	0	12	0.168000005185604	2.4024043	0	0	0	0	0	2026-05-08 08:14:16.963
967	2026-05-08 08:14:39.973	2026-05-08 08:14:40.098	5	0	0	0	0	0	0	0	0	0	0	0	0	
967	2026-05-08 08:14:42.360	2026-05-08 08:14:48.709	5	0	0	0	0	2	0.0700000002980232	0.3432006	0	0	0	0	0	2026-05-08 08:14:42.703
967	2026-05-08 08:14:54.778	2026-05-08 08:15:00.737	5	0	0	0	0	2	0.0839999988675117	0.3432006	0	0	0	0	0	2026-05-08 08:14:55.074
967	2026-05-08 08:15:20.705	2026-05-08 08:15:24.636	6	0	0	0	0	23	0.882000029087067	2.6676046	0	0	0	0	0	2026-05-08 08:15:21.454
967	2026-05-08 08:15:30.892	2026-05-08 08:15:31.594	6	0	0	0	0	0	0	0	0	0	0	0	0	
967	2026-05-08 08:15:31.984	2026-05-08 08:15:32.124	6	0	0	0	0	0	0	0	0	0	0	0	0	
967	2026-05-08 08:15:32.187	2026-05-08 08:15:32.265	6	0	0	0	0	0	0	0	0	0	0	0	0	
967	2026-05-08 08:15:32.358	2026-05-08 08:15:32.436	6	0	0	0	0	0	0	0	0	0	0	0	0	
967	2026-05-08 08:15:32.764	2026-05-08 08:15:32.811	6	0	0	0	0	0	0	0	0	0	0	0	0	
967	2026-05-08 08:15:33.778	2026-05-08 08:15:33.949	6	0	0	0	0	0	0	0	0	0	0	0	0	
967	2026-05-08 08:15:34.854	2026-05-08 08:15:35.104	6	0	0	0	0	0	0	0	0	0	0	0	0	
967	2026-05-08 08:15:43.700	2026-05-08 08:15:44.355	6	0	0	0	0	0	0	0	0	0	0	0	0	
967	2026-05-08 08:15:48.411	2026-05-08 08:15:48.458	5	0	0	0	0	0	0	0	0	0	0	0	0	
967	2026-05-08 08:15:50.142	2026-05-08 08:15:50.408	5	0	0	0	0	0	0	0	0	0	0	0	0	
967	2026-05-08 08:17:15.006	2026-05-08 08:17:15.350	5	0	0	0	0	0	0	0	0	0	0	0	0	
967	2026-05-08 08:17:34.975	2026-05-08 08:17:35.084	6	0	0	0	0	0	0	0	0	0	0	0	0	
967	2026-05-08 08:17:42.260	2026-05-08 08:17:42.338	6	0	0	0	0	0	0	0	0	0	0	0	0	
967	2026-05-08 08:17:52.868	2026-05-08 08:17:57.251	6	0	0	0	0	35	1.61000001430511	3.993607	0	0	0	0	0	2026-05-08 08:17:53.149
967	2026-05-08 08:18:28.186	2026-05-08 08:18:28.483	5	0	0	0	0	0	0	0	0	0	0	0	0	
967	2026-05-08 08:18:38.030	2026-05-08 08:18:38.077	5	0	0	0	0	0	0	0	0	0	0	0	0	
967	2026-05-08 08:18:38.139	2026-05-08 08:18:38.342	5	0	0	0	0	0	0	0	0	0	0	0	0	
967	2026-05-08 08:18:41.212	2026-05-08 08:18:44.363	5	0	0	0	0	21	1.11999997496605	2.7104048	0	0	0	0	0	2026-05-08 08:18:41.633
967	2026-05-08 08:18:54.893	2026-05-08 08:18:54.987	6	0	0	0	0	0	0	0	0	0	0	0	0	
967	2026-05-08 08:19:00.229	2026-05-08 08:19:01.305	5	0	0	0	0	1	0.0419999994337559	0.2184003	0	0	0	0	0	2026-05-08 08:19:00.541
967	2026-05-08 08:19:07.015	2026-05-08 08:19:08.559	5	0	0	0	0	0	0	0	0	0	0	0	0	
967	2026-05-08 08:19:09.027	2026-05-08 08:19:10.462	5	0	0	0	0	2	0.112000003457069	0.3588006	0	0	0	0	0	2026-05-08 08:19:09.495
966	2026-05-08 08:15:41.484	2026-05-08 08:15:41.625	4	0	0	0	0	0	0	0	0	0	0	0	0	
963	2026-05-08 08:13:37.105	2026-05-08 08:13:37.199	8	0	0	0	0	0	0	0	0	0	0	0	0	
963	2026-05-08 08:13:42.986	2026-05-08 08:13:43.189	8	0	0	0	0	0	0	0	0	0	0	0	0	
963	2026-05-08 08:13:43.486	2026-05-08 08:13:44.032	8	0	0	0	0	0	0	0	0	0	0	0	0	
963	2026-05-08 08:13:53.314	2026-05-08 08:14:07.775	8	0	0	0	0	38	0.532000008970499	6.5818118	0	0	0	0	0	2026-05-08 08:13:54.016
963	2026-05-08 08:14:11.566	2026-05-08 08:14:12.252	8	0	0	0	0	0	0	0	0	0	0	0	0	
963	2026-05-08 08:14:27.899	2026-05-08 08:14:27.915	8	0	0	0	0	0	0	0	0	0	0	0	0	
963	2026-05-08 08:17:45.037	2026-05-08 08:18:31.384	8	0	0	0	0	0	0	0	0	0	0	0	0	
963	2026-05-08 08:18:56.251	2026-05-08 08:18:56.266	8	0	0	0	0	0	0	0	0	0	0	0	0	
963	2026-05-08 08:19:25.033	2026-05-08 08:19:32.318	8	0	0	0	0	0	0	0	0	0	0	0	0	
968	2026-05-08 08:19:34.876	2026-05-08 08:19:40.024	3	0	0	0	0	23	0.336000004783273	3.2866058	0	0	0	0	0	2026-05-08 08:19:35.890
968	2026-05-08 08:19:43.191	2026-05-08 08:19:43.566	3	0	0	0	0	0	0	0	0	0	0	0	0	
969	2026-05-08 08:19:52.192	2026-05-08 08:19:52.582	3	0	0	0	0	0	0	0	0	0	0	0	0	
970	2026-05-08 08:20:19.118	2026-05-08 08:20:19.414	5	0	0	0	0	0	0	0	0	0	0	0	0	
972	2026-05-08 08:20:20.007	2026-05-08 08:20:20.101	5	0	0	0	0	0	0	0	0	0	0	0	0	
972	2026-05-08 08:20:20.226	2026-05-08 08:20:20.397	6	0	0	0	0	0	0	0	0	0	0	0	0	
972	2026-05-08 08:20:20.241	2026-05-08 08:20:20.662	5	0	0	0	0	0	0	0	0	0	0	0	0	
972	2026-05-08 08:20:20.834	2026-05-08 08:20:21.130	6	0	0	0	0	0	0	0	0	0	0	0	0	
971	2026-05-08 08:20:19.867	2026-05-08 08:20:21.567	4	0	0	0	0	0	0	0	0	0	0	0	0	
959	2026-05-08 08:11:47.749	2026-05-08 08:11:59.668	1	0	0	0	0	86	4.0729999281466	10.7172188	0	0	0	0	0	2026-05-08 08:11:48.155
959	2026-05-08 08:12:17.452	2026-05-08 08:12:18.247	1	0	0	0	0	0	0	0	0	0	0	0	0	
959	2026-05-08 08:12:18.668	2026-05-08 08:12:19.214	1	0	0	0	0	0	0	0	0	0	0	0	0	
959	2026-05-08 08:12:21.289	2026-05-08 08:12:27.108	1	0	0	0	0	0	0	0	0	0	0	0	0	
959	2026-05-08 08:13:32.597	2026-05-08 08:13:32.659	1	0	0	0	0	0	0	0	0	0	0	0	0	
959	2026-05-08 08:13:48.681	2026-05-08 08:13:48.743	1	0	0	0	0	0	0	0	0	0	0	0	0	
959	2026-05-08 08:13:52.159	2026-05-08 08:13:52.206	1	0	0	0	0	0	0	0	0	0	0	0	0	
959	2026-05-08 08:13:52.986	2026-05-08 08:13:53.033	1	0	0	0	0	0	0	0	0	0	0	0	0	
959	2026-05-08 08:13:53.205	2026-05-08 08:13:53.236	1	0	0	0	0	0	0	0	0	0	0	0	0	
959	2026-05-08 08:13:53.891	2026-05-08 08:13:53.922	1	0	0	0	0	0	0	0	0	0	0	0	0	
959	2026-05-08 08:13:59.585	2026-05-08 08:13:59.663	1	0	0	0	0	0	0	0	0	0	0	0	0	
959	2026-05-08 08:14:03.625	2026-05-08 08:14:04.109	1	0	0	0	0	0	0	0	0	0	0	0	0	
959	2026-05-08 08:15:48.832	2026-05-08 08:15:49.097	2	0	0	0	0	0	0	0	0	0	0	0	0	
959	2026-05-08 08:15:49.128	2026-05-08 08:15:49.238	2	0	0	0	0	0	0	0	0	0	0	0	0	
959	2026-05-08 08:15:51.640	2026-05-08 08:15:53.309	2	0	0	0	0	10	0.460999995470047	1.2168022	0	0	0	0	0	2026-05-08 08:15:52.077
959	2026-05-08 08:15:58.691	2026-05-08 08:15:58.769	2	0	0	0	0	0	0	0	0	0	0	0	0	
959	2026-05-08 08:15:59.268	2026-05-08 08:15:59.565	2	0	0	0	0	0	0	0	0	0	0	0	0	
959	2026-05-08 08:16:00.236	2026-05-08 08:17:38.828	2	0	0	0	0	0	0	0	0	0	0	0	0	
959	2026-05-08 08:18:19.123	2026-05-08 08:18:20.683	1	0	0	0	0	0	0	0	0	0	0	0	0	
959	2026-05-08 08:18:20.792	2026-05-08 08:18:21.104	1	0	0	0	0	0	0	0	0	0	0	0	0	
959	2026-05-08 08:17:39.608	2026-05-08 08:18:21.977	2	0	0	0	0	0	0	0	0	0	0	0	0	
959	2026-05-08 08:18:27.203	2026-05-08 08:20:29.414	2	0	0	0	0	0	0	0	0	0	0	0	0	
974	2026-05-08 08:20:37.167	2026-05-08 08:20:37.230	5	0	0	0	0	0	0	0	0	0	0	0	0	
975	2026-05-08 08:20:32.316	2026-05-08 08:20:33.423	2	0	0	0	0	0	0	0	0	0	0	0	0	
975	2026-05-08 08:20:47.136	2026-05-08 08:20:47.276	2	0	0	0	0	0	0	0	0	0	0	0	0	
980	2026-05-08 08:20:45.466	2026-05-08 08:20:46.356	4	0	0	0	0	0	0	0	0	0	0	0	0	
980	2026-05-08 08:20:49.944	2026-05-08 08:20:52.221	4	0	0	0	0	0	0	0	0	0	0	0	0	
980	2026-05-08 08:20:52.954	2026-05-08 08:20:53.188	4	0	0	0	0	0	0	0	0	0	0	0	0	
980	2026-05-08 08:20:53.547	2026-05-08 08:20:54.483	4	0	0	0	0	0	0	0	0	0	0	0	0	
980	2026-05-08 08:21:15.590	2026-05-08 08:21:15.746	4	0	0	0	0	0	0	0	0	0	0	0	0	
980	2026-05-08 08:21:16.027	2026-05-08 08:21:16.604	4	0	0	0	0	0	0	0	0	0	0	0	0	
980	2026-05-08 08:21:19.396	2026-05-08 08:21:20.910	4	0	0	0	0	0	0	0	0	0	0	0	0	
986	2026-05-08 08:21:37.586	2026-05-08 08:22:14.792	1	0	0	0	0	0	0	0	0	0	0	0	0	
986	2026-05-08 08:22:15.089	2026-05-08 08:22:17.834	1	0	0	0	0	0	0	0	0	0	0	0	0	
985	2026-05-08 08:21:54.871	2026-05-08 08:21:55.105	4	0	0	0	0	0	0	0	0	0	0	0	0	
985	2026-05-08 08:21:55.261	2026-05-08 08:21:55.589	4	0	0	0	0	0	0	0	0	0	0	0	0	
985	2026-05-08 08:21:55.760	2026-05-08 08:21:56.088	4	0	0	0	0	0	0	0	0	0	0	0	0	
985	2026-05-08 08:21:56.166	2026-05-08 08:21:56.556	4	0	0	0	0	0	0	0	0	0	0	0	0	
985	2026-05-08 08:22:00.503	2026-05-08 08:22:01.922	4	0	0	0	0	1	0.0700000002980232	0.2808005	0	0	0	0	0	2026-05-08 08:22:00.783
985	2026-05-08 08:22:04.449	2026-05-08 08:22:04.559	4	0	0	0	0	0	0	0	0	0	0	0	0	
985	2026-05-08 08:22:05.573	2026-05-08 08:22:05.729	4	0	0	0	0	0	0	0	0	0	0	0	0	
989	2026-05-08 08:23:04.197	2026-05-08 08:23:04.946	4	0	0	0	0	0	0	0	0	0	0	0	0	
989	2026-05-08 08:23:09.314	2026-05-08 08:23:17.442	3	0	0	0	0	26	0.364000007510185	3.8382068	0	0	0	0	0	2026-05-08 08:23:10.172
989	2026-05-08 08:23:21.685	2026-05-08 08:23:21.763	3	0	0	0	0	0	0	0	0	0	0	0	0	
989	2026-05-08 08:23:24.212	2026-05-08 08:23:24.680	4	0	0	0	0	0	0	0	0	0	0	0	0	
989	2026-05-08 08:23:24.852	2026-05-08 08:23:24.946	4	0	0	0	0	0	0	0	0	0	0	0	0	
990	2026-05-08 08:23:32.839	2026-05-08 08:23:33.026	3	0	0	0	0	0	0	0	0	0	0	0	0	
990	2026-05-08 08:23:55.756	2026-05-08 08:23:55.990	4	0	0	0	0	0	0	0	0	0	0	0	0	
990	2026-05-08 08:23:59.874	2026-05-08 08:24:00.514	4	0	0	0	0	2	0.0700000002980232	0.3588006	0	0	0	0	0	2026-05-08 08:24:00.108
990	2026-05-08 08:24:14.663	2026-05-08 08:24:15.115	4	0	0	0	0	1	0.0140000004321337	0.2028004	0	0	0	0	0	2026-05-08 08:24:14.912
990	2026-05-08 08:24:17.908	2026-05-08 08:24:18.610	4	0	0	0	0	3	0.0839999988675117	0.4524008	0	0	0	0	0	2026-05-08 08:24:18.157
990	2026-05-08 08:24:30.762	2026-05-08 08:24:33.352	4	0	0	0	0	6	0.265999998897314	1.0452018	0	0	0	0	0	2026-05-08 08:24:31.277
990	2026-05-08 08:24:35.738	2026-05-08 08:24:36.674	4	0	0	0	0	0	0	0	0	0	0	0	0	
990	2026-05-08 08:24:36.830	2026-05-08 08:24:37.330	4	0	0	0	0	0	0	0	0	0	0	0	0	
990	2026-05-08 08:24:37.517	2026-05-08 08:24:37.564	4	0	0	0	0	0	0	0	0	0	0	0	0	
990	2026-05-08 08:24:37.735	2026-05-08 08:24:38.640	4	0	0	0	0	0	0	0	0	0	0	0	0	
991	2026-05-08 08:24:53.101	2026-05-08 08:24:53.554	4	0	0	0	0	0	0	0	0	0	0	0	0	
991	2026-05-08 08:24:55.816	2026-05-08 08:24:55.894	3	0	0	0	0	0	0	0	0	0	0	0	0	
991	2026-05-08 08:24:56.065	2026-05-08 08:24:56.440	4	0	0	0	0	0	0	0	0	0	0	0	0	
991	2026-05-08 08:25:00.823	2026-05-08 08:25:07.484	4	0	0	0	0	21	0.938000001013279	3.2474057	0	0	0	0	0	2026-05-08 08:25:02.898
991	2026-05-08 08:25:17.406	2026-05-08 08:25:21.805	4	0	0	0	0	31	1.72199994511902	3.9156068	0	0	0	0	0	2026-05-08 08:25:17.687
991	2026-05-08 08:25:40.369	2026-05-08 08:25:40.479	3	0	0	0	0	0	0	0	0	0	0	0	0	
991	2026-05-08 08:25:40.525	2026-05-08 08:25:47.670	3	0	0	0	0	49	2.42199996486306	6.3754111	0	0	0	0	0	2026-05-08 08:25:41.227
991	2026-05-08 08:25:49.917	2026-05-08 08:25:50.213	3	0	0	0	0	0	0	0	0	0	0	0	0	
991	2026-05-08 08:25:51.882	2026-05-08 08:25:52.038	3	0	0	0	0	0	0	0	0	0	0	0	0	
991	2026-05-08 08:25:53.208	2026-05-08 08:25:53.224	3	0	0	0	0	0	0	0	0	0	0	0	0	
991	2026-05-08 08:25:53.676	2026-05-08 08:25:55.486	3	0	0	0	0	3	0.0419999994337559	0.4212007	0	0	0	0	0	2026-05-08 08:25:54.940
984	2026-05-08 08:20:58.056	2026-05-08 08:21:01.113	5	0	0	0	0	19	0.896000027656555	2.3400041	0	0	0	0	0	2026-05-08 08:20:58.711
984	2026-05-08 08:21:20.863	2026-05-08 08:21:21.019	5	0	0	0	0	0	0	0	0	0	0	0	0	
984	2026-05-08 08:21:26.120	2026-05-08 08:21:31.409	6	0	0	0	0	39	2.07200002670288	4.7892084	0	0	0	0	0	2026-05-08 08:21:26.510
984	2026-05-08 08:21:37.711	2026-05-08 08:21:41.580	6	0	0	0	0	30	1.67999994754791	3.6348064	0	0	0	0	0	2026-05-08 08:21:37.883
984	2026-05-08 08:23:17.068	2026-05-08 08:23:17.099	6	0	0	0	0	0	0	0	0	0	0	0	0	
984	2026-05-08 08:23:19.595	2026-05-08 08:23:19.610	6	0	0	0	0	0	0	0	0	0	0	0	0	
984	2026-05-08 08:25:03.132	2026-05-08 08:25:03.538	6	0	0	0	0	0	0	0	0	0	0	0	0	
984	2026-05-08 08:25:03.787	2026-05-08 08:25:04.380	6	0	0	0	0	0	0	0	0	0	0	0	0	
993	2026-05-08 08:27:01.770	2026-05-08 08:27:02.082	5	0	0	0	0	0	0	0	0	0	0	0	0	
994	2026-05-08 08:27:38.415	2026-05-08 08:27:38.649	6	0	0	0	0	0	0	0	0	0	0	0	0	
997	2026-05-08 08:27:55.512	2026-05-08 08:27:55.684	2	0	0	0	0	0	0	0	0	0	0	0	0	
997	2026-05-08 08:25:53.021	2026-05-08 08:27:58.695	1	0	0	0	0	0	0	0	0	0	0	0	0	
997	2026-05-08 08:28:01.487	2026-05-08 08:28:21.393	1	0	0	0	0	30	0.42000000923872	5.9562102	0	0	0	0	0	2026-05-08 08:28:02.049
997	2026-05-08 08:28:23.249	2026-05-08 08:28:23.686	1	0	0	0	0	0	0	0	0	0	0	0	0	
997	2026-05-08 08:28:23.717	2026-05-08 08:28:23.764	1	0	0	0	0	0	0	0	0	0	0	0	0	
997	2026-05-08 08:28:23.951	2026-05-08 08:28:24.357	1	0	0	0	0	0	0	0	0	0	0	0	0	
997	2026-05-08 08:28:26.151	2026-05-08 08:28:34.949	1	0	0	0	0	0	0	0	0	0	0	0	0	
992	2026-05-08 08:26:55.203	2026-05-08 08:26:55.951	4	0	0	0	0	0	0	0	0	0	0	0	0	
992	2026-05-08 08:26:55.764	2026-05-08 08:26:55.998	3	0	0	0	0	0	0	0	0	0	0	0	0	
992	2026-05-08 08:27:15.467	2026-05-08 08:27:15.498	3	0	0	0	0	0	0	0	0	0	0	0	0	
992	2026-05-08 08:27:15.686	2026-05-08 08:27:15.701	3	0	0	0	0	0	0	0	0	0	0	0	0	
992	2026-05-08 08:27:15.935	2026-05-08 08:27:16.013	3	0	0	0	0	0	0	0	0	0	0	0	0	
992	2026-05-08 08:27:12.488	2026-05-08 08:27:16.169	4	0	0	0	0	0	0	0	0	0	0	0	0	
992	2026-05-08 08:27:16.778	2026-05-08 08:27:16.918	4	0	0	0	0	0	0	0	0	0	0	0	0	
992	2026-05-08 08:27:17.199	2026-05-08 08:27:17.511	4	0	0	0	0	0	0	0	0	0	0	0	0	
992	2026-05-08 08:27:17.714	2026-05-08 08:27:21.083	4	0	0	0	0	0	0	0	0	0	0	0	0	
992	2026-05-08 08:27:22.815	2026-05-08 08:27:22.877	4	0	0	0	0	0	0	0	0	0	0	0	0	
992	2026-05-08 08:27:27.994	2026-05-08 08:27:28.197	4	0	0	0	0	0	0	0	0	0	0	0	0	
992	2026-05-08 08:27:37.229	2026-05-08 08:27:44.280	3	0	0	0	0	54	2.96800005435944	6.2244109	0	0	0	0	0	2026-05-08 08:27:37.760
992	2026-05-08 08:27:37.479	2026-05-08 08:27:45.170	4	0	0	0	0	0	0	0	0	0	0	0	0	
992	2026-05-08 08:27:50.801	2026-05-08 08:27:51.659	4	0	0	0	0	0	0	0	0	0	0	0	0	
992	2026-05-08 08:27:53.516	2026-05-08 08:27:53.562	4	0	0	0	0	0	0	0	0	0	0	0	0	
992	2026-05-08 08:28:15.590	2026-05-08 08:28:15.917	4	0	0	0	0	0	0	0	0	0	0	0	0	
992	2026-05-08 08:28:17.134	2026-05-08 08:28:17.540	4	0	0	0	0	0	0	0	0	0	0	0	0	
992	2026-05-08 08:28:18.881	2026-05-08 08:28:19.006	4	0	0	0	0	0	0	0	0	0	0	0	0	
992	2026-05-08 08:28:54.886	2026-05-08 08:28:55.760	3	0	0	0	0	0	0	0	0	0	0	0	0	
992	2026-05-08 08:28:55.978	2026-05-08 08:28:59.098	3	0	0	0	0	25	1.59599995613098	2.9016051	0	0	0	0	0	2026-05-08 08:28:56.134
992	2026-05-08 08:29:00.845	2026-05-08 08:29:01.142	3	0	0	0	0	0	0	0	0	0	0	0	0	
992	2026-05-08 08:28:55.791	2026-05-08 08:29:01.345	4	0	0	0	0	0	0	0	0	0	0	0	0	
992	2026-05-08 08:29:01.766	2026-05-08 08:29:01.859	3	0	0	0	0	0	0	0	0	0	0	0	0	
992	2026-05-08 08:29:01.922	2026-05-08 08:29:01.969	3	0	0	0	0	0	0	0	0	0	0	0	0	
992	2026-05-08 08:29:02.031	2026-05-08 08:29:02.125	3	0	0	0	0	0	0	0	0	0	0	0	0	
992	2026-05-08 08:29:02.593	2026-05-08 08:29:02.624	3	0	0	0	0	0	0	0	0	0	0	0	0	
992	2026-05-08 08:29:02.733	2026-05-08 08:29:02.827	3	0	0	0	0	0	0	0	0	0	0	0	0	
992	2026-05-08 08:29:03.107	2026-05-08 08:29:03.295	3	0	0	0	0	0	0	0	0	0	0	0	0	
992	2026-05-08 08:29:03.981	2026-05-08 08:29:04.192	3	0	0	0	0	0	0	0	0	0	0	0	0	
992	2026-05-08 08:29:04.777	2026-05-08 08:29:04.933	3	0	0	0	0	0	0	0	0	0	0	0	0	
992	2026-05-08 08:29:05.026	2026-05-08 08:29:05.167	3	0	0	0	0	0	0	0	0	0	0	0	0	
992	2026-05-08 08:29:05.728	2026-05-08 08:29:06.181	4	0	0	0	0	0	0	0	0	0	0	0	0	
992	2026-05-08 08:29:06.571	2026-05-08 08:29:06.617	4	0	0	0	0	0	0	0	0	0	0	0	0	
992	2026-05-08 08:29:08.365	2026-05-08 08:29:11.063	3	0	0	0	0	0	0	0	0	0	0	0	0	
992	2026-05-08 08:29:11.235	2026-05-08 08:29:11.953	4	0	0	0	0	0	0	0	0	0	0	0	0	
999	2026-05-08 08:29:04.199	2026-05-08 08:29:07.163	2	0	0	0	0	2	0.0280000008642673	0.4368008	0	0	0	0	0	2026-05-08 08:29:05.260
999	2026-05-08 08:29:11.079	2026-05-08 08:29:11.531	1	0	0	0	0	0	0	0	0	0	0	0	0	
999	2026-05-08 08:29:18.005	2026-05-08 08:29:18.130	2	0	0	0	0	0	0	0	0	0	0	0	0	
999	2026-05-08 08:29:19.331	2026-05-08 08:29:20.158	2	0	0	0	0	1	0.0140000004321337	0.2652005	0	0	0	0	0	2026-05-08 08:29:19.628
999	2026-05-08 08:29:21.406	2026-05-08 08:29:21.531	2	0	0	0	0	0	0	0	0	0	0	0	0	
999	2026-05-08 08:29:22.077	2026-05-08 08:29:22.436	2	0	0	0	0	0	0	0	0	0	0	0	0	
999	2026-05-08 08:29:23.029	2026-05-08 08:29:23.122	2	0	0	0	0	0	0	0	0	0	0	0	0	
999	2026-05-08 08:29:23.512	2026-05-08 08:29:23.590	2	0	0	0	0	0	0	0	0	0	0	0	0	
999	2026-05-08 08:29:23.902	2026-05-08 08:29:24.292	2	0	0	0	0	0	0	0	0	0	0	0	0	
999	2026-05-08 08:29:24.464	2026-05-08 08:29:24.651	2	0	0	0	0	0	0	0	0	0	0	0	0	
999	2026-05-08 08:29:28.816	2026-05-08 08:29:30.501	2	0	0	0	0	0	0	0	0	0	0	0	0	
999	2026-05-08 08:29:30.860	2026-05-08 08:29:31.000	2	0	0	0	0	0	0	0	0	0	0	0	0	
999	2026-05-08 08:29:31.063	2026-05-08 08:29:31.078	2	0	0	0	0	0	0	0	0	0	0	0	0	
999	2026-05-08 08:29:31.281	2026-05-08 08:29:31.343	2	0	0	0	0	0	0	0	0	0	0	0	0	
1004	2026-05-08 08:29:40.407	2026-05-08 08:29:41.842	1	0	0	0	0	0	0	0	0	0	0	0	0	
1003	2026-05-08 08:29:33.013	2026-05-08 08:29:33.496	4	0	0	0	0	0	0	0	0	0	0	0	0	
1003	2026-05-08 08:29:34.947	2026-05-08 08:29:36.023	4	0	0	0	0	0	0	0	0	0	0	0	0	
1003	2026-05-08 08:29:36.070	2026-05-08 08:29:36.086	4	0	0	0	0	0	0	0	0	0	0	0	0	
1003	2026-05-08 08:29:42.357	2026-05-08 08:29:42.482	3	0	0	0	0	0	0	0	0	0	0	0	0	
1003	2026-05-08 08:29:46.663	2026-05-08 08:29:47.037	4	0	0	0	0	0	0	0	0	0	0	0	0	
1003	2026-05-08 08:29:47.131	2026-05-08 08:29:47.552	4	0	0	0	0	0	0	0	0	0	0	0	0	
1003	2026-05-08 08:29:47.677	2026-05-08 08:29:48.269	4	0	0	0	0	0	0	0	0	0	0	0	0	
1003	2026-05-08 08:29:48.316	2026-05-08 08:29:49.455	4	0	0	0	0	0	0	0	0	0	0	0	0	
1003	2026-05-08 08:29:49.502	2026-05-08 08:29:53.339	4	0	0	0	0	0	0	0	0	0	0	0	0	
1003	2026-05-08 08:29:53.386	2026-05-08 08:29:56.085	4	0	0	0	0	0	0	0	0	0	0	0	0	
1003	2026-05-08 08:29:56.335	2026-05-08 08:29:56.600	4	0	0	0	0	0	0	0	0	0	0	0	0	
1003	2026-05-08 08:29:56.662	2026-05-08 08:29:56.974	4	0	0	0	0	0	0	0	0	0	0	0	0	
1003	2026-05-08 08:29:57.364	2026-05-08 08:29:59.096	4	0	0	0	0	0	0	0	0	0	0	0	0	
1003	2026-05-08 08:29:59.735	2026-05-08 08:30:01.155	4	0	0	0	0	0	0	0	0	0	0	0	0	
1003	2026-05-08 08:30:01.124	2026-05-08 08:30:01.171	3	0	0	0	0	0	0	0	0	0	0	0	0	
1003	2026-05-08 08:30:01.295	2026-05-08 08:30:01.311	3	0	0	0	0	0	0	0	0	0	0	0	0	
1003	2026-05-08 08:30:01.670	2026-05-08 08:30:01.717	4	0	0	0	0	0	0	0	0	0	0	0	0	
1003	2026-05-08 08:30:02.949	2026-05-08 08:30:03.167	3	0	0	0	0	0	0	0	0	0	0	0	0	
1005	2026-05-08 08:30:03.464	2026-05-08 08:30:03.557	1	0	0	0	0	0	0	0	0	0	0	0	0	
1005	2026-05-08 08:30:03.885	2026-05-08 08:30:05.679	1	0	0	0	0	9	0.238000005483627	1.0236018	0	0	0	0	0	2026-05-08 08:30:04.649
1005	2026-05-08 08:30:08.674	2026-05-08 08:30:08.799	1	0	0	0	0	0	0	0	0	0	0	0	0	
1006	2026-05-08 08:30:10.312	2026-05-08 08:30:10.390	4	0	0	0	0	0	0	0	0	0	0	0	0	
1007	2026-05-08 08:30:21.872	2026-05-08 08:30:22.043	1	0	0	0	0	0	0	0	0	0	0	0	0	
1007	2026-05-08 08:30:59.000	2026-05-08 08:31:11.496	2	0	0	0	0	118	4.18599988520145	11.6688204	0	0	0	0	0	2026-05-08 08:30:59.312
1010	2026-05-08 08:32:01.322	2026-05-08 08:32:01.556	1	0	0	0	0	0	0	0	0	0	0	0	0	
996	2026-05-08 08:27:52.580	2026-05-08 08:28:00.177	5	0	0	0	0	10	0.364000003784895	1.3104024	0	0	0	0	0	2026-05-08 08:27:52.814
996	2026-05-08 08:28:49.130	2026-05-08 08:28:53.997	6	0	0	0	0	17	0.756000012159348	2.3088041	0	0	0	0	0	2026-05-08 08:28:49.379
996	2026-05-08 08:29:58.909	2026-05-08 08:29:58.924	5	0	0	0	0	0	0	0	0	0	0	0	0	
996	2026-05-08 08:30:01.748	2026-05-08 08:30:01.857	5	0	0	0	0	0	0	0	0	0	0	0	0	
996	2026-05-08 08:30:02.294	2026-05-08 08:30:02.419	5	0	0	0	0	0	0	0	0	0	0	0	0	
996	2026-05-08 08:30:02.512	2026-05-08 08:30:02.684	5	0	0	0	0	0	0	0	0	0	0	0	0	
996	2026-05-08 08:30:03.027	2026-05-08 08:30:03.074	5	0	0	0	0	0	0	0	0	0	0	0	0	
996	2026-05-08 08:30:03.121	2026-05-08 08:30:03.511	5	0	0	0	0	0	0	0	0	0	0	0	0	
996	2026-05-08 08:30:03.620	2026-05-08 08:30:03.713	5	0	0	0	0	0	0	0	0	0	0	0	0	
996	2026-05-08 08:30:03.745	2026-05-08 08:30:03.791	5	0	0	0	0	0	0	0	0	0	0	0	0	
996	2026-05-08 08:30:03.876	2026-05-08 08:30:04.213	5	0	0	0	0	0	0	0	0	0	0	0	0	
996	2026-05-08 08:30:04.244	2026-05-08 08:30:04.353	5	0	0	0	0	0	0	0	0	0	0	0	0	
996	2026-05-08 08:30:04.478	2026-05-08 08:30:04.618	5	0	0	0	0	0	0	0	0	0	0	0	0	
996	2026-05-08 08:33:35.250	2026-05-08 08:33:35.531	6	0	0	0	0	0	0	0	0	0	0	0	0	
996	2026-05-08 08:33:44.235	2026-05-08 08:33:44.423	6	0	0	0	0	0	0	0	0	0	0	0	0	
996	2026-05-08 08:33:56.247	2026-05-08 08:33:56.310	6	0	0	0	0	0	0	0	0	0	0	0	0	
996	2026-05-08 08:33:56.622	2026-05-08 08:33:56.762	6	0	0	0	0	0	0	0	0	0	0	0	0	
996	2026-05-08 08:33:57.230	2026-05-08 08:33:57.261	6	0	0	0	0	0	0	0	0	0	0	0	0	
996	2026-05-08 08:33:57.277	2026-05-08 08:33:57.402	6	0	0	0	0	0	0	0	0	0	0	0	0	
996	2026-05-08 08:33:57.464	2026-05-08 08:34:02.441	6	0	0	0	0	12	0.574000008404255	1.6068028	0	0	0	0	0	2026-05-08 08:33:59.321
996	2026-05-08 08:34:06.075	2026-05-08 08:34:06.263	6	0	0	0	0	0	0	0	0	0	0	0	0	
1012	2026-05-08 08:33:40.694	2026-05-08 08:33:40.881	7	0	0	0	0	0	0	0	0	0	0	0	0	
1011	2026-05-08 08:32:18.248	2026-05-08 08:32:18.934	2	0	0	0	0	0	0	0	0	0	0	0	0	
1011	2026-05-08 08:32:40.072	2026-05-08 08:32:46.781	1	0	0	0	0	54	2.92599994130433	6.3538112	0	0	0	0	0	2026-05-08 08:32:40.353
1011	2026-05-08 08:34:02.082	2026-05-08 08:34:13.220	2	0	0	0	0	13	0.433999985456467	1.4508025	0	0	0	0	0	2026-05-08 08:34:11.660
1011	2026-05-08 08:34:50.785	2026-05-08 08:34:56.214	1	0	0	0	0	46	0.980000028386712	4.6754082	0	0	0	0	0	2026-05-08 08:34:51.273
1013	2026-05-08 08:34:58.570	2026-05-08 08:34:59.786	8	0	0	0	0	0	0	0	0	0	0	0	0	
1013	2026-05-08 08:35:10.363	2026-05-08 08:35:10.410	8	0	0	0	0	0	0	0	0	0	0	0	0	
1015	2026-05-08 08:35:22.079	2026-05-08 08:35:23.389	1	0	0	0	0	0	0	0	0	0	0	0	0	
1016	2026-05-08 08:35:33.919	2026-05-08 08:35:34.028	2	0	0	0	0	0	0	0	0	0	0	0	0	
1016	2026-05-08 08:35:40.206	2026-05-08 08:35:42.031	2	0	0	0	0	0	0	0	0	0	0	0	0	
1016	2026-05-08 08:35:42.172	2026-05-08 08:35:43.654	2	0	0	0	0	7	0.30799999833107	0.8268015	0	0	0	0	0	2026-05-08 08:35:42.390
1016	2026-05-08 08:35:51.454	2026-05-08 08:35:55.198	1	0	0	0	0	0	0	0	0	0	0	0	0	
1016	2026-05-08 08:35:55.744	2026-05-08 08:35:55.946	1	0	0	0	0	0	0	0	0	0	0	0	0	
1016	2026-05-08 08:35:59.207	2026-05-08 08:35:59.612	1	0	0	0	0	0	0	0	0	0	0	0	0	
1016	2026-05-08 08:36:00.158	2026-05-08 08:36:00.408	1	0	0	0	0	0	0	0	0	0	0	0	0	
1016	2026-05-08 08:36:00.580	2026-05-08 08:36:00.642	1	0	0	0	0	0	0	0	0	0	0	0	0	
1016	2026-05-08 08:36:02.810	2026-05-08 08:36:02.982	1	0	0	0	0	0	0	0	0	0	0	0	0	
1016	2026-05-08 08:36:34.619	2026-05-08 08:36:34.775	2	0	0	0	0	0	0	0	0	0	0	0	0	
1016	2026-05-08 08:36:35.867	2026-05-08 08:36:38.223	2	0	0	0	0	13	0.476000010967255	1.4352025	0	0	0	0	0	2026-05-08 08:36:36.304
1016	2026-05-08 08:36:43.683	2026-05-08 08:36:45.820	1	0	0	0	0	6	0.238000005483627	0.7020012	0	0	0	0	0	2026-05-08 08:36:43.854
1016	2026-05-08 08:36:55.242	2026-05-08 08:36:55.757	2	0	0	0	0	0	0	0	0	0	0	0	0	
1016	2026-05-08 08:36:57.457	2026-05-08 08:36:57.645	2	0	0	0	0	0	0	0	0	0	0	0	0	
1016	2026-05-08 08:36:57.816	2026-05-08 08:36:57.925	2	0	0	0	0	0	0	0	0	0	0	0	0	
1016	2026-05-08 08:36:57.972	2026-05-08 08:36:59.423	2	0	0	0	0	0	0	0	0	0	0	0	0	
1016	2026-05-08 08:37:01.903	2026-05-08 08:37:04.150	2	0	0	0	0	1	0.0140000004321337	0.2028003	0	0	0	0	0	2026-05-08 08:37:02.637
1016	2026-05-08 08:37:04.805	2026-05-08 08:37:05.554	2	0	0	0	0	0	0	0	0	0	0	0	0	
1016	2026-05-08 08:37:05.663	2026-05-08 08:37:05.819	2	0	0	0	0	0	0	0	0	0	0	0	0	
1016	2026-05-08 08:37:06.708	2026-05-08 08:37:07.644	2	0	0	0	0	1	0.0140000004321337	0.2184004	0	0	0	0	0	2026-05-08 08:37:07.114
1016	2026-05-08 08:37:08.533	2026-05-08 08:37:10.218	2	0	0	0	0	14	0.532000005245209	1.4976026	0	0	0	0	0	2026-05-08 08:37:08.689
1016	2026-05-08 08:37:14.446	2026-05-08 08:37:14.602	2	0	0	0	0	0	0	0	0	0	0	0	0	
1016	2026-05-08 08:37:14.680	2026-05-08 08:37:14.742	2	0	0	0	0	0	0	0	0	0	0	0	0	
1016	2026-05-08 08:37:17.862	2026-05-08 08:37:26.458	1	0	0	0	0	0	0	0	0	0	0	0	0	
1016	2026-05-08 08:37:28.845	2026-05-08 08:37:29.172	2	0	0	0	0	0	0	0	0	0	0	0	0	
1016	2026-05-08 08:37:32.916	2026-05-08 08:37:33.275	2	0	0	0	0	0	0	0	0	0	0	0	0	
1016	2026-05-08 08:37:33.790	2026-05-08 08:37:34.258	2	0	0	0	0	0	0	0	0	0	0	0	0	
1016	2026-05-08 08:37:34.351	2026-05-08 08:37:34.445	2	0	0	0	0	0	0	0	0	0	0	0	0	
1017	2026-05-08 08:35:50.284	2026-05-08 08:35:50.689	8	0	0	0	0	0	0	0	0	0	0	0	0	
1017	2026-05-08 08:36:00.034	2026-05-08 08:36:00.564	8	0	0	0	0	0	0	0	0	0	0	0	0	
1017	2026-05-08 08:36:05.962	2026-05-08 08:36:09.550	8	0	0	0	0	0	0	0	0	0	0	0	0	
1017	2026-05-08 08:36:13.840	2026-05-08 08:36:14.105	8	0	0	0	0	0	0	0	0	0	0	0	0	
1017	2026-05-08 08:37:02.527	2026-05-08 08:37:02.808	8	0	0	0	0	0	0	0	0	0	0	0	0	
1017	2026-05-08 08:37:06.443	2026-05-08 08:37:06.927	8	0	0	0	0	0	0	0	0	0	0	0	0	
1017	2026-05-08 08:37:07.597	2026-05-08 08:37:08.019	8	0	0	0	0	0	0	0	0	0	0	0	0	
1017	2026-05-08 08:37:08.315	2026-05-08 08:37:14.290	8	0	0	0	0	0	0	0	0	0	0	0	0	
1017	2026-05-08 08:37:14.383	2026-05-08 08:37:22.527	8	0	0	0	0	0	0	0	0	0	0	0	0	
1017	2026-05-08 08:37:22.464	2026-05-08 08:37:22.542	7	0	0	0	0	0	0	0	0	0	0	0	0	
1017	2026-05-08 08:37:59.577	2026-05-08 08:37:59.717	7	0	0	0	0	0	0	0	0	0	0	0	0	
1017	2026-05-08 08:37:59.764	2026-05-08 08:37:59.935	7	0	0	0	0	0	0	0	0	0	0	0	0	
1014	2026-05-08 08:35:11.876	2026-05-08 08:35:11.970	6	0	0	0	0	0	0	0	0	0	0	0	0	
1014	2026-05-08 08:35:13.795	2026-05-08 08:35:24.185	6	0	0	0	0	72	3.98999992012978	9.3912165	0	0	0	0	0	2026-05-08 08:35:14.185
1018	2026-05-08 08:38:38.358	2026-05-08 08:38:47.422	1	0	0	0	0	67	3.61199998855591	8.6736153	0	0	0	0	0	2026-05-08 08:38:38.670
1018	2026-05-08 08:40:23.908	2026-05-08 08:40:24.127	1	0	0	0	0	0	0	0	0	0	0	0	0	
1018	2026-05-08 08:40:24.829	2026-05-08 08:40:25.125	1	0	0	0	0	0	0	0	0	0	0	0	0	
1020	2026-05-08 08:43:14.401	2026-05-08 08:43:14.916	1	0	0	0	0	0	0	0	0	0	0	0	0	
1019	2026-05-08 08:38:27.095	2026-05-08 08:38:27.719	5	0	0	0	0	0	0	0	0	0	0	0	0	
1019	2026-05-08 08:38:32.056	2026-05-08 08:38:32.228	5	0	0	0	0	0	0	0	0	0	0	0	0	
1019	2026-05-08 08:38:32.992	2026-05-08 08:38:33.476	5	0	0	0	0	0	0	0	0	0	0	0	0	
1019	2026-05-08 08:44:54.210	2026-05-08 08:44:54.662	6	0	0	0	0	0	0	0	0	0	0	0	0	
1019	2026-05-08 08:44:55.083	2026-05-08 08:44:56.550	6	0	0	0	0	0	0	0	0	0	0	0	0	
1019	2026-05-08 08:44:59.373	2026-05-08 08:44:59.436	6	0	0	0	0	0	0	0	0	0	0	0	0	
1019	2026-05-08 08:39:18.045	2026-05-08 08:45:13.585	5	0	0	0	0	0	0	0	0	0	0	0	0	
1019	2026-05-08 08:45:15.660	2026-05-08 08:45:19.201	5	0	0	0	0	0	0	0	0	0	0	0	0	
1021	2026-05-08 08:44:13.244	2026-05-08 08:44:19.921	2	0	0	0	0	8	0.112000001594424	1.4196025	0	0	0	0	0	2026-05-08 08:44:14.055
1021	2026-05-08 08:44:22.542	2026-05-08 08:44:22.573	1	0	0	0	0	0	0	0	0	0	0	0	0	
1021	2026-05-08 08:44:26.754	2026-05-08 08:44:26.785	2	0	0	0	0	0	0	0	0	0	0	0	0	
1021	2026-05-08 08:44:27.237	2026-05-08 08:44:29.297	2	0	0	0	0	4	0.0560000017285347	0.546001	0	0	0	0	0	2026-05-08 08:44:28.080
1021	2026-05-08 08:44:29.328	2026-05-08 08:44:29.421	2	0	0	0	0	0	0	0	0	0	0	0	0	
1021	2026-05-08 08:44:43.695	2026-05-08 08:44:45.911	2	0	0	0	0	0	0	0	0	0	0	0	0	
1024	2026-05-08 08:45:52.101	2026-05-08 08:45:53.115	8	0	0	0	0	0	0	0	0	0	0	0	0	
1024	2026-05-08 08:45:58.341	2026-05-08 08:45:58.482	8	0	0	0	0	0	0	0	0	0	0	0	0	
1024	2026-05-08 08:45:58.529	2026-05-08 08:45:58.872	8	0	0	0	0	0	0	0	0	0	0	0	0	
1024	2026-05-08 08:46:00.947	2026-05-08 08:46:01.228	8	0	0	0	0	0	0	0	0	0	0	0	0	
1024	2026-05-08 08:46:01.384	2026-05-08 08:46:01.446	8	0	0	0	0	0	0	0	0	0	0	0	0	
1024	2026-05-08 08:46:02.881	2026-05-08 08:46:03.084	7	0	0	0	0	0	0	0	0	0	0	0	0	
1024	2026-05-08 08:46:03.724	2026-05-08 08:46:03.739	8	0	0	0	0	0	0	0	0	0	0	0	0	
1024	2026-05-08 08:46:03.942	2026-05-08 08:46:04.020	8	0	0	0	0	0	0	0	0	0	0	0	0	
1024	2026-05-08 08:46:04.207	2026-05-08 08:46:04.394	8	0	0	0	0	0	0	0	0	0	0	0	0	
1024	2026-05-08 08:46:04.550	2026-05-08 08:46:04.691	8	0	0	0	0	0	0	0	0	0	0	0	0	
1024	2026-05-08 08:46:05.362	2026-05-08 08:46:05.440	8	0	0	0	0	0	0	0	0	0	0	0	0	
1024	2026-05-08 08:46:05.533	2026-05-08 08:46:05.767	8	0	0	0	0	0	0	0	0	0	0	0	0	
1024	2026-05-08 08:46:06.594	2026-05-08 08:46:06.844	8	0	0	0	0	0	0	0	0	0	0	0	0	
1024	2026-05-08 08:46:08.357	2026-05-08 08:46:08.435	8	0	0	0	0	0	0	0	0	0	0	0	0	
1024	2026-05-08 08:46:28.559	2026-05-08 08:46:28.762	8	0	0	0	0	0	0	0	0	0	0	0	0	
1024	2026-05-08 08:46:35.470	2026-05-08 08:46:35.813	8	0	0	0	0	0	0	0	0	0	0	0	0	
1024	2026-05-08 08:46:40.228	2026-05-08 08:46:41.288	8	0	0	0	0	4	0.0700000002980232	0.3432006	0	0	0	0	0	2026-05-08 08:46:40.540
1024	2026-05-08 08:46:44.362	2026-05-08 08:46:44.596	8	0	0	0	0	0	0	0	0	0	0	0	0	
1024	2026-05-08 08:46:44.861	2026-05-08 08:46:45.547	8	0	0	0	0	0	0	0	0	0	0	0	0	
1024	2026-05-08 08:46:45.797	2026-05-08 08:46:46.561	8	0	0	0	0	0	0	0	0	0	0	0	0	
1024	2026-05-08 08:46:11.290	2026-05-08 08:46:51.241	7	0	0	0	0	0	0	0	0	0	0	0	0	
1026	2026-05-08 08:47:17.012	2026-05-08 08:47:17.153	7	0	0	0	0	0	0	0	0	0	0	0	0	
1026	2026-05-08 08:47:20.226	2026-05-08 08:47:20.382	8	0	0	0	0	0	0	0	0	0	0	0	0	
1026	2026-05-08 08:47:21.224	2026-05-08 08:47:21.521	8	0	0	0	0	0	0	0	0	0	0	0	0	
1027	2026-05-08 08:47:44.281	2026-05-08 08:47:44.359	8	0	0	0	0	0	0	0	0	0	0	0	0	
1027	2026-05-08 08:47:53.033	2026-05-08 08:47:53.470	8	0	0	0	0	0	0	0	0	0	0	0	0	
1027	2026-05-08 08:47:58.836	2026-05-08 08:47:59.008	8	0	0	0	0	0	0	0	0	0	0	0	0	
1027	2026-05-08 08:47:59.398	2026-05-08 08:48:11.098	8	0	0	0	0	51	2.68800005689263	6.5052114	0	0	0	0	0	2026-05-08 08:48:01.020
1027	2026-05-08 08:48:20.692	2026-05-08 08:48:21.877	7	0	0	0	0	3	0.0419999994337559	0.3276006	0	0	0	0	0	2026-05-08 08:48:21.441
1027	2026-05-08 08:48:25.918	2026-05-08 08:48:26.682	8	0	0	0	0	0	0	0	0	0	0	0	0	
1027	2026-05-08 08:48:27.275	2026-05-08 08:48:34.092	8	0	0	0	0	45	2.74400009959936	5.8576103	0	0	0	0	0	2026-05-08 08:48:27.603
1027	2026-05-08 08:48:35.543	2026-05-08 08:48:35.839	8	0	0	0	0	0	0	0	0	0	0	0	0	
1027	2026-05-08 08:48:38.476	2026-05-08 08:48:38.991	8	0	0	0	0	0	0	0	0	0	0	0	0	
1027	2026-05-08 08:48:39.037	2026-05-08 08:48:39.131	8	0	0	0	0	0	0	0	0	0	0	0	0	
1027	2026-05-08 08:48:39.193	2026-05-08 08:48:39.802	8	0	0	0	0	0	0	0	0	0	0	0	0	
1027	2026-05-08 08:48:39.989	2026-05-08 08:48:40.223	8	0	0	0	0	0	0	0	0	0	0	0	0	
1027	2026-05-08 08:48:43.811	2026-05-08 08:48:44.139	7	0	0	0	0	0	0	0	0	0	0	0	0	
1027	2026-05-08 08:48:44.217	2026-05-08 08:48:44.248	7	0	0	0	0	0	0	0	0	0	0	0	0	
1027	2026-05-08 08:48:44.185	2026-05-08 08:48:44.685	8	0	0	0	0	0	0	0	0	0	0	0	0	
1027	2026-05-08 08:48:45.090	2026-05-08 08:48:45.153	7	0	0	0	0	0	0	0	0	0	0	0	0	
1027	2026-05-08 08:48:45.231	2026-05-08 08:48:45.309	7	0	0	0	0	0	0	0	0	0	0	0	0	
1027	2026-05-08 08:48:44.872	2026-05-08 08:48:45.917	8	0	0	0	0	0	0	0	0	0	0	0	0	
1027	2026-05-08 08:48:47.182	2026-05-08 08:48:47.196	8	0	0	0	0	0	0	0	0	0	0	0	0	
1027	2026-05-08 08:48:47.898	2026-05-08 08:48:48.023	8	0	0	0	0	0	0	0	0	0	0	0	0	
1027	2026-05-08 08:48:47.383	2026-05-08 08:48:49.599	7	0	0	0	0	7	0.153999999165535	0.7956014	0	0	0	0	0	2026-05-08 08:48:48.273
1027	2026-05-08 08:48:59.598	2026-05-08 08:48:59.692	8	0	0	0	0	0	0	0	0	0	0	0	0	
1027	2026-05-08 08:48:55.027	2026-05-08 08:49:00.222	7	0	0	0	0	1	0.0280000008642673	0.2184003	0	0	0	0	0	2026-05-08 08:48:58.475
1022	2026-05-08 08:46:41.023	2026-05-08 08:46:41.975	2	0	0	0	0	0	0	0	0	0	0	0	0	
1022	2026-05-08 08:46:43.348	2026-05-08 08:46:43.426	2	0	0	0	0	0	0	0	0	0	0	0	0	
1022	2026-05-08 08:46:43.566	2026-05-08 08:46:43.784	2	0	0	0	0	0	0	0	0	0	0	0	0	
1008	2026-05-08 08:30:33.837	2026-05-08 08:30:34.149	4	0	0	0	0	0	0	0	0	0	0	0	0	
1008	2026-05-08 08:30:34.711	2026-05-08 08:30:35.491	4	0	0	0	0	0	0	0	0	0	0	0	0	
1008	2026-05-08 08:30:35.553	2026-05-08 08:30:35.600	4	0	0	0	0	0	0	0	0	0	0	0	0	
1008	2026-05-08 08:30:40.966	2026-05-08 08:30:41.013	4	0	0	0	0	0	0	0	0	0	0	0	0	
1008	2026-05-08 08:30:41.653	2026-05-08 08:30:41.855	4	0	0	0	0	0	0	0	0	0	0	0	0	
1008	2026-05-08 08:30:42.994	2026-05-08 08:30:43.556	4	0	0	0	0	0	0	0	0	0	0	0	0	
1008	2026-05-08 08:30:44.180	2026-05-08 08:30:45.038	4	0	0	0	0	0	0	0	0	0	0	0	0	
1008	2026-05-08 08:30:46.801	2026-05-08 08:30:49.265	4	0	0	0	0	0	0	0	0	0	0	0	0	
1008	2026-05-08 08:31:23.804	2026-05-08 08:31:23.929	4	0	0	0	0	0	0	0	0	0	0	0	0	
1008	2026-05-08 08:31:27.548	2026-05-08 08:31:27.642	3	0	0	0	0	0	0	0	0	0	0	0	0	
1008	2026-05-08 08:31:43.444	2026-05-08 08:31:43.694	3	0	0	0	0	0	0	0	0	0	0	0	0	
1008	2026-05-08 08:31:58.108	2026-05-08 08:31:58.155	4	0	0	0	0	0	0	0	0	0	0	0	0	
1008	2026-05-08 08:32:08.420	2026-05-08 08:32:08.748	4	0	0	0	0	0	0	0	0	0	0	0	0	
1008	2026-05-08 08:32:10.214	2026-05-08 08:32:10.245	3	0	0	0	0	0	0	0	0	0	0	0	0	
1008	2026-05-08 08:32:13.958	2026-05-08 08:32:14.956	3	0	0	0	0	0	0	0	0	0	0	0	0	
1008	2026-05-08 08:32:17.094	2026-05-08 08:32:17.187	4	0	0	0	0	0	0	0	0	0	0	0	0	
1008	2026-05-08 08:32:17.686	2026-05-08 08:32:17.764	3	0	0	0	0	0	0	0	0	0	0	0	0	
1008	2026-05-08 08:32:20.931	2026-05-08 08:32:21.072	3	0	0	0	0	0	0	0	0	0	0	0	0	
1008	2026-05-08 08:32:21.103	2026-05-08 08:32:21.181	3	0	0	0	0	0	0	0	0	0	0	0	0	
1008	2026-05-08 08:33:06.639	2026-05-08 08:33:06.811	3	0	0	0	0	0	0	0	0	0	0	0	0	
1008	2026-05-08 08:33:10.914	2026-05-08 08:33:11.085	4	0	0	0	0	0	0	0	0	0	0	0	0	
1008	2026-05-08 08:33:12.177	2026-05-08 08:33:12.365	4	0	0	0	0	0	0	0	0	0	0	0	0	
1008	2026-05-08 08:33:16.920	2026-05-08 08:33:18.090	4	0	0	0	0	0	0	0	0	0	0	0	0	
1008	2026-05-08 08:33:19.478	2026-05-08 08:33:19.634	4	0	0	0	0	0	0	0	0	0	0	0	0	
1008	2026-05-08 08:33:20.773	2026-05-08 08:33:24.377	4	0	0	0	0	0	0	0	0	0	0	0	0	
1008	2026-05-08 08:33:25.484	2026-05-08 08:33:27.372	4	0	0	0	0	0	0	0	0	0	0	0	0	
1008	2026-05-08 08:33:28.635	2026-05-08 08:33:28.682	4	0	0	0	0	0	0	0	0	0	0	0	0	
1008	2026-05-08 08:33:38.167	2026-05-08 08:33:38.354	4	0	0	0	0	0	0	0	0	0	0	0	0	
1008	2026-05-08 08:33:44.204	2026-05-08 08:33:45.437	3	0	0	0	0	0	0	0	0	0	0	0	0	
1008	2026-05-08 08:33:50.335	2026-05-08 08:33:51.006	4	0	0	0	0	0	0	0	0	0	0	0	0	
1008	2026-05-08 08:33:53.361	2026-05-08 08:33:53.595	4	0	0	0	0	0	0	0	0	0	0	0	0	
1008	2026-05-08 08:33:56.840	2026-05-08 08:33:57.417	4	0	0	0	0	0	0	0	0	0	0	0	0	
1008	2026-05-08 08:34:07.261	2026-05-08 08:34:07.589	3	0	0	0	0	0	0	0	0	0	0	0	0	
1008	2026-05-08 08:34:09.024	2026-05-08 08:34:09.055	3	0	0	0	0	0	0	0	0	0	0	0	0	
1008	2026-05-08 08:34:09.804	2026-05-08 08:34:09.835	3	0	0	0	0	0	0	0	0	0	0	0	0	
1008	2026-05-08 08:34:10.147	2026-05-08 08:34:10.178	3	0	0	0	0	0	0	0	0	0	0	0	0	
1008	2026-05-08 08:34:11.613	2026-05-08 08:34:11.707	3	0	0	0	0	0	0	0	0	0	0	0	0	
1008	2026-05-08 08:34:15.545	2026-05-08 08:34:15.903	4	0	0	0	0	0	0	0	0	0	0	0	0	
1008	2026-05-08 08:34:18.306	2026-05-08 08:34:18.384	3	0	0	0	0	0	0	0	0	0	0	0	0	
1008	2026-05-08 08:34:19.585	2026-05-08 08:34:20.131	4	0	0	0	0	0	0	0	0	0	0	0	0	
1008	2026-05-08 08:34:19.959	2026-05-08 08:34:20.583	3	0	0	0	0	0	0	0	0	0	0	0	0	
1008	2026-05-08 08:34:20.615	2026-05-08 08:34:24.187	3	0	0	0	0	19	2.58999991416931	3.4008059	0	0	0	0	0	2026-05-08 08:34:20.771
1008	2026-05-08 08:34:20.552	2026-05-08 08:34:24.249	4	0	0	0	0	0	0	0	0	0	0	0	0	
1008	2026-05-08 08:34:29.491	2026-05-08 08:34:31.129	3	0	0	0	0	0	0	0	0	0	0	0	0	
1008	2026-05-08 08:34:35.076	2026-05-08 08:34:35.684	4	0	0	0	0	0	0	0	0	0	0	0	0	
1008	2026-05-08 08:34:35.840	2026-05-08 08:34:35.934	4	0	0	0	0	0	0	0	0	0	0	0	0	
1008	2026-05-08 08:34:47.119	2026-05-08 08:34:47.244	4	0	0	0	0	0	0	0	0	0	0	0	0	
1008	2026-05-08 08:35:11.034	2026-05-08 08:35:11.112	3	0	0	0	0	0	0	0	0	0	0	0	0	
1008	2026-05-08 08:35:11.956	2026-05-08 08:35:12.266	3	0	0	0	0	0	0	0	0	0	0	0	0	
1008	2026-05-08 08:35:12.313	2026-05-08 08:35:12.688	3	0	0	0	0	0	0	0	0	0	0	0	0	
1008	2026-05-08 08:35:14.450	2026-05-08 08:35:14.996	3	0	0	0	0	0	0	0	0	0	0	0	0	
1008	2026-05-08 08:35:15.496	2026-05-08 08:35:15.792	3	0	0	0	0	0	0	0	0	0	0	0	0	
1008	2026-05-08 08:35:15.854	2026-05-08 08:35:16.354	3	0	0	0	0	0	0	0	0	0	0	0	0	
1008	2026-05-08 08:35:16.400	2026-05-08 08:35:17.305	3	0	0	0	0	0	0	0	0	0	0	0	0	
1008	2026-05-08 08:35:17.617	2026-05-08 08:35:19.411	3	0	0	0	0	0	0	0	0	0	0	0	0	
1008	2026-05-08 08:35:19.708	2026-05-08 08:35:19.739	3	0	0	0	0	0	0	0	0	0	0	0	0	
1008	2026-05-08 08:35:20.066	2026-05-08 08:35:20.144	3	0	0	0	0	0	0	0	0	0	0	0	0	
1008	2026-05-08 08:35:20.909	2026-05-08 08:35:21.049	3	0	0	0	0	0	0	0	0	0	0	0	0	
1008	2026-05-08 08:35:21.112	2026-05-08 08:35:21.236	3	0	0	0	0	0	0	0	0	0	0	0	0	
1008	2026-05-08 08:35:21.283	2026-05-08 08:35:24.637	3	0	0	0	0	0	0	0	0	0	0	0	0	
1008	2026-05-08 08:35:24.684	2026-05-08 08:35:24.778	3	0	0	0	0	0	0	0	0	0	0	0	0	
1008	2026-05-08 08:35:24.871	2026-05-08 08:35:25.214	3	0	0	0	0	0	0	0	0	0	0	0	0	
1008	2026-05-08 08:35:25.292	2026-05-08 08:35:26.416	3	0	0	0	0	0	0	0	0	0	0	0	0	
1008	2026-05-08 08:35:27.523	2026-05-08 08:35:27.898	3	0	0	0	0	0	0	0	0	0	0	0	0	
1008	2026-05-08 08:35:29.036	2026-05-08 08:35:29.099	3	0	0	0	0	0	0	0	0	0	0	0	0	
1008	2026-05-08 08:36:14.027	2026-05-08 08:36:14.635	4	0	0	0	0	0	0	0	0	0	0	0	0	
1008	2026-05-08 08:36:14.713	2026-05-08 08:36:14.744	4	0	0	0	0	0	0	0	0	0	0	0	0	
1008	2026-05-08 08:36:15.462	2026-05-08 08:36:16.679	4	0	0	0	0	0	0	0	0	0	0	0	0	
1008	2026-05-08 08:38:35.519	2026-05-08 08:38:35.566	3	0	0	0	0	0	0	0	0	0	0	0	0	
1008	2026-05-08 08:40:18.167	2026-05-08 08:40:18.932	4	0	0	0	0	0	0	0	0	0	0	0	0	
1008	2026-05-08 08:41:24.592	2026-05-08 08:41:24.670	3	0	0	0	0	0	0	0	0	0	0	0	0	
1008	2026-05-08 08:41:28.430	2026-05-08 08:41:28.648	3	0	0	0	0	0	0	0	0	0	0	0	0	
1008	2026-05-08 08:42:13.623	2026-05-08 08:42:13.670	4	0	0	0	0	0	0	0	0	0	0	0	0	
1008	2026-05-08 08:42:44.199	2026-05-08 08:42:44.230	4	0	0	0	0	0	0	0	0	0	0	0	0	
1008	2026-05-08 08:43:53.978	2026-05-08 08:43:54.025	4	0	0	0	0	0	0	0	0	0	0	0	0	
1008	2026-05-08 08:43:54.118	2026-05-08 08:43:54.181	4	0	0	0	0	0	0	0	0	0	0	0	0	
1008	2026-05-08 08:43:54.275	2026-05-08 08:43:54.290	4	0	0	0	0	0	0	0	0	0	0	0	0	
1008	2026-05-08 08:43:54.586	2026-05-08 08:43:56.224	4	0	0	0	0	0	0	0	0	0	0	0	0	
1008	2026-05-08 08:43:58.159	2026-05-08 08:43:58.658	4	0	0	0	0	0	0	0	0	0	0	0	0	
1008	2026-05-08 08:43:58.814	2026-05-08 08:43:58.845	4	0	0	0	0	0	0	0	0	0	0	0	0	
1008	2026-05-08 08:43:58.923	2026-05-08 08:43:58.939	4	0	0	0	0	0	0	0	0	0	0	0	0	
1008	2026-05-08 08:43:58.986	2026-05-08 08:43:59.095	4	0	0	0	0	0	0	0	0	0	0	0	0	
1008	2026-05-08 08:43:59.173	2026-05-08 08:43:59.235	4	0	0	0	0	0	0	0	0	0	0	0	0	
1008	2026-05-08 08:44:00.795	2026-05-08 08:44:00.826	4	0	0	0	0	0	0	0	0	0	0	0	0	
1008	2026-05-08 08:44:00.982	2026-05-08 08:44:01.014	4	0	0	0	0	0	0	0	0	0	0	0	0	
1008	2026-05-08 08:44:06.567	2026-05-08 08:44:07.145	4	0	0	0	0	0	0	0	0	0	0	0	0	
1008	2026-05-08 08:44:09.375	2026-05-08 08:44:09.407	4	0	0	0	0	0	0	0	0	0	0	0	0	
1008	2026-05-08 08:44:09.563	2026-05-08 08:44:09.656	4	0	0	0	0	0	0	0	0	0	0	0	0	
1008	2026-05-08 08:44:10.623	2026-05-08 08:44:10.826	4	0	0	0	0	0	0	0	0	0	0	0	0	
1008	2026-05-08 08:44:14.943	2026-05-08 08:44:14.969	4	0	0	0	0	0	0	0	0	0	0	0	0	
1008	2026-05-08 08:44:19.297	2026-05-08 08:44:19.313	4	0	0	0	0	0	0	0	0	0	0	0	0	
1008	2026-05-08 08:44:19.375	2026-05-08 08:44:19.890	4	0	0	0	0	0	0	0	0	0	0	0	0	
1008	2026-05-08 08:45:24.411	2026-05-08 08:45:25.051	4	0	0	0	0	0	0	0	0	0	0	0	0	
1008	2026-05-08 08:45:32.305	2026-05-08 08:45:32.898	4	0	0	0	0	0	0	0	0	0	0	0	0	
1008	2026-05-08 08:45:32.976	2026-05-08 08:45:33.522	4	0	0	0	0	0	0	0	0	0	0	0	0	
1008	2026-05-08 08:45:33.662	2026-05-08 08:45:33.803	4	0	0	0	0	0	0	0	0	0	0	0	0	
1008	2026-05-08 08:45:35.721	2026-05-08 08:45:36.735	4	0	0	0	0	0	0	0	0	0	0	0	0	
1008	2026-05-08 08:45:37.469	2026-05-08 08:45:37.656	4	0	0	0	0	0	0	0	0	0	0	0	0	
1008	2026-05-08 08:45:38.623	2026-05-08 08:45:41.103	4	0	0	0	0	0	0	0	0	0	0	0	0	
1008	2026-05-08 08:45:46.314	2026-05-08 08:45:46.829	4	0	0	0	0	0	0	0	0	0	0	0	0	
1008	2026-05-08 08:45:50.729	2026-05-08 08:45:51.368	4	0	0	0	0	0	0	0	0	0	0	0	0	
1008	2026-05-08 08:45:51.399	2026-05-08 08:45:51.727	4	0	0	0	0	0	0	0	0	0	0	0	0	
1008	2026-05-08 08:45:51.805	2026-05-08 08:45:52.616	4	0	0	0	0	0	0	0	0	0	0	0	0	
1008	2026-05-08 08:45:52.788	2026-05-08 08:45:52.975	4	0	0	0	0	0	0	0	0	0	0	0	0	
1008	2026-05-08 08:45:53.069	2026-05-08 08:45:53.443	4	0	0	0	0	0	0	0	0	0	0	0	0	
1008	2026-05-08 08:45:59.652	2026-05-08 08:45:59.745	4	0	0	0	0	0	0	0	0	0	0	0	0	
1008	2026-05-08 08:46:02.210	2026-05-08 08:46:06.672	4	0	0	0	0	0	0	0	0	0	0	0	0	
1008	2026-05-08 08:46:07.499	2026-05-08 08:46:07.561	4	0	0	0	0	0	0	0	0	0	0	0	0	
1008	2026-05-08 08:46:09.152	2026-05-08 08:46:09.886	4	0	0	0	0	0	0	0	0	0	0	0	0	
1008	2026-05-08 08:46:23.785	2026-05-08 08:46:24.206	4	0	0	0	0	0	0	0	0	0	0	0	0	
1008	2026-05-08 08:46:30.181	2026-05-08 08:46:33.832	4	0	0	0	0	0	0	0	0	0	0	0	0	
1008	2026-05-08 08:46:35.906	2026-05-08 08:46:36.936	4	0	0	0	0	0	0	0	0	0	0	0	0	
1008	2026-05-08 08:46:40.368	2026-05-08 08:46:47.123	4	0	0	0	0	0	0	0	0	0	0	0	0	
1008	2026-05-08 08:46:48.745	2026-05-08 08:46:48.964	4	0	0	0	0	0	0	0	0	0	0	0	0	
1008	2026-05-08 08:46:51.366	2026-05-08 08:46:52.224	4	0	0	0	0	0	0	0	0	0	0	0	0	
1008	2026-05-08 08:46:52.692	2026-05-08 08:47:03.097	4	0	0	0	0	0	0	0	0	0	0	0	0	
1008	2026-05-08 08:47:03.846	2026-05-08 08:47:04.408	4	0	0	0	0	0	0	0	0	0	0	0	0	
1008	2026-05-08 08:47:04.579	2026-05-08 08:47:05.858	4	0	0	0	0	0	0	0	0	0	0	0	0	
1008	2026-05-08 08:47:06.030	2026-05-08 08:47:06.155	4	0	0	0	0	0	0	0	0	0	0	0	0	
1008	2026-05-08 08:47:07.028	2026-05-08 08:47:07.169	4	0	0	0	0	0	0	0	0	0	0	0	0	
1008	2026-05-08 08:47:07.543	2026-05-08 08:47:07.762	4	0	0	0	0	0	0	0	0	0	0	0	0	
1008	2026-05-08 08:47:07.933	2026-05-08 08:47:08.089	4	0	0	0	0	0	0	0	0	0	0	0	0	
1008	2026-05-08 08:47:08.167	2026-05-08 08:47:08.276	4	0	0	0	0	0	0	0	0	0	0	0	0	
1008	2026-05-08 08:47:08.854	2026-05-08 08:47:10.211	4	0	0	0	0	0	0	0	0	0	0	0	0	
1008	2026-05-08 08:47:10.320	2026-05-08 08:47:11.147	4	0	0	0	0	0	0	0	0	0	0	0	0	
1008	2026-05-08 08:47:15.312	2026-05-08 08:47:15.359	4	0	0	0	0	0	0	0	0	0	0	0	0	
1008	2026-05-08 08:47:15.764	2026-05-08 08:47:15.889	4	0	0	0	0	0	0	0	0	0	0	0	0	
1008	2026-05-08 08:47:16.045	2026-05-08 08:47:16.404	4	0	0	0	0	0	0	0	0	0	0	0	0	
1008	2026-05-08 08:47:52.346	2026-05-08 08:47:53.236	3	0	0	0	0	0	0	0	0	0	0	0	0	
1008	2026-05-08 08:48:32.033	2026-05-08 08:48:32.080	3	0	0	0	0	0	0	0	0	0	0	0	0	
1008	2026-05-08 08:48:35.293	2026-05-08 08:48:35.777	4	0	0	0	0	0	0	0	0	0	0	0	0	
1028	2026-05-08 08:49:03.545	2026-05-08 08:49:03.654	7	0	0	0	0	0	0	0	0	0	0	0	0	
1028	2026-05-08 08:49:05.214	2026-05-08 08:49:06.259	7	0	0	0	0	0	0	0	0	0	0	0	0	
1028	2026-05-08 08:49:22.343	2026-05-08 08:49:23.591	7	0	0	0	0	0	0	0	0	0	0	0	0	
1028	2026-05-08 08:49:28.926	2026-05-08 08:49:29.082	8	0	0	0	0	0	0	0	0	0	0	0	0	
1028	2026-05-08 08:49:29.503	2026-05-08 08:49:38.785	8	0	0	0	0	63	2.36600000783801	7.3290128	0	0	0	0	0	2026-05-08 08:49:30.018
1028	2026-05-08 08:49:48.192	2026-05-08 08:49:51.749	8	0	0	0	0	29	1.17599999904633	3.2604057	0	0	0	0	0	2026-05-08 08:49:48.458
1031	2026-05-08 08:49:59.970	2026-05-08 08:50:00.002	8	0	0	0	0	0	0	0	0	0	0	0	0	
1031	2026-05-08 08:50:00.173	2026-05-08 08:50:00.298	8	0	0	0	0	0	0	0	0	0	0	0	0	
1031	2026-05-08 08:50:00.345	2026-05-08 08:50:00.423	8	0	0	0	0	0	0	0	0	0	0	0	0	
1031	2026-05-08 08:50:00.579	2026-05-08 08:50:00.594	8	0	0	0	0	0	0	0	0	0	0	0	0	
1031	2026-05-08 08:50:00.688	2026-05-08 08:50:01.000	8	0	0	0	0	0	0	0	0	0	0	0	0	
1031	2026-05-08 08:50:02.768	2026-05-08 08:50:03.044	8	0	0	0	0	0	0	0	0	0	0	0	0	
1031	2026-05-08 08:50:03.621	2026-05-08 08:50:06.710	8	0	0	0	0	10	0.209999993443489	0.8736015	0	0	0	0	0	2026-05-08 08:50:04.869
1031	2026-05-08 08:50:09.580	2026-05-08 08:50:12.388	8	0	0	0	0	0	0	0	0	0	0	0	0	
1031	2026-05-08 08:50:13.667	2026-05-08 08:50:13.714	8	0	0	0	0	0	0	0	0	0	0	0	0	
1031	2026-05-08 08:50:13.854	2026-05-08 08:50:13.948	8	0	0	0	0	0	0	0	0	0	0	0	0	
1031	2026-05-08 08:50:14.010	2026-05-08 08:50:14.135	8	0	0	0	0	0	0	0	0	0	0	0	0	
1031	2026-05-08 08:50:14.198	2026-05-08 08:50:19.268	8	0	0	0	0	0	0	0	0	0	0	0	0	
1032	2026-05-08 08:50:26.225	2026-05-08 08:50:26.600	8	0	0	0	0	0	0	0	0	0	0	0	0	
1033	2026-05-08 08:50:36.365	2026-05-08 08:50:37.098	7	0	0	0	0	0	0	0	0	0	0	0	0	
1033	2026-05-08 08:50:37.410	2026-05-08 08:50:37.488	8	0	0	0	0	0	0	0	0	0	0	0	0	
1034	2026-05-08 08:50:49.407	2026-05-08 08:50:49.781	8	0	0	0	0	0	0	0	0	0	0	0	0	
1034	2026-05-08 08:50:57.051	2026-05-08 08:50:57.082	7	0	0	0	0	0	0	0	0	0	0	0	0	
1035	2026-05-08 08:51:02.417	2026-05-08 08:51:02.636	7	0	0	0	0	0	0	0	0	0	0	0	0	
1035	2026-05-08 08:51:09.484	2026-05-08 08:51:10.030	7	0	0	0	0	0	0	0	0	0	0	0	0	
1036	2026-05-08 08:51:15.334	2026-05-08 08:51:16.176	8	0	0	0	0	0	0	0	0	0	0	0	0	
1036	2026-05-08 08:51:33.711	2026-05-08 08:51:33.945	8	0	0	0	0	0	0	0	0	0	0	0	0	
1037	2026-05-08 08:51:43.024	2026-05-08 08:51:43.118	8	0	0	0	0	0	0	0	0	0	0	0	0	
1037	2026-05-08 08:51:50.029	2026-05-08 08:51:50.403	7	0	0	0	0	0	0	0	0	0	0	0	0	
1038	2026-05-08 08:51:55.707	2026-05-08 08:51:56.627	7	0	0	0	0	0	0	0	0	0	0	0	0	
1038	2026-05-08 08:51:58.203	2026-05-08 08:51:59.201	8	0	0	0	0	0	0	0	0	0	0	0	0	
1039	2026-05-08 08:52:03.944	2026-05-08 08:52:04.006	7	0	0	0	0	0	0	0	0	0	0	0	0	
1039	2026-05-08 08:52:05.410	2026-05-08 08:52:06.065	7	0	0	0	0	0	0	0	0	0	0	0	0	
1039	2026-05-08 08:52:09.763	2026-05-08 08:52:09.887	7	0	0	0	0	0	0	0	0	0	0	0	0	
1039	2026-05-08 08:52:09.965	2026-05-08 08:52:10.652	7	0	0	0	0	0	0	0	0	0	0	0	0	
1040	2026-05-08 08:52:18.998	2026-05-08 08:52:19.263	7	0	0	0	0	0	0	0	0	0	0	0	0	
1040	2026-05-08 08:52:20.480	2026-05-08 08:52:20.979	7	0	0	0	0	0	0	0	0	0	0	0	0	
1041	2026-05-08 08:52:26.408	2026-05-08 08:52:26.642	8	0	0	0	0	0	0	0	0	0	0	0	0	
1041	2026-05-08 08:52:27.188	2026-05-08 08:52:27.235	8	0	0	0	0	0	0	0	0	0	0	0	0	
1041	2026-05-08 08:52:34.691	2026-05-08 08:52:40.214	8	0	0	0	0	31	1.65199998393655	4.524008	0	0	0	0	0	2026-05-08 08:52:34.832
1041	2026-05-08 08:52:41.222	2026-05-08 08:52:41.275	7	0	0	0	0	0	0	0	0	0	0	0	0	
1042	2026-05-08 08:52:58.809	2026-05-08 08:52:59.043	7	0	0	0	0	0	0	0	0	0	0	0	0	
1042	2026-05-08 08:52:59.199	2026-05-08 08:52:59.402	7	0	0	0	0	0	0	0	0	0	0	0	0	
1042	2026-05-08 08:52:59.433	2026-05-08 08:52:59.480	7	0	0	0	0	0	0	0	0	0	0	0	0	
1029	2026-05-08 08:53:06.609	2026-05-08 08:53:08.840	2	0	0	0	0	0	0	0	0	0	0	0	0	
1030	2026-05-08 08:49:53.340	2026-05-08 08:49:54.448	3	0	0	0	0	0	0	0	0	0	0	0	0	
1030	2026-05-08 08:49:56.507	2026-05-08 08:49:56.866	3	0	0	0	0	0	0	0	0	0	0	0	0	
1030	2026-05-08 08:50:00.641	2026-05-08 08:50:01.312	3	0	0	0	0	0	0	0	0	0	0	0	0	
1030	2026-05-08 08:50:01.811	2026-05-08 08:50:02.778	3	0	0	0	0	0	0	0	0	0	0	0	0	
1030	2026-05-08 08:50:04.104	2026-05-08 08:50:04.619	3	0	0	0	0	0	0	0	0	0	0	0	0	
1030	2026-05-08 08:50:05.228	2026-05-08 08:50:05.290	3	0	0	0	0	0	0	0	0	0	0	0	0	
1030	2026-05-08 08:50:08.176	2026-05-08 08:50:09.081	4	0	0	0	0	0	0	0	0	0	0	0	0	
1030	2026-05-08 08:50:09.174	2026-05-08 08:50:09.221	4	0	0	0	0	0	0	0	0	0	0	0	0	
1030	2026-05-08 08:50:09.642	2026-05-08 08:50:09.674	4	0	0	0	0	0	0	0	0	0	0	0	0	
1030	2026-05-08 08:50:09.798	2026-05-08 08:50:09.845	4	0	0	0	0	0	0	0	0	0	0	0	0	
1030	2026-05-08 08:50:09.986	2026-05-08 08:50:10.079	4	0	0	0	0	0	0	0	0	0	0	0	0	
1030	2026-05-08 08:50:10.126	2026-05-08 08:50:10.204	4	0	0	0	0	0	0	0	0	0	0	0	0	
1030	2026-05-08 08:50:10.344	2026-05-08 08:50:10.360	4	0	0	0	0	0	0	0	0	0	0	0	0	
1030	2026-05-08 08:50:10.797	2026-05-08 08:50:10.890	4	0	0	0	0	0	0	0	0	0	0	0	0	
1030	2026-05-08 08:50:10.984	2026-05-08 08:50:11.062	4	0	0	0	0	0	0	0	0	0	0	0	0	
1030	2026-05-08 08:50:11.187	2026-05-08 08:50:11.265	4	0	0	0	0	0	0	0	0	0	0	0	0	
1030	2026-05-08 08:50:11.390	2026-05-08 08:50:11.702	4	0	0	0	0	0	0	0	0	0	0	0	0	
1030	2026-05-08 08:50:11.780	2026-05-08 08:50:14.822	4	0	0	0	0	0	0	0	0	0	0	0	0	
1030	2026-05-08 08:50:14.962	2026-05-08 08:50:14.993	4	0	0	0	0	0	0	0	0	0	0	0	0	
1030	2026-05-08 08:50:15.524	2026-05-08 08:50:15.804	4	0	0	0	0	0	0	0	0	0	0	0	0	
1030	2026-05-08 08:50:16.288	2026-05-08 08:50:16.584	4	0	0	0	0	0	0	0	0	0	0	0	0	
1030	2026-05-08 08:50:16.631	2026-05-08 08:50:19.018	4	0	0	0	0	0	0	0	0	0	0	0	0	
1030	2026-05-08 08:50:19.361	2026-05-08 08:50:20.469	3	0	0	0	0	0	0	0	0	0	0	0	0	
1030	2026-05-08 08:50:24.119	2026-05-08 08:50:24.712	4	0	0	0	0	0	0	0	0	0	0	0	0	
1030	2026-05-08 08:50:21.389	2026-05-08 08:50:25.149	3	0	0	0	0	0	0	0	0	0	0	0	0	
1030	2026-05-08 08:50:33.245	2026-05-08 08:50:33.542	4	0	0	0	0	0	0	0	0	0	0	0	0	
1030	2026-05-08 08:50:29.501	2026-05-08 08:52:06.549	3	0	0	0	0	0	0	0	0	0	0	0	0	
1030	2026-05-08 08:52:33.958	2026-05-08 08:53:17.030	3	0	0	0	0	0	0	0	0	0	0	0	0	
1030	2026-05-08 08:53:24.112	2026-05-08 08:53:28.433	3	0	0	0	0	0	0	0	0	0	0	0	0	
1043	2026-05-08 08:53:05.080	2026-05-08 08:53:05.408	8	0	0	0	0	0	0	0	0	0	0	0	0	
1043	2026-05-08 08:53:15.875	2026-05-08 08:53:16.574	7	0	0	0	0	0	0	0	0	0	0	0	0	
1043	2026-05-08 08:53:27.607	2026-05-08 08:53:27.934	7	0	0	0	0	0	0	0	0	0	0	0	0	
1044	2026-05-08 08:53:18.715	2026-05-08 08:53:19.339	2	0	0	0	0	0	0	0	0	0	0	0	0	
1045	2026-05-08 08:53:33.503	2026-05-08 08:53:39.603	7	0	0	0	0	42	1.666000014171	4.5084077	0	0	0	0	0	2026-05-08 08:53:33.925
1045	2026-05-08 08:53:44.424	2026-05-08 08:53:44.486	8	0	0	0	0	0	0	0	0	0	0	0	0	
1045	2026-05-08 08:53:45.765	2026-05-08 08:53:45.921	8	0	0	0	0	0	0	0	0	0	0	0	0	
1048	2026-05-08 08:53:58.947	2026-05-08 08:54:03.409	8	0	0	0	0	27	0.797999983653426	3.2760058	0	0	0	0	0	2026-05-08 08:53:59.181
1049	2026-05-08 08:54:17.480	2026-05-08 08:54:17.917	8	0	0	0	0	0	0	0	0	0	0	0	0	
1049	2026-05-08 08:54:21.583	2026-05-08 08:54:22.987	7	0	0	0	0	0	0	0	0	0	0	0	0	
1052	2026-05-08 08:54:37.557	2026-05-08 08:54:38.166	7	0	0	0	0	0	0	0	0	0	0	0	0	
1054	2026-05-08 08:55:11.295	2026-05-08 08:55:13.156	7	0	0	0	0	6	0.0979999992996454	1.0140017	0	0	0	0	0	2026-05-08 08:55:11.799
1023	2026-05-08 08:49:04.606	2026-05-08 08:49:04.855	6	0	0	0	0	0	0	0	0	0	0	0	0	
1023	2026-05-08 08:49:36.149	2026-05-08 08:49:44.183	6	0	0	0	0	0	0	0	0	0	0	0	0	
1023	2026-05-08 08:49:51.796	2026-05-08 08:49:52.046	6	0	0	0	0	0	0	0	0	0	0	0	0	
1023	2026-05-08 08:49:52.155	2026-05-08 08:49:52.186	6	0	0	0	0	0	0	0	0	0	0	0	0	
1023	2026-05-08 08:48:15.497	2026-05-08 08:50:05.384	5	0	0	0	0	0	0	0	0	0	0	0	0	
1023	2026-05-08 08:50:08.987	2026-05-08 08:50:10.032	6	0	0	0	0	0	0	0	0	0	0	0	0	
1023	2026-05-08 08:50:10.469	2026-05-08 08:51:10.732	6	0	0	0	0	0	0	0	0	0	0	0	0	
1023	2026-05-08 08:50:06.195	2026-05-08 08:51:42.962	5	0	0	0	0	0	0	0	0	0	0	0	0	
1023	2026-05-08 08:51:44.381	2026-05-08 08:51:44.849	5	0	0	0	0	0	0	0	0	0	0	0	0	
1023	2026-05-08 08:53:06.640	2026-05-08 08:53:06.999	6	0	0	0	0	0	0	0	0	0	0	0	0	
1023	2026-05-08 08:55:07.540	2026-05-08 08:55:07.572	5	0	0	0	0	0	0	0	0	0	0	0	0	
1023	2026-05-08 08:55:07.712	2026-05-08 08:55:09.100	5	0	0	0	0	0	0	0	0	0	0	0	0	
1023	2026-05-08 08:55:10.114	2026-05-08 08:55:11.107	5	0	0	0	0	0	0	0	0	0	0	0	0	
1023	2026-05-08 08:55:12.189	2026-05-08 08:55:12.798	5	0	0	0	0	0	0	0	0	0	0	0	0	
1023	2026-05-08 08:55:07.650	2026-05-08 08:55:14.248	6	0	0	0	0	0	0	0	0	0	0	0	0	
1023	2026-05-08 08:55:14.826	2026-05-08 08:55:15.044	5	0	0	0	0	0	0	0	0	0	0	0	0	
1023	2026-05-08 08:55:24.061	2026-05-08 08:55:24.295	5	0	0	0	0	0	0	0	0	0	0	0	0	
1023	2026-05-08 08:55:23.562	2026-05-08 08:55:24.716	6	0	0	0	0	0	0	0	0	0	0	0	0	
1023	2026-05-08 08:55:26.916	2026-05-08 08:55:27.056	5	0	0	0	0	0	0	0	0	0	0	0	0	
1023	2026-05-08 08:55:28.273	2026-05-08 08:55:29.412	6	0	0	0	0	0	0	0	0	0	0	0	0	
1057	2026-05-08 08:55:46.275	2026-05-08 08:55:46.697	7	0	0	0	0	0	0	0	0	0	0	0	0	
1060	2026-05-08 08:55:53.779	2026-05-08 08:55:53.951	7	0	0	0	0	0	0	0	0	0	0	0	0	
1060	2026-05-08 08:55:54.013	2026-05-08 08:55:54.060	7	0	0	0	0	0	0	0	0	0	0	0	0	
1060	2026-05-08 08:55:54.122	2026-05-08 08:55:54.278	7	0	0	0	0	0	0	0	0	0	0	0	0	
1060	2026-05-08 08:56:24.261	2026-05-08 08:56:24.308	8	0	0	0	0	0	0	0	0	0	0	0	0	
1060	2026-05-08 08:56:24.683	2026-05-08 08:56:33.606	8	0	0	0	0	31	0.71399999037385	4.4430078	0	0	0	0	0	2026-05-08 08:56:25.338
1060	2026-05-08 08:56:49.658	2026-05-08 08:56:50.547	8	0	0	0	0	0	0	0	0	0	0	0	0	
1060	2026-05-08 08:57:08.924	2026-05-08 08:57:09.111	7	0	0	0	0	0	0	0	0	0	0	0	0	
1060	2026-05-08 08:57:09.252	2026-05-08 08:57:09.283	7	0	0	0	0	0	0	0	0	0	0	0	0	
1060	2026-05-08 08:57:09.377	2026-05-08 08:57:09.392	7	0	0	0	0	0	0	0	0	0	0	0	0	
1060	2026-05-08 08:57:54.539	2026-05-08 08:57:54.898	7	0	0	0	0	0	0	0	0	0	0	0	0	
1060	2026-05-08 08:57:55.225	2026-05-08 08:57:55.256	7	0	0	0	0	0	0	0	0	0	0	0	0	
1060	2026-05-08 08:57:56.005	2026-05-08 08:57:56.130	7	0	0	0	0	0	0	0	0	0	0	0	0	
1060	2026-05-08 08:58:03.727	2026-05-08 08:58:03.821	7	0	0	0	0	0	0	0	0	0	0	0	0	
1060	2026-05-08 08:58:03.899	2026-05-08 08:58:04.070	7	0	0	0	0	0	0	0	0	0	0	0	0	
1060	2026-05-08 08:58:04.117	2026-05-08 08:58:04.148	7	0	0	0	0	0	0	0	0	0	0	0	0	
1060	2026-05-08 08:58:04.211	2026-05-08 08:58:04.289	7	0	0	0	0	0	0	0	0	0	0	0	0	
1060	2026-05-08 08:58:04.382	2026-05-08 08:58:04.414	7	0	0	0	0	0	0	0	0	0	0	0	0	
1060	2026-05-08 08:58:12.822	2026-05-08 08:58:13.243	7	0	0	0	0	0	0	0	0	0	0	0	0	
1060	2026-05-08 08:58:13.399	2026-05-08 08:58:13.524	7	0	0	0	0	0	0	0	0	0	0	0	0	
1060	2026-05-08 08:58:13.633	2026-05-08 08:58:13.789	7	0	0	0	0	0	0	0	0	0	0	0	0	
1060	2026-05-08 08:58:13.836	2026-05-08 08:58:13.883	7	0	0	0	0	0	0	0	0	0	0	0	0	
1060	2026-05-08 08:58:13.914	2026-05-08 08:58:14.569	7	0	0	0	0	0	0	0	0	0	0	0	0	
1060	2026-05-08 08:58:26.285	2026-05-08 08:58:26.363	7	0	0	0	0	0	0	0	0	0	0	0	0	
1060	2026-05-08 08:58:26.410	2026-05-08 08:58:26.644	7	0	0	0	0	0	0	0	0	0	0	0	0	
1060	2026-05-08 08:59:18.919	2026-05-08 08:59:19.029	7	0	0	0	0	0	0	0	0	0	0	0	0	
1060	2026-05-08 08:59:19.044	2026-05-08 08:59:19.403	7	0	0	0	0	0	0	0	0	0	0	0	0	
1060	2026-05-08 08:59:23.428	2026-05-08 08:59:23.475	7	0	0	0	0	0	0	0	0	0	0	0	0	
1060	2026-05-08 08:59:24.613	2026-05-08 08:59:24.707	7	0	0	0	0	0	0	0	0	0	0	0	0	
1060	2026-05-08 08:59:24.738	2026-05-08 08:59:24.863	7	0	0	0	0	0	0	0	0	0	0	0	0	
1060	2026-05-08 08:59:33.864	2026-05-08 08:59:33.895	7	0	0	0	0	0	0	0	0	0	0	0	0	
1060	2026-05-08 08:59:37.093	2026-05-08 08:59:37.156	7	0	0	0	0	0	0	0	0	0	0	0	0	
1060	2026-05-08 08:59:40.338	2026-05-08 08:59:40.416	7	0	0	0	0	0	0	0	0	0	0	0	0	
1060	2026-05-08 08:59:40.447	2026-05-08 08:59:40.619	7	0	0	0	0	0	0	0	0	0	0	0	0	
1060	2026-05-08 09:00:13.722	2026-05-08 09:00:13.738	7	0	0	0	0	0	0	0	0	0	0	0	0	
1060	2026-05-08 09:00:32.239	2026-05-08 09:00:33.160	7	0	0	0	0	0	0	0	0	0	0	0	0	
1060	2026-05-08 09:01:37.136	2026-05-08 09:01:37.151	7	0	0	0	0	0	0	0	0	0	0	0	0	
1060	2026-05-08 09:01:44.920	2026-05-08 09:01:45.029	7	0	0	0	0	0	0	0	0	0	0	0	0	
1063	2026-05-08 09:01:49.881	2026-05-08 09:01:50.177	7	0	0	0	0	0	0	0	0	0	0	0	0	
1063	2026-05-08 09:01:58.430	2026-05-08 09:02:04.888	7	0	0	0	0	0	0	0	0	0	0	0	0	
1064	2026-05-08 09:02:18.398	2026-05-08 09:02:18.491	8	0	0	0	0	0	0	0	0	0	0	0	0	
1064	2026-05-08 09:02:19.739	2026-05-08 09:02:20.706	8	0	0	0	0	0	0	0	0	0	0	0	0	
1065	2026-05-08 09:02:44.153	2026-05-08 09:02:51.548	8	0	0	0	0	14	0.21000000461936	2.6348044	0	0	0	0	0	2026-05-08 09:02:44.684
1065	2026-05-08 09:02:53.981	2026-05-08 09:02:54.558	7	0	0	0	0	0	0	0	0	0	0	0	0	
1066	2026-05-08 09:03:10.127	2026-05-08 09:03:10.393	7	0	0	0	0	0	0	0	0	0	0	0	0	
1066	2026-05-08 09:03:11.095	2026-05-08 09:03:12.686	7	0	0	0	0	0	0	0	0	0	0	0	0	
1066	2026-05-08 09:03:17.974	2026-05-08 09:03:25.010	8	0	0	0	0	39	1.35800001956522	5.257209	0	0	0	0	0	2026-05-08 09:03:18.333
1068	2026-05-08 09:03:36.944	2026-05-08 09:03:37.334	7	0	0	0	0	0	0	0	0	0	0	0	0	
1068	2026-05-08 09:03:52.497	2026-05-08 09:04:02.871	8	0	0	0	0	49	1.16199999861419	6.4584113	0	0	0	0	0	2026-05-08 09:03:53.558
1068	2026-05-08 09:04:30.499	2026-05-08 09:04:30.545	7	0	0	0	0	0	0	0	0	0	0	0	0	
1061	2026-05-08 09:02:48.755	2026-05-08 09:02:54.059	3	0	0	0	0	0	0	0	0	0	0	0	0	
1061	2026-05-08 09:02:54.293	2026-05-08 09:02:54.449	3	0	0	0	0	0	0	0	0	0	0	0	0	
1061	2026-05-08 09:02:54.590	2026-05-08 09:02:56.836	3	0	0	0	0	0	0	0	0	0	0	0	0	
1061	2026-05-08 09:02:56.898	2026-05-08 09:02:57.039	3	0	0	0	0	0	0	0	0	0	0	0	0	
1061	2026-05-08 09:02:57.647	2026-05-08 09:02:57.788	3	0	0	0	0	0	0	0	0	0	0	0	0	
1061	2026-05-08 09:02:58.349	2026-05-08 09:02:59.192	3	0	0	0	0	0	0	0	0	0	0	0	0	
1061	2026-05-08 09:02:59.644	2026-05-08 09:02:59.753	3	0	0	0	0	0	0	0	0	0	0	0	0	
1061	2026-05-08 09:03:00.143	2026-05-08 09:03:00.252	3	0	0	0	0	0	0	0	0	0	0	0	0	
1061	2026-05-08 09:03:00.408	2026-05-08 09:03:00.705	3	0	0	0	0	0	0	0	0	0	0	0	0	
1061	2026-05-08 09:03:01.500	2026-05-08 09:03:02.296	3	0	0	0	0	0	0	0	0	0	0	0	0	
1061	2026-05-08 09:03:02.358	2026-05-08 09:03:02.826	3	0	0	0	0	0	0	0	0	0	0	0	0	
1061	2026-05-08 09:03:03.996	2026-05-08 09:03:07.631	3	0	0	0	0	0	0	0	0	0	0	0	0	
1061	2026-05-08 09:03:07.772	2026-05-08 09:03:08.021	3	0	0	0	0	0	0	0	0	0	0	0	0	
1061	2026-05-08 09:03:09.160	2026-05-08 09:03:09.644	3	0	0	0	0	0	0	0	0	0	0	0	0	
1061	2026-05-08 09:03:09.706	2026-05-08 09:03:11.563	3	0	0	0	0	0	0	0	0	0	0	0	0	
1061	2026-05-08 09:03:11.641	2026-05-08 09:03:12.218	3	0	0	0	0	0	0	0	0	0	0	0	0	
1061	2026-05-08 09:03:16.461	2026-05-08 09:03:16.601	3	0	0	0	0	0	0	0	0	0	0	0	0	
1061	2026-05-08 09:03:18.395	2026-05-08 09:03:20.221	3	0	0	0	0	0	0	0	0	0	0	0	0	
1061	2026-05-08 09:03:21.359	2026-05-08 09:03:31.063	3	0	0	0	0	0	0	0	0	0	0	0	0	
1061	2026-05-08 09:03:31.765	2026-05-08 09:03:31.858	3	0	0	0	0	0	0	0	0	0	0	0	0	
1061	2026-05-08 09:03:46.647	2026-05-08 09:03:47.146	3	0	0	0	0	0	0	0	0	0	0	0	0	
1061	2026-05-08 09:03:47.583	2026-05-08 09:03:47.879	3	0	0	0	0	0	0	0	0	0	0	0	0	
1061	2026-05-08 09:03:57.785	2026-05-08 09:03:58.285	3	0	0	0	0	0	0	0	0	0	0	0	0	
1061	2026-05-08 09:04:05.398	2026-05-08 09:04:10.219	3	0	0	0	0	0	0	0	0	0	0	0	0	
1062	2026-05-08 08:59:58.013	2026-05-08 09:00:05.407	5	0	0	0	0	1	0.0419999994337559	0.2184004	0	0	0	0	0	2026-05-08 08:59:58.356
1062	2026-05-08 09:00:18.761	2026-05-08 09:00:18.792	5	0	0	0	0	0	0	0	0	0	0	0	0	
1062	2026-05-08 09:00:18.823	2026-05-08 09:00:18.933	5	0	0	0	0	0	0	0	0	0	0	0	0	
1062	2026-05-08 09:00:18.995	2026-05-08 09:00:19.120	5	0	0	0	0	0	0	0	0	0	0	0	0	
1062	2026-05-08 09:00:19.650	2026-05-08 09:00:26.171	5	0	0	0	0	0	0	0	0	0	0	0	0	
1062	2026-05-08 09:02:33.467	2026-05-08 09:02:33.498	6	0	0	0	0	0	0	0	0	0	0	0	0	
1062	2026-05-08 09:02:34.154	2026-05-08 09:02:34.216	6	0	0	0	0	0	0	0	0	0	0	0	0	
1062	2026-05-08 09:03:07.054	2026-05-08 09:03:07.101	6	0	0	0	0	0	0	0	0	0	0	0	0	
1062	2026-05-08 09:03:07.694	2026-05-08 09:03:07.759	6	0	0	0	0	0	0	0	0	0	0	0	0	
1062	2026-05-08 09:03:07.990	2026-05-08 09:03:08.053	6	0	0	0	0	0	0	0	0	0	0	0	0	
1062	2026-05-08 09:03:11.609	2026-05-08 09:03:12.265	6	0	0	0	0	0	0	0	0	0	0	0	0	
1062	2026-05-08 09:03:12.748	2026-05-08 09:03:14.308	6	0	0	0	0	0	0	0	0	0	0	0	0	
1062	2026-05-08 09:04:28.221	2026-05-08 09:04:28.268	6	0	0	0	0	0	0	0	0	0	0	0	0	
1062	2026-05-08 09:04:31.138	2026-05-08 09:04:31.169	6	0	0	0	0	0	0	0	0	0	0	0	0	
1062	2026-05-08 09:05:03.415	2026-05-08 09:05:03.477	5	0	0	0	0	0	0	0	0	0	0	0	0	
1062	2026-05-08 09:05:03.602	2026-05-08 09:05:03.664	5	0	0	0	0	0	0	0	0	0	0	0	0	
1062	2026-05-08 09:05:05.942	2026-05-08 09:05:06.082	5	0	0	0	0	0	0	0	0	0	0	0	0	
1070	2026-05-08 09:05:07.658	2026-05-08 09:05:07.720	7	0	0	0	0	0	0	0	0	0	0	0	0	
1070	2026-05-08 09:05:07.814	2026-05-08 09:05:40.590	7	0	0	0	0	0	0	0	0	0	0	0	0	
1075	2026-05-08 09:06:01.104	2026-05-08 09:06:01.166	7	0	0	0	0	0	0	0	0	0	0	0	0	
1075	2026-05-08 09:06:01.213	2026-05-08 09:06:02.866	7	0	0	0	0	6	0.112000003457069	0.7644013	0	0	0	0	0	2026-05-08 09:06:02.102
1075	2026-05-08 09:06:08.592	2026-05-08 09:06:11.010	8	0	0	0	0	3	0.042000001296401	0.6864012	0	0	0	0	0	2026-05-08 09:06:10.089
1075	2026-05-08 09:06:13.818	2026-05-08 09:06:14.613	7	0	0	0	0	0	0	0	0	0	0	0	0	
1075	2026-05-08 09:06:15.237	2026-05-08 09:06:15.253	8	0	0	0	0	0	0	0	0	0	0	0	0	
1078	2026-05-08 09:06:41.820	2026-05-08 09:06:52.630	8	0	0	0	0	79	3.97599996626377	10.1400179	0	0	0	0	0	2026-05-08 09:06:42.256
1078	2026-05-08 09:07:20.617	2026-05-08 09:07:24.174	8	0	0	0	0	23	1.2039999961853	2.9640052	0	0	0	0	0	2026-05-08 09:07:20.976
1078	2026-05-08 09:07:30.601	2026-05-08 09:07:30.788	7	0	0	0	0	0	0	0	0	0	0	0	0	
1078	2026-05-08 09:07:32.925	2026-05-08 09:07:33.081	7	0	0	0	0	0	0	0	0	0	0	0	0	
1078	2026-05-08 09:07:33.191	2026-05-08 09:07:33.253	7	0	0	0	0	0	0	0	0	0	0	0	0	
1078	2026-05-08 09:07:33.315	2026-05-08 09:07:33.347	7	0	0	0	0	0	0	0	0	0	0	0	0	
1078	2026-05-08 09:07:33.409	2026-05-08 09:07:33.549	7	0	0	0	0	0	0	0	0	0	0	0	0	
1078	2026-05-08 09:07:34.860	2026-05-08 09:07:34.891	7	0	0	0	0	0	0	0	0	0	0	0	0	
1078	2026-05-08 09:07:35.031	2026-05-08 09:07:35.141	7	0	0	0	0	0	0	0	0	0	0	0	0	
1078	2026-05-08 09:07:41.739	2026-05-08 09:07:42.005	7	0	0	0	0	0	0	0	0	0	0	0	0	
1078	2026-05-08 09:07:43.767	2026-05-08 09:07:44.220	7	0	0	0	0	0	0	0	0	0	0	0	0	
1078	2026-05-08 09:07:44.407	2026-05-08 09:07:44.501	7	0	0	0	0	0	0	0	0	0	0	0	0	
1078	2026-05-08 09:07:45.483	2026-05-08 09:07:45.749	7	0	0	0	0	0	0	0	0	0	0	0	0	
1078	2026-05-08 09:07:45.889	2026-05-08 09:07:45.905	7	0	0	0	0	0	0	0	0	0	0	0	0	
1078	2026-05-08 09:07:45.967	2026-05-08 09:07:46.045	7	0	0	0	0	0	0	0	0	0	0	0	0	
1078	2026-05-08 09:07:46.419	2026-05-08 09:07:46.653	7	0	0	0	0	0	0	0	0	0	0	0	0	
1078	2026-05-08 09:07:46.747	2026-05-08 09:07:51.255	7	0	0	0	0	1	0.0140000004321337	0.2184004	0	0	0	0	0	2026-05-08 09:07:47.449
1078	2026-05-08 09:07:55.623	2026-05-08 09:07:55.686	7	0	0	0	0	0	0	0	0	0	0	0	0	
1078	2026-05-08 09:07:55.764	2026-05-08 09:07:55.779	7	0	0	0	0	0	0	0	0	0	0	0	0	
1078	2026-05-08 09:07:55.842	2026-05-08 09:07:55.889	7	0	0	0	0	0	0	0	0	0	0	0	0	
1078	2026-05-08 09:07:55.935	2026-05-08 09:07:55.998	7	0	0	0	0	0	0	0	0	0	0	0	0	
1078	2026-05-08 09:07:56.013	2026-05-08 09:07:56.060	7	0	0	0	0	0	0	0	0	0	0	0	0	
1078	2026-05-08 09:07:56.325	2026-05-08 09:07:56.357	7	0	0	0	0	0	0	0	0	0	0	0	0	
1078	2026-05-08 09:07:56.575	2026-05-08 09:07:56.637	7	0	0	0	0	0	0	0	0	0	0	0	0	
1078	2026-05-08 09:08:06.153	2026-05-08 09:08:06.200	7	0	0	0	0	0	0	0	0	0	0	0	0	
1078	2026-05-08 09:08:06.216	2026-05-08 09:08:06.231	7	0	0	0	0	0	0	0	0	0	0	0	0	
1078	2026-05-08 09:08:07.121	2026-05-08 09:08:07.152	7	0	0	0	0	0	0	0	0	0	0	0	0	
1078	2026-05-08 09:08:08.384	2026-05-08 09:08:08.447	8	0	0	0	0	0	0	0	0	0	0	0	0	
1078	2026-05-08 09:08:08.665	2026-05-08 09:08:09.117	8	0	0	0	0	0	0	0	0	0	0	0	0	
1078	2026-05-08 09:08:09.679	2026-05-08 09:08:09.991	8	0	0	0	0	0	0	0	0	0	0	0	0	
1078	2026-05-08 09:08:11.598	2026-05-08 09:08:11.613	8	0	0	0	0	0	0	0	0	0	0	0	0	
1078	2026-05-08 09:08:11.801	2026-05-08 09:08:12.019	8	0	0	0	0	0	0	0	0	0	0	0	0	
1078	2026-05-08 09:08:13.080	2026-05-08 09:08:13.829	8	0	0	0	0	0	0	0	0	0	0	0	0	
1078	2026-05-08 09:08:16.496	2026-05-08 09:08:16.527	8	0	0	0	0	0	0	0	0	0	0	0	0	
1078	2026-05-08 09:08:17.963	2026-05-08 09:08:19.554	8	0	0	0	0	2	0.0700000021606684	0.4766009	0	0	0	0	0	2026-05-08 09:08:18.587
1078	2026-05-08 09:08:26.043	2026-05-08 09:08:26.511	8	0	0	0	0	0	0	0	0	0	0	0	0	
1072	2026-05-08 09:05:30.980	2026-05-08 09:05:31.230	3	0	0	0	0	0	0	0	0	0	0	0	0	
1072	2026-05-08 09:05:33.414	2026-05-08 09:05:40.855	3	0	0	0	0	0	0	0	0	0	0	0	0	
1072	2026-05-08 09:05:42.025	2026-05-08 09:05:42.118	3	0	0	0	0	0	0	0	0	0	0	0	0	
1072	2026-05-08 09:05:55.800	2026-05-08 09:06:08.498	3	0	0	0	0	0	0	0	0	0	0	0	0	
1072	2026-05-08 09:06:08.514	2026-05-08 09:06:08.685	3	0	0	0	0	0	0	0	0	0	0	0	0	
1072	2026-05-08 09:06:12.086	2026-05-08 09:09:14.045	3	0	0	0	0	0	0	0	0	0	0	0	0	
1080	2026-05-08 09:09:20.472	2026-05-08 09:09:26.322	8	0	0	0	0	15	0.210000002756715	2.6364045	0	0	0	0	0	2026-05-08 09:09:20.893
1080	2026-05-08 09:09:29.005	2026-05-08 09:09:29.520	7	0	0	0	0	0	0	0	0	0	0	0	0	
1079	2026-05-08 09:07:14.673	2026-05-08 09:07:21.210	5	0	0	0	0	0	0	0	0	0	0	0	0	
1079	2026-05-08 09:07:35.546	2026-05-08 09:07:37.215	6	0	0	0	0	0	0	0	0	0	0	0	0	
1079	2026-05-08 09:07:49.087	2026-05-08 09:07:50.553	6	0	0	0	0	0	0	0	0	0	0	0	0	
1079	2026-05-08 09:07:37.106	2026-05-08 09:07:52.082	5	0	0	0	0	0	0	0	0	0	0	0	0	
1079	2026-05-08 09:07:53.611	2026-05-08 09:07:55.421	5	0	0	0	0	0	0	0	0	0	0	0	0	
1079	2026-05-08 09:07:56.247	2026-05-08 09:07:56.762	5	0	0	0	0	0	0	0	0	0	0	0	0	
1079	2026-05-08 09:07:57.090	2026-05-08 09:07:57.605	5	0	0	0	0	0	0	0	0	0	0	0	0	
1079	2026-05-08 09:08:06.809	2026-05-08 09:08:06.996	5	0	0	0	0	0	0	0	0	0	0	0	0	
1079	2026-05-08 09:08:14.858	2026-05-08 09:08:14.905	5	0	0	0	0	0	0	0	0	0	0	0	0	
1079	2026-05-08 09:08:15.139	2026-05-08 09:08:15.903	5	0	0	0	0	0	0	0	0	0	0	0	0	
1079	2026-05-08 09:08:16.964	2026-05-08 09:08:17.307	5	0	0	0	0	0	0	0	0	0	0	0	0	
1079	2026-05-08 09:08:19.881	2026-05-08 09:08:20.303	5	0	0	0	0	0	0	0	0	0	0	0	0	
1079	2026-05-08 09:08:40.707	2026-05-08 09:08:42.969	5	0	0	0	0	0	0	0	0	0	0	0	0	
1079	2026-05-08 09:08:44.171	2026-05-08 09:08:44.483	5	0	0	0	0	0	0	0	0	0	0	0	0	
1079	2026-05-08 09:08:45.231	2026-05-08 09:08:45.465	5	0	0	0	0	0	0	0	0	0	0	0	0	
1079	2026-05-08 09:08:47.369	2026-05-08 09:08:47.431	5	0	0	0	0	0	0	0	0	0	0	0	0	
1079	2026-05-08 09:08:48.726	2026-05-08 09:08:48.757	5	0	0	0	0	0	0	0	0	0	0	0	0	
1079	2026-05-08 09:08:56.557	2026-05-08 09:08:56.604	5	0	0	0	0	0	0	0	0	0	0	0	0	
1079	2026-05-08 09:08:58.570	2026-05-08 09:08:58.601	5	0	0	0	0	0	0	0	0	0	0	0	0	
1079	2026-05-08 09:09:16.541	2026-05-08 09:09:16.884	6	0	0	0	0	0	0	0	0	0	0	0	0	
1079	2026-05-08 09:09:17.305	2026-05-08 09:09:18.584	6	0	0	0	0	0	0	0	0	0	0	0	0	
1079	2026-05-08 09:09:46.758	2026-05-08 09:10:06.398	5	0	0	0	0	0	0	0	0	0	0	0	0	
1081	2026-05-08 09:10:10.626	2026-05-08 09:10:10.813	7	0	0	0	0	0	0	0	0	0	0	0	0	
1081	2026-05-08 09:10:10.876	2026-05-08 09:10:10.985	7	0	0	0	0	0	0	0	0	0	0	0	0	
1046	2026-05-08 08:53:49.478	2026-05-08 08:53:59.649	2	0	0	0	0	16	0.224000006914139	3.1980056	0	0	0	0	0	2026-05-08 08:53:50.851
1046	2026-05-08 08:54:03.877	2026-05-08 08:54:03.986	2	0	0	0	0	0	0	0	0	0	0	0	0	
1046	2026-05-08 08:54:05.593	2026-05-08 08:54:05.624	1	0	0	0	0	0	0	0	0	0	0	0	0	
1046	2026-05-08 08:54:14.485	2026-05-08 08:54:14.750	1	0	0	0	0	0	0	0	0	0	0	0	0	
1046	2026-05-08 08:55:31.565	2026-05-08 08:55:31.580	2	0	0	0	0	0	0	0	0	0	0	0	0	
1046	2026-05-08 08:55:31.627	2026-05-08 08:55:36.525	2	0	0	0	0	27	1.28800004906952	3.4476061	0	0	0	0	0	2026-05-08 08:55:32.906
1046	2026-05-08 08:56:21.594	2026-05-08 08:56:27.834	1	0	0	0	0	57	1.91799998655915	5.5692097	0	0	0	0	0	2026-05-08 08:56:22.171
1046	2026-05-08 08:56:30.548	2026-05-08 08:56:30.564	1	0	0	0	0	0	0	0	0	0	0	0	0	
1046	2026-05-08 08:56:32.732	2026-05-08 08:56:32.951	1	0	0	0	0	0	0	0	0	0	0	0	0	
1046	2026-05-08 08:56:35.821	2026-05-08 08:56:41.905	1	0	0	0	0	0	0	0	0	0	0	0	0	
1046	2026-05-08 08:56:55.259	2026-05-08 08:56:55.321	2	0	0	0	0	0	0	0	0	0	0	0	0	
1046	2026-05-08 08:57:02.294	2026-05-08 08:57:02.341	2	0	0	0	0	0	0	0	0	0	0	0	0	
1046	2026-05-08 08:57:02.825	2026-05-08 08:57:25.351	2	0	0	0	0	0	0	0	0	0	0	0	0	
1046	2026-05-08 08:57:25.772	2026-05-08 08:57:25.882	2	0	0	0	0	0	0	0	0	0	0	0	0	
1046	2026-05-08 08:57:25.991	2026-05-08 08:57:26.334	2	0	0	0	0	0	0	0	0	0	0	0	0	
1046	2026-05-08 08:59:13.678	2026-05-08 08:59:13.865	1	0	0	0	0	0	0	0	0	0	0	0	0	
1046	2026-05-08 09:02:12.454	2026-05-08 09:02:12.548	1	0	0	0	0	0	0	0	0	0	0	0	0	
1046	2026-05-08 09:06:06.876	2026-05-08 09:06:07.016	1	0	0	0	0	0	0	0	0	0	0	0	0	
1046	2026-05-08 09:10:07.100	2026-05-08 09:10:07.132	1	0	0	0	0	0	0	0	0	0	0	0	0	
1046	2026-05-08 09:10:45.835	2026-05-08 09:10:45.960	1	0	0	0	0	0	0	0	0	0	0	0	0	
1046	2026-05-08 09:10:46.069	2026-05-08 09:10:46.381	1	0	0	0	0	0	0	0	0	0	0	0	0	
1046	2026-05-08 09:11:02.231	2026-05-08 09:15:47.774	1	0	0	0	0	0	0	0	0	0	0	0	0	
1046	2026-05-08 09:15:47.945	2026-05-08 09:15:49.162	1	0	0	0	0	0	0	0	0	0	0	0	0	
1046	2026-05-08 09:15:49.537	2026-05-08 09:18:10.951	1	0	0	0	0	0	0	0	0	0	0	0	0	
1083	2026-05-08 09:15:00.116	2026-05-08 09:15:01.879	3	0	0	0	0	0	0	0	0	0	0	0	0	
1083	2026-05-08 09:15:36.854	2026-05-08 09:15:39.521	3	0	0	0	0	0	0	0	0	0	0	0	0	
1083	2026-05-08 09:15:48.351	2026-05-08 09:15:50.878	3	0	0	0	0	0	0	0	0	0	0	0	0	
1083	2026-05-08 09:15:59.021	2026-05-08 09:15:59.068	3	0	0	0	0	0	0	0	0	0	0	0	0	
1083	2026-05-08 09:15:59.895	2026-05-08 09:16:06.447	3	0	0	0	0	17	0.252000004053116	2.7144048	0	0	0	0	0	2026-05-08 09:16:01.408
1083	2026-05-08 09:16:06.509	2026-05-08 09:16:09.583	3	0	0	0	0	5	0.0700000021606684	0.7644013	0	0	0	0	0	2026-05-08 09:16:07.414
1083	2026-05-08 09:16:15.339	2026-05-08 09:16:15.869	3	0	0	0	0	0	0	0	0	0	0	0	0	
1083	2026-05-08 09:16:17.929	2026-05-08 09:16:20.128	3	0	0	0	0	0	0	0	0	0	0	0	0	
1083	2026-05-08 09:18:54.537	2026-05-08 09:18:54.631	3	0	0	0	0	0	0	0	0	0	0	0	0	
1083	2026-05-08 09:20:18.419	2026-05-08 09:20:18.840	3	0	0	0	0	0	0	0	0	0	0	0	0	
1083	2026-05-08 09:20:19.105	2026-05-08 09:20:19.651	3	0	0	0	0	0	0	0	0	0	0	0	0	
1083	2026-05-08 09:10:02.249	2026-05-08 09:20:23.068	4	0	0	0	0	0	0	0	0	0	0	0	0	
1082	2026-05-08 09:12:51.603	2026-05-08 09:12:53.381	5	0	0	0	0	0	0	0	0	0	0	0	0	
1082	2026-05-08 09:14:09.962	2026-05-08 09:14:10.040	5	0	0	0	0	0	0	0	0	0	0	0	0	
1082	2026-05-08 09:17:48.284	2026-05-08 09:17:48.549	5	0	0	0	0	0	0	0	0	0	0	0	0	
1082	2026-05-08 09:17:49.251	2026-05-08 09:17:49.423	5	0	0	0	0	0	0	0	0	0	0	0	0	
1082	2026-05-08 09:17:51.810	2026-05-08 09:17:51.872	5	0	0	0	0	0	0	0	0	0	0	0	0	
1085	2026-05-08 09:20:38.044	2026-05-08 09:20:57.840	3	0	0	0	0	0	0	0	0	0	0	0	0	
1088	2026-05-08 09:21:22.816	2026-05-08 09:21:22.925	4	0	0	0	0	0	0	0	0	0	0	0	0	
1088	2026-05-08 09:21:23.783	2026-05-08 09:21:24.157	4	0	0	0	0	0	0	0	0	0	0	0	0	
1088	2026-05-08 09:21:24.220	2026-05-08 09:21:24.594	4	0	0	0	0	0	0	0	0	0	0	0	0	
1088	2026-05-08 09:21:25.000	2026-05-08 09:21:25.171	4	0	0	0	0	0	0	0	0	0	0	0	0	
1088	2026-05-08 09:21:31.255	2026-05-08 09:21:33.049	4	0	0	0	0	0	0	0	0	0	0	0	0	
1088	2026-05-08 09:21:37.043	2026-05-08 09:21:39.211	3	0	0	0	0	0	0	0	0	0	0	0	0	
1088	2026-05-08 09:21:39.289	2026-05-08 09:21:39.788	3	0	0	0	0	0	0	0	0	0	0	0	0	
1088	2026-05-08 09:21:39.820	2026-05-08 09:21:40.662	3	0	0	0	0	0	0	0	0	0	0	0	0	
1088	2026-05-08 09:21:40.709	2026-05-08 09:21:41.364	3	0	0	0	0	0	0	0	0	0	0	0	0	
1088	2026-05-08 09:21:41.520	2026-05-08 09:21:41.863	3	0	0	0	0	0	0	0	0	0	0	0	0	
1088	2026-05-08 09:21:42.066	2026-05-08 09:21:42.362	3	0	0	0	0	0	0	0	0	0	0	0	0	
1088	2026-05-08 09:21:45.092	2026-05-08 09:21:45.342	4	0	0	0	0	0	0	0	0	0	0	0	0	
1088	2026-05-08 09:21:45.404	2026-05-08 09:21:45.904	4	0	0	0	0	0	0	0	0	0	0	0	0	
1088	2026-05-08 09:21:46.356	2026-05-08 09:21:46.621	3	0	0	0	0	0	0	0	0	0	0	0	0	
1088	2026-05-08 09:21:48.244	2026-05-08 09:21:50.833	3	0	0	0	0	0	0	0	0	0	0	0	0	
1088	2026-05-08 09:21:51.457	2026-05-08 09:21:53.017	3	0	0	0	0	1	0.0419999994337559	0.2184004	0	0	0	0	0	2026-05-08 09:21:51.613
1088	2026-05-08 09:22:12.034	2026-05-08 09:22:16.168	4	0	0	0	0	0	0	0	0	0	0	0	0	
1090	2026-05-08 09:22:21.207	2026-05-08 09:22:21.238	6	0	0	0	0	0	0	0	0	0	0	0	0	
1090	2026-05-08 09:22:20.629	2026-05-08 09:22:23.562	5	0	0	0	0	0	0	0	0	0	0	0	0	
1090	2026-05-08 09:22:24.639	2026-05-08 09:22:25.309	5	0	0	0	0	0	0	0	0	0	0	0	0	
1090	2026-05-08 09:22:33.141	2026-05-08 09:22:33.343	5	0	0	0	0	0	0	0	0	0	0	0	0	
1090	2026-05-08 09:22:33.515	2026-05-08 09:22:33.562	5	0	0	0	0	0	0	0	0	0	0	0	0	
1090	2026-05-08 09:22:24.561	2026-05-08 09:22:35.262	6	0	0	0	0	0	0	0	0	0	0	0	0	
1090	2026-05-08 09:22:35.325	2026-05-08 09:22:48.397	6	0	0	0	0	0	0	0	0	0	0	0	0	
1087	2026-05-08 09:21:12.754	2026-05-08 09:21:12.878	7	0	0	0	0	0	0	0	0	0	0	0	0	
1087	2026-05-08 09:21:21.599	2026-05-08 09:21:22.394	7	0	0	0	0	0	0	0	0	0	0	0	0	
1087	2026-05-08 09:21:23.892	2026-05-08 09:21:24.017	7	0	0	0	0	0	0	0	0	0	0	0	0	
1087	2026-05-08 09:21:29.758	2026-05-08 09:21:29.945	8	0	0	0	0	0	0	0	0	0	0	0	0	
1087	2026-05-08 09:21:30.163	2026-05-08 09:21:34.229	8	0	0	0	0	33	1.44200003147125	3.7284066	0	0	0	0	0	2026-05-08 09:21:30.444
1087	2026-05-08 09:21:36.356	2026-05-08 09:21:36.419	8	0	0	0	0	0	0	0	0	0	0	0	0	
1087	2026-05-08 09:21:36.840	2026-05-08 09:21:36.918	8	0	0	0	0	0	0	0	0	0	0	0	0	
1087	2026-05-08 09:21:37.036	2026-05-08 09:21:37.090	8	0	0	0	0	0	0	0	0	0	0	0	0	
1087	2026-05-08 09:21:57.151	2026-05-08 09:21:58.274	8	0	0	0	0	0	0	0	0	0	0	0	0	
1087	2026-05-08 09:21:58.321	2026-05-08 09:21:58.352	8	0	0	0	0	0	0	0	0	0	0	0	0	
1087	2026-05-08 09:21:58.524	2026-05-08 09:21:58.664	8	0	0	0	0	0	0	0	0	0	0	0	0	
1087	2026-05-08 09:21:59.366	2026-05-08 09:22:01.972	8	0	0	0	0	0	0	0	0	0	0	0	0	
1087	2026-05-08 09:22:02.174	2026-05-08 09:22:02.939	8	0	0	0	0	1	0.0140000004321337	0.2184004	0	0	0	0	0	2026-05-08 09:22:02.720
1087	2026-05-08 09:22:06.293	2026-05-08 09:22:07.213	8	0	0	0	0	1	0.0140000004321337	0.2028003	0	0	0	0	0	2026-05-08 09:22:06.979
1087	2026-05-08 09:22:07.791	2026-05-08 09:22:08.212	8	0	0	0	0	0	0	0	0	0	0	0	0	
1087	2026-05-08 09:22:12.283	2026-05-08 09:22:12.627	7	0	0	0	0	0	0	0	0	0	0	0	0	
1087	2026-05-08 09:22:18.227	2026-05-08 09:22:18.711	8	0	0	0	0	0	0	0	0	0	0	0	0	
1087	2026-05-08 09:22:18.695	2026-05-08 09:22:18.757	7	0	0	0	0	0	0	0	0	0	0	0	0	
1087	2026-05-08 09:22:19.335	2026-05-08 09:22:19.413	7	0	0	0	0	0	0	0	0	0	0	0	0	
1087	2026-05-08 09:22:19.537	2026-05-08 09:22:19.787	7	0	0	0	0	0	0	0	0	0	0	0	0	
1087	2026-05-08 09:22:19.818	2026-05-08 09:22:24.108	7	0	0	0	0	0	0	0	0	0	0	0	0	
1087	2026-05-08 09:22:24.139	2026-05-08 09:22:24.171	7	0	0	0	0	0	0	0	0	0	0	0	0	
1087	2026-05-08 09:22:26.885	2026-05-08 09:22:27.259	8	0	0	0	0	0	0	0	0	0	0	0	0	
1087	2026-05-08 09:22:35.309	2026-05-08 09:22:36.323	8	0	0	0	0	2	0.0700000002980232	0.3276006	0	0	0	0	0	2026-05-08 09:22:35.995
1087	2026-05-08 09:22:35.278	2026-05-08 09:22:39.271	7	0	0	0	0	0	0	0	0	0	0	0	0	
1087	2026-05-08 09:22:39.287	2026-05-08 09:22:39.303	7	0	0	0	0	0	0	0	0	0	0	0	0	
1087	2026-05-08 09:22:43.078	2026-05-08 09:22:43.140	8	0	0	0	0	0	0	0	0	0	0	0	0	
1087	2026-05-08 09:22:43.171	2026-05-08 09:22:43.312	8	0	0	0	0	0	0	0	0	0	0	0	0	
1087	2026-05-08 09:22:43.343	2026-05-08 09:22:43.951	8	0	0	0	0	0	0	0	0	0	0	0	0	
1087	2026-05-08 09:22:44.107	2026-05-08 09:22:44.357	8	0	0	0	0	0	0	0	0	0	0	0	0	
1087	2026-05-08 09:22:51.471	2026-05-08 09:22:54.840	7	0	0	0	0	29	0.90999998524785	2.7558049	0	0	0	0	0	2026-05-08 09:22:52.032
1087	2026-05-08 09:22:55.511	2026-05-08 09:22:55.963	7	0	0	0	0	0	0	0	0	0	0	0	0	
1087	2026-05-08 09:23:49.534	2026-05-08 09:23:49.549	7	0	0	0	0	0	0	0	0	0	0	0	0	
1091	2026-05-08 09:24:03.387	2026-05-08 09:24:03.558	7	0	0	0	0	0	0	0	0	0	0	0	0	
1091	2026-05-08 09:24:03.590	2026-05-08 09:24:04.026	7	0	0	0	0	0	0	0	0	0	0	0	0	
1084	2026-05-08 09:18:15.506	2026-05-08 09:18:15.631	2	0	0	0	0	0	0	0	0	0	0	0	0	
1084	2026-05-08 09:20:45.828	2026-05-08 09:20:46.733	2	0	0	0	0	0	0	0	0	0	0	0	0	
1084	2026-05-08 09:25:06.161	2026-05-08 09:25:06.442	2	0	0	0	0	0	0	0	0	0	0	0	0	
1084	2026-05-08 09:18:14.648	2026-05-08 09:25:10.014	1	0	0	0	0	0	0	0	0	0	0	0	0	
1092	2026-05-08 09:25:14.819	2026-05-08 09:25:25.256	8	0	0	0	0	23	0.322000004351139	4.3524079	0	0	0	0	0	2026-05-08 09:25:15.287
1092	2026-05-08 09:25:27.362	2026-05-08 09:25:28.220	7	0	0	0	0	0	0	0	0	0	0	0	0	
1092	2026-05-08 09:25:34.834	2026-05-08 09:25:34.865	7	0	0	0	0	0	0	0	0	0	0	0	0	
1092	2026-05-08 09:25:36.456	2026-05-08 09:25:40.528	7	0	0	0	0	32	1.55400002002716	3.7128066	0	0	0	0	0	2026-05-08 09:25:36.706
1092	2026-05-08 09:25:41.573	2026-05-08 09:25:41.604	7	0	0	0	0	0	0	0	0	0	0	0	0	
1092	2026-05-08 09:25:46.534	2026-05-08 09:25:47.096	7	0	0	0	0	0	0	0	0	0	0	0	0	
1092	2026-05-08 09:25:57.205	2026-05-08 09:25:57.329	8	0	0	0	0	0	0	0	0	0	0	0	0	
1092	2026-05-08 09:25:57.470	2026-05-08 09:25:59.357	8	0	0	0	0	13	0.546000003814697	1.5132026	0	0	0	0	0	2026-05-08 09:25:57.735
1092	2026-05-08 09:26:01.588	2026-05-08 09:26:01.682	8	0	0	0	0	0	0	0	0	0	0	0	0	
1092	2026-05-08 09:26:01.869	2026-05-08 09:26:02.243	8	0	0	0	0	0	0	0	0	0	0	0	0	
1092	2026-05-08 09:26:02.462	2026-05-08 09:26:02.571	8	0	0	0	0	0	0	0	0	0	0	0	0	
1092	2026-05-08 09:26:02.992	2026-05-08 09:26:03.195	8	0	0	0	0	0	0	0	0	0	0	0	0	
1092	2026-05-08 09:26:03.257	2026-05-08 09:26:03.289	8	0	0	0	0	0	0	0	0	0	0	0	0	
1092	2026-05-08 09:26:03.413	2026-05-08 09:26:03.523	8	0	0	0	0	0	0	0	0	0	0	0	0	
1092	2026-05-08 09:26:03.569	2026-05-08 09:26:03.616	8	0	0	0	0	0	0	0	0	0	0	0	0	
1092	2026-05-08 09:26:03.663	2026-05-08 09:26:03.679	8	0	0	0	0	0	0	0	0	0	0	0	0	
1092	2026-05-08 09:26:04.053	2026-05-08 09:26:04.303	8	0	0	0	0	0	0	0	0	0	0	0	0	
1092	2026-05-08 09:26:08.624	2026-05-08 09:26:09.185	8	0	0	0	0	0	0	0	0	0	0	0	0	
1092	2026-05-08 09:26:15.488	2026-05-08 09:26:15.581	8	0	0	0	0	0	0	0	0	0	0	0	0	
1092	2026-05-08 09:26:15.628	2026-05-08 09:26:20.090	8	0	0	0	0	35	1.41399997659028	3.9780069	0	0	0	0	0	2026-05-08 09:26:15.940
1092	2026-05-08 09:26:28.108	2026-05-08 09:26:30.370	8	0	0	0	0	12	0.350000001490116	1.4352025	0	0	0	0	0	2026-05-08 09:26:28.467
1092	2026-05-08 09:26:45.440	2026-05-08 09:26:45.705	8	0	0	0	0	0	0	0	0	0	0	0	0	
1092	2026-05-08 09:26:47.717	2026-05-08 09:26:47.842	8	0	0	0	0	0	0	0	0	0	0	0	0	
1092	2026-05-08 09:26:48.248	2026-05-08 09:26:48.341	8	0	0	0	0	0	0	0	0	0	0	0	0	
1092	2026-05-08 09:26:48.388	2026-05-08 09:26:49.184	8	0	0	0	0	0	0	0	0	0	0	0	0	
1092	2026-05-08 09:26:49.761	2026-05-08 09:26:49.808	8	0	0	0	0	0	0	0	0	0	0	0	0	
1092	2026-05-08 09:26:50.447	2026-05-08 09:26:56.703	8	0	0	0	0	0	0	0	0	0	0	0	0	
1092	2026-05-08 09:27:01.789	2026-05-08 09:27:01.820	7	0	0	0	0	0	0	0	0	0	0	0	0	
1092	2026-05-08 09:27:02.491	2026-05-08 09:27:02.740	7	0	0	0	0	0	0	0	0	0	0	0	0	
1092	2026-05-08 09:27:02.896	2026-05-08 09:27:03.052	7	0	0	0	0	0	0	0	0	0	0	0	0	
1092	2026-05-08 09:27:05.283	2026-05-08 09:27:09.869	7	0	0	0	0	0	0	0	0	0	0	0	0	
1092	2026-05-08 09:27:10.369	2026-05-08 09:27:12.802	7	0	0	0	0	16	0.783999979496002	1.669203	0	0	0	0	0	2026-05-08 09:27:10.759
1092	2026-05-08 09:27:12.833	2026-05-08 09:27:13.582	8	0	0	0	0	0	0	0	0	0	0	0	0	
1092	2026-05-08 09:27:13.707	2026-05-08 09:27:22.693	8	0	0	0	0	0	0	0	0	0	0	0	0	
1092	2026-05-08 09:27:22.880	2026-05-08 09:27:24.003	7	0	0	0	0	4	0.181999996304512	0.4992009	0	0	0	0	0	2026-05-08 09:27:23.223
1092	2026-05-08 09:27:22.755	2026-05-08 09:27:24.596	8	0	0	0	0	0	0	0	0	0	0	0	0	
1092	2026-05-08 09:27:24.705	2026-05-08 09:27:26.062	8	0	0	0	0	0	0	0	0	0	0	0	0	
1092	2026-05-08 09:27:32.349	2026-05-08 09:27:33.441	8	0	0	0	0	5	0.0839999988675117	0.4680008	0	0	0	0	0	2026-05-08 09:27:32.739
1092	2026-05-08 09:27:37.201	2026-05-08 09:27:37.918	7	0	0	0	0	0	0	0	0	0	0	0	0	
1092	2026-05-08 09:27:38.449	2026-05-08 09:27:38.573	7	0	0	0	0	0	0	0	0	0	0	0	0	
1092	2026-05-08 09:27:39.400	2026-05-08 09:27:40.539	7	0	0	0	0	0	0	0	0	0	0	0	0	
1092	2026-05-08 09:27:40.664	2026-05-08 09:27:41.319	7	0	0	0	0	0	0	0	0	0	0	0	0	
1092	2026-05-08 09:27:41.600	2026-05-08 09:27:41.787	7	0	0	0	0	0	0	0	0	0	0	0	0	
1092	2026-05-08 09:27:42.037	2026-05-08 09:27:42.817	7	0	0	0	0	0	0	0	0	0	0	0	0	
1092	2026-05-08 09:27:44.439	2026-05-08 09:27:44.533	7	0	0	0	0	0	0	0	0	0	0	0	0	
1092	2026-05-08 09:27:44.595	2026-05-08 09:27:44.673	7	0	0	0	0	0	0	0	0	0	0	0	0	
1092	2026-05-08 09:27:46.093	2026-05-08 09:27:46.561	7	0	0	0	0	0	0	0	0	0	0	0	0	
1092	2026-05-08 09:27:47.278	2026-05-08 09:27:47.325	8	0	0	0	0	0	0	0	0	0	0	0	0	
1092	2026-05-08 09:27:47.590	2026-05-08 09:27:48.012	8	0	0	0	0	0	0	0	0	0	0	0	0	
1092	2026-05-08 09:27:48.136	2026-05-08 09:27:52.785	8	0	0	0	0	0	0	0	0	0	0	0	0	
1092	2026-05-08 09:27:57.216	2026-05-08 09:27:58.292	7	0	0	0	0	0	0	0	0	0	0	0	0	
1092	2026-05-08 09:27:58.807	2026-05-08 09:27:59.025	7	0	0	0	0	0	0	0	0	0	0	0	0	
1092	2026-05-08 09:27:59.540	2026-05-08 09:28:02.005	7	0	0	0	0	0	0	0	0	0	0	0	0	
1092	2026-05-08 09:28:03.222	2026-05-08 09:28:03.268	8	0	0	0	0	0	0	0	0	0	0	0	0	
1095	2026-05-08 09:28:42.705	2026-05-08 09:28:42.892	7	0	0	0	0	0	0	0	0	0	0	0	0	
1095	2026-05-08 09:28:54.561	2026-05-08 09:28:55.700	8	0	0	0	0	0	0	0	0	0	0	0	0	
1096	2026-05-08 09:29:03.999	2026-05-08 09:29:04.062	8	0	0	0	0	0	0	0	0	0	0	0	0	
1096	2026-05-08 09:29:06.620	2026-05-08 09:29:07.509	7	0	0	0	0	0	0	0	0	0	0	0	0	
1096	2026-05-08 09:29:11.503	2026-05-08 09:29:11.908	7	0	0	0	0	0	0	0	0	0	0	0	0	
1097	2026-05-08 09:29:25.059	2026-05-08 09:29:25.215	8	0	0	0	0	0	0	0	0	0	0	0	0	
1097	2026-05-08 09:29:25.340	2026-05-08 09:29:26.682	8	0	0	0	0	5	0.154000002890825	0.8112014	0	0	0	0	0	2026-05-08 09:29:25.699
1097	2026-05-08 09:29:27.493	2026-05-08 09:29:29.178	8	0	0	0	0	5	0.167999997735023	0.577201	0	0	0	0	0	2026-05-08 09:29:27.992
1097	2026-05-08 09:29:40.722	2026-05-08 09:29:40.971	8	0	0	0	0	0	0	0	0	0	0	0	0	
1097	2026-05-08 09:29:41.127	2026-05-08 09:29:41.190	8	0	0	0	0	0	0	0	0	0	0	0	0	
1097	2026-05-08 09:29:41.237	2026-05-08 09:29:41.393	8	0	0	0	0	0	0	0	0	0	0	0	0	
1097	2026-05-08 09:29:42.110	2026-05-08 09:29:42.157	8	0	0	0	0	0	0	0	0	0	0	0	0	
1097	2026-05-08 09:29:44.513	2026-05-08 09:29:44.637	8	0	0	0	0	0	0	0	0	0	0	0	0	
1097	2026-05-08 09:29:45.667	2026-05-08 09:29:45.761	8	0	0	0	0	0	0	0	0	0	0	0	0	
1097	2026-05-08 09:29:47.211	2026-05-08 09:29:47.321	8	0	0	0	0	0	0	0	0	0	0	0	0	
1097	2026-05-08 09:29:47.804	2026-05-08 09:29:47.851	8	0	0	0	0	0	0	0	0	0	0	0	0	
1097	2026-05-08 09:29:47.882	2026-05-08 09:29:47.898	8	0	0	0	0	0	0	0	0	0	0	0	0	
1097	2026-05-08 09:29:48.054	2026-05-08 09:29:48.849	8	0	0	0	0	0	0	0	0	0	0	0	0	
1097	2026-05-08 09:29:48.428	2026-05-08 09:29:51.018	7	0	0	0	0	0	0	0	0	0	0	0	0	
1097	2026-05-08 09:29:49.224	2026-05-08 09:29:51.127	8	0	0	0	0	9	0.349999994039536	1.123202	0	0	0	0	0	2026-05-08 09:29:50.004
1097	2026-05-08 09:29:51.345	2026-05-08 09:29:52.625	7	0	0	0	0	0	0	0	0	0	0	0	0	
1097	2026-05-08 09:29:54.247	2026-05-08 09:29:55.932	7	0	0	0	0	0	0	0	0	0	0	0	0	
1097	2026-05-08 09:29:56.649	2026-05-08 09:29:56.759	8	0	0	0	0	0	0	0	0	0	0	0	0	
1097	2026-05-08 09:29:56.930	2026-05-08 09:29:56.946	8	0	0	0	0	0	0	0	0	0	0	0	0	
1097	2026-05-08 09:29:57.039	2026-05-08 09:29:57.086	8	0	0	0	0	0	0	0	0	0	0	0	0	
1097	2026-05-08 09:30:00.565	2026-05-08 09:30:01.719	7	0	0	0	0	0	0	0	0	0	0	0	0	
1097	2026-05-08 09:30:01.735	2026-05-08 09:30:03.311	7	0	0	0	0	0	0	0	0	0	0	0	0	
1097	2026-05-08 09:30:03.373	2026-05-08 09:30:03.420	7	0	0	0	0	0	0	0	0	0	0	0	0	
1097	2026-05-08 09:30:03.903	2026-05-08 09:30:04.855	7	0	0	0	0	0	0	0	0	0	0	0	0	
1097	2026-05-08 09:30:04.902	2026-05-08 09:30:05.292	7	0	0	0	0	0	0	0	0	0	0	0	0	
1097	2026-05-08 09:30:05.323	2026-05-08 09:30:05.401	7	0	0	0	0	0	0	0	0	0	0	0	0	
1097	2026-05-08 09:30:06.649	2026-05-08 09:30:06.711	7	0	0	0	0	0	0	0	0	0	0	0	0	
1097	2026-05-08 09:30:08.443	2026-05-08 09:30:08.490	7	0	0	0	0	0	0	0	0	0	0	0	0	
1097	2026-05-08 09:30:16.961	2026-05-08 09:30:17.631	7	0	0	0	0	1	0.0140000004321337	0.2184004	0	0	0	0	0	2026-05-08 09:30:17.413
1097	2026-05-08 09:30:18.801	2026-05-08 09:30:18.942	7	0	0	0	0	0	0	0	0	0	0	0	0	
1097	2026-05-08 09:30:20.455	2026-05-08 09:30:20.798	7	0	0	0	0	0	0	0	0	0	0	0	0	
1097	2026-05-08 09:30:21.017	2026-05-08 09:30:21.048	7	0	0	0	0	0	0	0	0	0	0	0	0	
1097	2026-05-08 09:30:21.235	2026-05-08 09:30:21.547	7	0	0	0	0	0	0	0	0	0	0	0	0	
1097	2026-05-08 09:30:23.435	2026-05-08 09:30:24.215	7	0	0	0	0	0	0	0	0	0	0	0	0	
1097	2026-05-08 09:30:24.355	2026-05-08 09:30:24.683	7	0	0	0	0	0	0	0	0	0	0	0	0	
1097	2026-05-08 09:30:24.714	2026-05-08 09:30:24.870	7	0	0	0	0	0	0	0	0	0	0	0	0	
1097	2026-05-08 09:30:34.854	2026-05-08 09:30:34.885	8	0	0	0	0	0	0	0	0	0	0	0	0	
1097	2026-05-08 09:30:35.415	2026-05-08 09:30:35.556	8	0	0	0	0	0	0	0	0	0	0	0	0	
1097	2026-05-08 09:30:36.102	2026-05-08 09:30:36.149	7	0	0	0	0	0	0	0	0	0	0	0	0	
1097	2026-05-08 09:30:36.242	2026-05-08 09:30:37.209	7	0	0	0	0	0	0	0	0	0	0	0	0	
1097	2026-05-08 09:30:37.428	2026-05-08 09:30:37.911	7	0	0	0	0	0	0	0	0	0	0	0	0	
1097	2026-05-08 09:30:37.943	2026-05-08 09:30:37.974	7	0	0	0	0	0	0	0	0	0	0	0	0	
1097	2026-05-08 09:30:44.775	2026-05-08 09:30:44.900	7	0	0	0	0	0	0	0	0	0	0	0	0	
1097	2026-05-08 09:30:44.838	2026-05-08 09:30:44.947	8	0	0	0	0	0	0	0	0	0	0	0	0	
1097	2026-05-08 09:30:54.993	2026-05-08 09:30:55.087	8	0	0	0	0	0	0	0	0	0	0	0	0	
1097	2026-05-08 09:30:56.241	2026-05-08 09:30:56.273	8	0	0	0	0	0	0	0	0	0	0	0	0	
1097	2026-05-08 09:30:56.475	2026-05-08 09:30:56.585	8	0	0	0	0	0	0	0	0	0	0	0	0	
1097	2026-05-08 09:31:01.046	2026-05-08 09:31:01.249	8	0	0	0	0	0	0	0	0	0	0	0	0	
1097	2026-05-08 09:31:02.840	2026-05-08 09:31:03.074	8	0	0	0	0	0	0	0	0	0	0	0	0	
1097	2026-05-08 09:31:13.372	2026-05-08 09:31:13.386	8	0	0	0	0	0	0	0	0	0	0	0	0	
1097	2026-05-08 09:31:06.974	2026-05-08 09:31:13.495	7	0	0	0	0	0	0	0	0	0	0	0	0	
1097	2026-05-08 09:31:24.165	2026-05-08 09:31:24.243	8	0	0	0	0	0	0	0	0	0	0	0	0	
1097	2026-05-08 09:31:24.415	2026-05-08 09:31:24.446	8	0	0	0	0	0	0	0	0	0	0	0	0	
1097	2026-05-08 09:31:28.034	2026-05-08 09:31:28.206	8	0	0	0	0	0	0	0	0	0	0	0	0	
1097	2026-05-08 09:31:28.643	2026-05-08 09:31:28.861	8	0	0	0	0	0	0	0	0	0	0	0	0	
1097	2026-05-08 09:31:29.095	2026-05-08 09:31:29.157	8	0	0	0	0	0	0	0	0	0	0	0	0	
1089	2026-05-08 09:22:17.213	2026-05-08 09:22:17.587	3	0	0	0	0	0	0	0	0	0	0	0	0	
1089	2026-05-08 09:22:17.899	2026-05-08 09:24:48.159	4	0	0	0	0	0	0	0	0	0	0	0	0	
1089	2026-05-08 09:24:50.889	2026-05-08 09:24:51.263	4	0	0	0	0	0	0	0	0	0	0	0	0	
1089	2026-05-08 09:25:24.101	2026-05-08 09:25:24.210	4	0	0	0	0	0	0	0	0	0	0	0	0	
1089	2026-05-08 09:25:24.616	2026-05-08 09:25:24.834	4	0	0	0	0	0	0	0	0	0	0	0	0	
1089	2026-05-08 09:25:43.586	2026-05-08 09:25:44.225	4	0	0	0	0	0	0	0	0	0	0	0	0	
1089	2026-05-08 09:25:59.295	2026-05-08 09:25:59.591	4	0	0	0	0	0	0	0	0	0	0	0	0	
1089	2026-05-08 09:25:23.087	2026-05-08 09:30:24.745	3	0	0	0	0	0	0	0	0	0	0	0	0	
1089	2026-05-08 09:30:24.863	2026-05-08 09:32:48.920	3	0	0	0	0	0	0	0	0	0	0	0	0	
1089	2026-05-08 09:33:29.106	2026-05-08 09:33:29.137	3	0	0	0	0	0	0	0	0	0	0	0	0	
1089	2026-05-08 09:33:29.184	2026-05-08 09:33:29.465	3	0	0	0	0	0	0	0	0	0	0	0	0	
1089	2026-05-08 09:33:47.358	2026-05-08 09:33:50.743	3	0	0	0	0	0	0	0	0	0	0	0	0	
1089	2026-05-08 09:34:05.907	2026-05-08 09:34:48.354	3	0	0	0	0	0	0	0	0	0	0	0	0	
1089	2026-05-08 09:34:57.901	2026-05-08 09:35:10.194	3	0	0	0	0	0	0	0	0	0	0	0	0	
1100	2026-05-08 09:35:48.804	2026-05-08 09:35:49.241	3	0	0	0	0	0	0	0	0	0	0	0	0	
1100	2026-05-08 09:35:50.099	2026-05-08 09:35:50.333	4	0	0	0	0	0	0	0	0	0	0	0	0	
1100	2026-05-08 09:35:54.826	2026-05-08 09:35:54.925	3	0	0	0	0	0	0	0	0	0	0	0	0	
1100	2026-05-08 09:35:56.994	2026-05-08 09:35:57.026	3	0	0	0	0	0	0	0	0	0	0	0	0	
1100	2026-05-08 09:35:57.135	2026-05-08 09:35:57.244	3	0	0	0	0	0	0	0	0	0	0	0	0	
1100	2026-05-08 09:36:17.742	2026-05-08 09:36:18.616	3	0	0	0	0	0	0	0	0	0	0	0	0	
1100	2026-05-08 09:36:20.410	2026-05-08 09:36:20.457	3	0	0	0	0	0	0	0	0	0	0	0	0	
1100	2026-05-08 09:36:24.076	2026-05-08 09:36:24.232	4	0	0	0	0	0	0	0	0	0	0	0	0	
1100	2026-05-08 09:36:24.435	2026-05-08 09:36:26.978	4	0	0	0	0	0	0	0	0	0	0	0	0	
1100	2026-05-08 09:36:28.085	2026-05-08 09:36:28.101	4	0	0	0	0	0	0	0	0	0	0	0	0	
1100	2026-05-08 09:37:40.875	2026-05-08 09:37:41.015	4	0	0	0	0	0	0	0	0	0	0	0	0	
1101	2026-05-08 09:38:01.077	2026-05-08 09:38:01.748	3	0	0	0	0	0	0	0	0	0	0	0	0	
1101	2026-05-08 09:38:19.672	2026-05-08 09:38:20.873	4	0	0	0	0	0	0	0	0	0	0	0	0	
1101	2026-05-08 09:38:21.482	2026-05-08 09:38:21.622	4	0	0	0	0	0	0	0	0	0	0	0	0	
1101	2026-05-08 09:38:05.601	2026-05-08 09:40:44.238	3	0	0	0	0	0	0	0	0	0	0	0	0	
1101	2026-05-08 09:40:44.706	2026-05-08 09:46:07.829	3	0	0	0	0	0	0	0	0	0	0	0	0	
1099	2026-05-08 09:32:03.041	2026-05-08 09:32:04.944	2	0	0	0	0	2	0.0979999974370003	0.3432006	0	0	0	0	0	2026-05-08 09:32:03.306
1099	2026-05-08 09:43:06.167	2026-05-08 09:43:55.822	2	0	0	0	0	0	0	0	0	0	0	0	0	
1099	2026-05-08 09:45:54.694	2026-05-08 09:45:54.912	2	0	0	0	0	0	0	0	0	0	0	0	0	
1103	2026-05-08 09:46:42.087	2026-05-08 09:46:42.726	5	0	0	0	0	0	0	0	0	0	0	0	0	
1103	2026-05-08 09:46:42.820	2026-05-08 09:46:43.319	5	0	0	0	0	0	0	0	0	0	0	0	0	
1103	2026-05-08 09:46:48.670	2026-05-08 09:46:57.172	5	0	0	0	0	0	0	0	0	0	0	0	0	
1098	2026-05-08 09:31:45.631	2026-05-08 09:31:45.803	7	0	0	0	0	0	0	0	0	0	0	0	0	
1098	2026-05-08 09:31:46.021	2026-05-08 09:31:54.242	7	0	0	0	0	44	0.616000005975366	6.3890114	0	0	0	0	0	2026-05-08 09:31:46.474
1098	2026-05-08 09:31:56.988	2026-05-08 09:31:57.347	8	0	0	0	0	0	0	0	0	0	0	0	0	
1098	2026-05-08 09:32:09.172	2026-05-08 09:32:09.265	7	0	0	0	0	0	0	0	0	0	0	0	0	
1098	2026-05-08 09:32:14.756	2026-05-08 09:32:14.803	8	0	0	0	0	0	0	0	0	0	0	0	0	
1098	2026-05-08 09:32:14.990	2026-05-08 09:32:16.722	8	0	0	0	0	0	0	0	0	0	0	0	0	
1098	2026-05-08 09:32:16.831	2026-05-08 09:32:18.220	8	0	0	0	0	0	0	0	0	0	0	0	0	
1098	2026-05-08 09:32:16.894	2026-05-08 09:32:22.978	7	0	0	0	0	46	2.21199989318848	5.2728093	0	0	0	0	0	2026-05-08 09:32:17.455
1098	2026-05-08 09:32:24.709	2026-05-08 09:32:24.740	7	0	0	0	0	0	0	0	0	0	0	0	0	
1098	2026-05-08 09:34:31.381	2026-05-08 09:34:31.397	7	0	0	0	0	0	0	0	0	0	0	0	0	
1098	2026-05-08 09:34:40.788	2026-05-08 09:34:40.851	8	0	0	0	0	0	0	0	0	0	0	0	0	
1098	2026-05-08 09:34:46.638	2026-05-08 09:34:48.916	8	0	0	0	0	1	0.0140000004321337	0.2184004	0	0	0	0	0	2026-05-08 09:34:47.247
1098	2026-05-08 09:34:49.477	2026-05-08 09:34:49.555	8	0	0	0	0	0	0	0	0	0	0	0	0	
1098	2026-05-08 09:34:57.543	2026-05-08 09:34:58.494	8	0	0	0	0	0	0	0	0	0	0	0	0	
1098	2026-05-08 09:35:02.971	2026-05-08 09:35:03.081	8	0	0	0	0	0	0	0	0	0	0	0	0	
1098	2026-05-08 09:35:27.386	2026-05-08 09:35:28.150	7	0	0	0	0	0	0	0	0	0	0	0	0	
1098	2026-05-08 09:35:30.989	2026-05-08 09:35:31.098	8	0	0	0	0	0	0	0	0	0	0	0	0	
1098	2026-05-08 09:35:34.094	2026-05-08 09:35:34.359	8	0	0	0	0	0	0	0	0	0	0	0	0	
1098	2026-05-08 09:35:34.437	2026-05-08 09:35:34.515	8	0	0	0	0	0	0	0	0	0	0	0	0	
1098	2026-05-08 09:35:34.562	2026-05-08 09:35:34.640	8	0	0	0	0	0	0	0	0	0	0	0	0	
1098	2026-05-08 09:35:34.764	2026-05-08 09:35:34.827	8	0	0	0	0	0	0	0	0	0	0	0	0	
1098	2026-05-08 09:35:35.123	2026-05-08 09:35:37.572	8	0	0	0	0	0	0	0	0	0	0	0	0	
1098	2026-05-08 09:35:37.619	2026-05-08 09:35:37.713	8	0	0	0	0	0	0	0	0	0	0	0	0	
1098	2026-05-08 09:35:37.806	2026-05-08 09:35:37.884	8	0	0	0	0	0	0	0	0	0	0	0	0	
1098	2026-05-08 09:35:38.009	2026-05-08 09:35:38.087	8	0	0	0	0	0	0	0	0	0	0	0	0	
1098	2026-05-08 09:35:38.415	2026-05-08 09:35:38.508	8	0	0	0	0	0	0	0	0	0	0	0	0	
1098	2026-05-08 09:35:39.210	2026-05-08 09:35:39.554	8	0	0	0	0	0	0	0	0	0	0	0	0	
1098	2026-05-08 09:35:39.632	2026-05-08 09:35:39.756	8	0	0	0	0	0	0	0	0	0	0	0	0	
1098	2026-05-08 09:35:39.944	2026-05-08 09:35:40.302	8	0	0	0	0	0	0	0	0	0	0	0	0	
1098	2026-05-08 09:35:40.318	2026-05-08 09:35:41.207	8	0	0	0	0	0	0	0	0	0	0	0	0	
1098	2026-05-08 09:35:41.535	2026-05-08 09:35:42.346	8	0	0	0	0	0	0	0	0	0	0	0	0	
1098	2026-05-08 09:35:42.502	2026-05-08 09:35:43.251	8	0	0	0	0	0	0	0	0	0	0	0	0	
1098	2026-05-08 09:35:43.344	2026-05-08 09:35:43.376	8	0	0	0	0	0	0	0	0	0	0	0	0	
1098	2026-05-08 09:35:44.078	2026-05-08 09:35:44.218	8	0	0	0	0	0	0	0	0	0	0	0	0	
1098	2026-05-08 09:35:44.312	2026-05-08 09:35:45.107	8	0	0	0	0	0	0	0	0	0	0	0	0	
1098	2026-05-08 09:35:46.636	2026-05-08 09:35:47.026	8	0	0	0	0	0	0	0	0	0	0	0	0	
1098	2026-05-08 09:35:53.063	2026-05-08 09:35:53.126	8	0	0	0	0	0	0	0	0	0	0	0	0	
1098	2026-05-08 09:35:54.935	2026-05-08 09:35:55.466	8	0	0	0	0	0	0	0	0	0	0	0	0	
1098	2026-05-08 09:35:56.573	2026-05-08 09:35:57.119	8	0	0	0	0	0	0	0	0	0	0	0	0	
1098	2026-05-08 09:36:01.815	2026-05-08 09:36:02.080	8	0	0	0	0	0	0	0	0	0	0	0	0	
1098	2026-05-08 09:36:03.297	2026-05-08 09:36:04.311	8	0	0	0	0	0	0	0	0	0	0	0	0	
1098	2026-05-08 09:36:04.358	2026-05-08 09:36:04.498	8	0	0	0	0	0	0	0	0	0	0	0	0	
1098	2026-05-08 09:36:04.560	2026-05-08 09:36:04.732	8	0	0	0	0	0	0	0	0	0	0	0	0	
1098	2026-05-08 09:36:04.794	2026-05-08 09:36:04.841	8	0	0	0	0	0	0	0	0	0	0	0	0	
1098	2026-05-08 09:36:27.648	2026-05-08 09:36:27.695	8	0	0	0	0	0	0	0	0	0	0	0	0	
1098	2026-05-08 09:36:28.444	2026-05-08 09:36:28.475	8	0	0	0	0	0	0	0	0	0	0	0	0	
1098	2026-05-08 09:36:28.647	2026-05-08 09:36:28.709	8	0	0	0	0	0	0	0	0	0	0	0	0	
1098	2026-05-08 09:36:28.865	2026-05-08 09:36:28.959	8	0	0	0	0	0	0	0	0	0	0	0	0	
1098	2026-05-08 09:36:29.021	2026-05-08 09:36:29.115	8	0	0	0	0	0	0	0	0	0	0	0	0	
1098	2026-05-08 09:36:29.208	2026-05-08 09:36:29.302	8	0	0	0	0	0	0	0	0	0	0	0	0	
1098	2026-05-08 09:36:29.396	2026-05-08 09:36:29.489	8	0	0	0	0	0	0	0	0	0	0	0	0	
1098	2026-05-08 09:36:29.583	2026-05-08 09:36:29.676	8	0	0	0	0	0	0	0	0	0	0	0	0	
1098	2026-05-08 09:36:29.801	2026-05-08 09:36:29.895	8	0	0	0	0	0	0	0	0	0	0	0	0	
1098	2026-05-08 09:36:30.020	2026-05-08 09:36:30.113	8	0	0	0	0	0	0	0	0	0	0	0	0	
1098	2026-05-08 09:36:46.509	2026-05-08 09:36:46.524	7	0	0	0	0	0	0	0	0	0	0	0	0	
1098	2026-05-08 09:36:46.914	2026-05-08 09:36:46.930	7	0	0	0	0	0	0	0	0	0	0	0	0	
1098	2026-05-08 09:36:46.961	2026-05-08 09:36:47.039	7	0	0	0	0	0	0	0	0	0	0	0	0	
1098	2026-05-08 09:36:47.554	2026-05-08 09:36:47.616	7	0	0	0	0	0	0	0	0	0	0	0	0	
1098	2026-05-08 09:36:47.632	2026-05-08 09:36:47.726	7	0	0	0	0	0	0	0	0	0	0	0	0	
1098	2026-05-08 09:36:47.897	2026-05-08 09:36:48.053	7	0	0	0	0	0	0	0	0	0	0	0	0	
1098	2026-05-08 09:37:29.097	2026-05-08 09:37:29.331	7	0	0	0	0	0	0	0	0	0	0	0	0	
1098	2026-05-08 09:37:58.503	2026-05-08 09:37:59.611	7	0	0	0	0	0	0	0	0	0	0	0	0	
1098	2026-05-08 09:37:59.845	2026-05-08 09:38:00.157	7	0	0	0	0	0	0	0	0	0	0	0	0	
1098	2026-05-08 09:38:00.406	2026-05-08 09:38:00.562	7	0	0	0	0	0	0	0	0	0	0	0	0	
1098	2026-05-08 09:38:00.843	2026-05-08 09:38:00.968	7	0	0	0	0	0	0	0	0	0	0	0	0	
1098	2026-05-08 09:38:01.389	2026-05-08 09:38:01.467	7	0	0	0	0	0	0	0	0	0	0	0	0	
1098	2026-05-08 09:38:01.904	2026-05-08 09:38:01.997	7	0	0	0	0	0	0	0	0	0	0	0	0	
1098	2026-05-08 09:38:02.403	2026-05-08 09:38:02.481	7	0	0	0	0	0	0	0	0	0	0	0	0	
1098	2026-05-08 09:38:02.887	2026-05-08 09:38:03.011	7	0	0	0	0	0	0	0	0	0	0	0	0	
1098	2026-05-08 09:38:03.464	2026-05-08 09:38:03.495	7	0	0	0	0	0	0	0	0	0	0	0	0	
1098	2026-05-08 09:38:03.916	2026-05-08 09:38:03.994	7	0	0	0	0	0	0	0	0	0	0	0	0	
1098	2026-05-08 09:38:04.306	2026-05-08 09:38:04.337	7	0	0	0	0	0	0	0	0	0	0	0	0	
1098	2026-05-08 09:38:04.431	2026-05-08 09:38:04.525	7	0	0	0	0	0	0	0	0	0	0	0	0	
1098	2026-05-08 09:38:04.961	2026-05-08 09:38:05.024	7	0	0	0	0	0	0	0	0	0	0	0	0	
1098	2026-05-08 09:38:09.985	2026-05-08 09:38:10.000	7	0	0	0	0	0	0	0	0	0	0	0	0	
1098	2026-05-08 09:38:10.078	2026-05-08 09:38:10.765	7	0	0	0	0	0	0	0	0	0	0	0	0	
1098	2026-05-08 09:38:10.780	2026-05-08 09:38:16.646	7	0	0	0	0	42	2.2260000705719	5.3040093	0	0	0	0	0	2026-05-08 09:38:11.201
1098	2026-05-08 09:38:17.223	2026-05-08 09:38:17.270	7	0	0	0	0	0	0	0	0	0	0	0	0	
1098	2026-05-08 09:38:17.395	2026-05-08 09:38:17.473	7	0	0	0	0	0	0	0	0	0	0	0	0	
1098	2026-05-08 09:38:17.551	2026-05-08 09:38:17.644	7	0	0	0	0	0	0	0	0	0	0	0	0	
1098	2026-05-08 09:38:17.722	2026-05-08 09:38:17.816	7	0	0	0	0	0	0	0	0	0	0	0	0	
1098	2026-05-08 09:38:17.878	2026-05-08 09:38:17.972	7	0	0	0	0	0	0	0	0	0	0	0	0	
1098	2026-05-08 09:38:18.050	2026-05-08 09:38:18.128	7	0	0	0	0	0	0	0	0	0	0	0	0	
1098	2026-05-08 09:38:18.237	2026-05-08 09:38:18.284	7	0	0	0	0	0	0	0	0	0	0	0	0	
1098	2026-05-08 09:38:18.799	2026-05-08 09:38:18.861	7	0	0	0	0	0	0	0	0	0	0	0	0	
1098	2026-05-08 09:38:18.970	2026-05-08 09:38:19.048	7	0	0	0	0	0	0	0	0	0	0	0	0	
1098	2026-05-08 09:38:19.579	2026-05-08 09:38:19.750	7	0	0	0	0	0	0	0	0	0	0	0	0	
1098	2026-05-08 09:38:19.906	2026-05-08 09:38:19.937	7	0	0	0	0	0	0	0	0	0	0	0	0	
1098	2026-05-08 09:38:20.327	2026-05-08 09:38:20.452	7	0	0	0	0	0	0	0	0	0	0	0	0	
1098	2026-05-08 09:38:20.827	2026-05-08 09:38:21.497	7	0	0	0	0	0	0	0	0	0	0	0	0	
1098	2026-05-08 09:38:39.968	2026-05-08 09:38:40.217	8	0	0	0	0	0	0	0	0	0	0	0	0	
1098	2026-05-08 09:38:40.436	2026-05-08 09:38:40.483	8	0	0	0	0	0	0	0	0	0	0	0	0	
1098	2026-05-08 09:38:57.190	2026-05-08 09:38:57.331	8	0	0	0	0	0	0	0	0	0	0	0	0	
1098	2026-05-08 09:38:57.377	2026-05-08 09:38:57.674	8	0	0	0	0	0	0	0	0	0	0	0	0	
1098	2026-05-08 09:38:57.799	2026-05-08 09:38:57.814	8	0	0	0	0	0	0	0	0	0	0	0	0	
1098	2026-05-08 09:39:08.485	2026-05-08 09:39:08.531	8	0	0	0	0	0	0	0	0	0	0	0	0	
1098	2026-05-08 09:39:09.280	2026-05-08 09:39:10.872	8	0	0	0	0	0	0	0	0	0	0	0	0	
1098	2026-05-08 09:39:13.368	2026-05-08 09:39:13.414	7	0	0	0	0	0	0	0	0	0	0	0	0	
1098	2026-05-08 09:39:20.746	2026-05-08 09:39:20.762	8	0	0	0	0	0	0	0	0	0	0	0	0	
1098	2026-05-08 09:39:20.902	2026-05-08 09:39:20.934	8	0	0	0	0	0	0	0	0	0	0	0	0	
1098	2026-05-08 09:39:23.554	2026-05-08 09:39:23.648	8	0	0	0	0	0	0	0	0	0	0	0	0	
1098	2026-05-08 09:39:23.710	2026-05-08 09:39:23.851	8	0	0	0	0	0	0	0	0	0	0	0	0	
1098	2026-05-08 09:39:37.797	2026-05-08 09:39:38.437	8	0	0	0	0	0	0	0	0	0	0	0	0	
1098	2026-05-08 09:39:38.468	2026-05-08 09:39:39.451	8	0	0	0	0	0	0	0	0	0	0	0	0	
1098	2026-05-08 09:39:39.513	2026-05-08 09:39:40.402	8	0	0	0	0	0	0	0	0	0	0	0	0	
1098	2026-05-08 09:39:42.586	2026-05-08 09:39:42.602	8	0	0	0	0	0	0	0	0	0	0	0	0	
1098	2026-05-08 09:39:44.271	2026-05-08 09:39:44.583	8	0	0	0	0	0	0	0	0	0	0	0	0	
1098	2026-05-08 09:39:45.488	2026-05-08 09:39:45.831	8	0	0	0	0	0	0	0	0	0	0	0	0	
1098	2026-05-08 09:39:45.909	2026-05-08 09:39:45.972	8	0	0	0	0	0	0	0	0	0	0	0	0	
1098	2026-05-08 09:39:47.563	2026-05-08 09:39:47.641	8	0	0	0	0	0	0	0	0	0	0	0	0	
1098	2026-05-08 09:39:48.015	2026-05-08 09:39:48.280	8	0	0	0	0	0	0	0	0	0	0	0	0	
1098	2026-05-08 09:39:48.343	2026-05-08 09:39:48.670	8	0	0	0	0	0	0	0	0	0	0	0	0	
1098	2026-05-08 09:39:50.340	2026-05-08 09:39:50.511	8	0	0	0	0	0	0	0	0	0	0	0	0	
1098	2026-05-08 09:39:50.605	2026-05-08 09:39:50.714	8	0	0	0	0	0	0	0	0	0	0	0	0	
1098	2026-05-08 09:39:50.745	2026-05-08 09:39:57.625	8	0	0	0	0	0	0	0	0	0	0	0	0	
1098	2026-05-08 09:39:57.656	2026-05-08 09:39:57.906	8	0	0	0	0	0	0	0	0	0	0	0	0	
1098	2026-05-08 09:39:58.249	2026-05-08 09:39:58.374	8	0	0	0	0	0	0	0	0	0	0	0	0	
1098	2026-05-08 09:40:34.144	2026-05-08 09:40:34.285	8	0	0	0	0	0	0	0	0	0	0	0	0	
1098	2026-05-08 09:43:04.685	2026-05-08 09:43:04.732	8	0	0	0	0	0	0	0	0	0	0	0	0	
1098	2026-05-08 09:43:04.903	2026-05-08 09:43:04.981	8	0	0	0	0	0	0	0	0	0	0	0	0	
1098	2026-05-08 09:43:06.136	2026-05-08 09:43:06.229	8	0	0	0	0	0	0	0	0	0	0	0	0	
1098	2026-05-08 09:43:09.708	2026-05-08 09:43:09.848	8	0	0	0	0	0	0	0	0	0	0	0	0	
1098	2026-05-08 09:43:09.880	2026-05-08 09:43:09.926	8	0	0	0	0	0	0	0	0	0	0	0	0	
1098	2026-05-08 09:43:09.989	2026-05-08 09:43:50.627	8	0	0	0	0	0	0	0	0	0	0	0	0	
1098	2026-05-08 09:43:50.814	2026-05-08 09:44:21.749	8	0	0	0	0	0	0	0	0	0	0	0	0	
1098	2026-05-08 09:44:22.264	2026-05-08 09:46:14.584	8	0	0	0	0	0	0	0	0	0	0	0	0	
1098	2026-05-08 09:46:14.693	2026-05-08 09:46:20.980	8	0	0	0	0	0	0	0	0	0	0	0	0	
1098	2026-05-08 09:46:25.363	2026-05-08 09:46:25.566	8	0	0	0	0	0	0	0	0	0	0	0	0	
1098	2026-05-08 09:46:30.043	2026-05-08 09:46:30.527	7	0	0	0	0	0	0	0	0	0	0	0	0	
1105	2026-05-08 09:49:44.233	2026-05-08 09:49:45.949	7	0	0	0	0	0	0	0	0	0	0	0	0	
1105	2026-05-08 09:49:46.089	2026-05-08 09:49:46.136	7	0	0	0	0	0	0	0	0	0	0	0	0	
1105	2026-05-08 09:49:58.834	2026-05-08 09:49:58.850	8	0	0	0	0	0	0	0	0	0	0	0	0	
1107	2026-05-08 09:56:24.373	2026-05-08 09:56:24.561	2	0	0	0	0	0	0	0	0	0	0	0	0	
1106	2026-05-08 09:50:02.968	2026-05-08 09:50:09.817	7	0	0	0	0	26	0.36400000192225	3.8064066	0	0	0	0	0	2026-05-08 09:50:04.107
1106	2026-05-08 09:50:10.893	2026-05-08 09:50:11.080	7	0	0	0	0	0	0	0	0	0	0	0	0	
1106	2026-05-08 09:50:21.532	2026-05-08 09:50:21.641	8	0	0	0	0	0	0	0	0	0	0	0	0	
1106	2026-05-08 09:51:20.859	2026-05-08 09:51:21.078	8	0	0	0	0	0	0	0	0	0	0	0	0	
1106	2026-05-08 09:51:25.149	2026-05-08 09:51:25.399	8	0	0	0	0	0	0	0	0	0	0	0	0	
1106	2026-05-08 09:51:33.682	2026-05-08 09:51:34.244	8	0	0	0	0	0	0	0	0	0	0	0	0	
1106	2026-05-08 09:51:34.400	2026-05-08 09:51:39.766	8	0	0	0	0	38	1.97399997711182	4.6956083	0	0	0	0	0	2026-05-08 09:51:34.993
1106	2026-05-08 09:51:44.337	2026-05-08 09:51:44.961	8	0	0	0	0	0	0	0	0	0	0	0	0	
1106	2026-05-08 09:51:45.570	2026-05-08 09:51:45.694	8	0	0	0	0	0	0	0	0	0	0	0	0	
1106	2026-05-08 09:51:46.350	2026-05-08 09:51:47.348	8	0	0	0	0	0	0	0	0	0	0	0	0	
1106	2026-05-08 09:51:47.925	2026-05-08 09:51:48.346	8	0	0	0	0	0	0	0	0	0	0	0	0	
1106	2026-05-08 09:51:49.267	2026-05-08 09:51:54.134	8	0	0	0	0	0	0	0	0	0	0	0	0	
1106	2026-05-08 09:51:55.195	2026-05-08 09:51:55.647	8	0	0	0	0	0	0	0	0	0	0	0	0	
1106	2026-05-08 09:51:56.958	2026-05-08 09:52:00.046	8	0	0	0	0	0	0	0	0	0	0	0	0	
1106	2026-05-08 09:52:00.327	2026-05-08 09:52:00.436	8	0	0	0	0	0	0	0	0	0	0	0	0	
1106	2026-05-08 09:52:01.029	2026-05-08 09:52:04.664	8	0	0	0	0	0	0	0	0	0	0	0	0	
1106	2026-05-08 09:52:04.758	2026-05-08 09:52:04.804	8	0	0	0	0	0	0	0	0	0	0	0	0	
1106	2026-05-08 09:52:04.867	2026-05-08 09:52:05.428	8	0	0	0	0	0	0	0	0	0	0	0	0	
1106	2026-05-08 09:52:05.553	2026-05-08 09:52:06.052	8	0	0	0	0	0	0	0	0	0	0	0	0	
1106	2026-05-08 09:52:06.099	2026-05-08 09:52:09.952	8	0	0	0	0	0	0	0	0	0	0	0	0	
1106	2026-05-08 09:52:10.155	2026-05-08 09:52:10.186	8	0	0	0	0	0	0	0	0	0	0	0	0	
1106	2026-05-08 09:52:10.842	2026-05-08 09:52:11.154	8	0	0	0	0	0	0	0	0	0	0	0	0	
1106	2026-05-08 09:52:11.294	2026-05-08 09:52:11.356	8	0	0	0	0	0	0	0	0	0	0	0	0	
1106	2026-05-08 09:52:22.713	2026-05-08 09:52:22.760	7	0	0	0	0	0	0	0	0	0	0	0	0	
1106	2026-05-08 09:52:27.315	2026-05-08 09:52:32.604	7	0	0	0	0	0	0	0	0	0	0	0	0	
1106	2026-05-08 09:52:34.710	2026-05-08 09:52:34.944	7	0	0	0	0	0	0	0	0	0	0	0	0	
1106	2026-05-08 09:52:35.817	2026-05-08 09:52:35.849	7	0	0	0	0	0	0	0	0	0	0	0	0	
1106	2026-05-08 09:52:36.239	2026-05-08 09:52:36.317	7	0	0	0	0	0	0	0	0	0	0	0	0	
1106	2026-05-08 09:52:37.533	2026-05-08 09:52:39.218	7	0	0	0	0	0	0	0	0	0	0	0	0	
1106	2026-05-08 09:52:39.468	2026-05-08 09:52:45.583	7	0	0	0	0	25	1.25999999046326	3.0108053	0	0	0	0	0	2026-05-08 09:52:42.463
1106	2026-05-08 09:52:47.252	2026-05-08 09:52:47.330	7	0	0	0	0	0	0	0	0	0	0	0	0	
1106	2026-05-08 09:52:47.845	2026-05-08 09:52:47.923	7	0	0	0	0	0	0	0	0	0	0	0	0	
1106	2026-05-08 09:52:48.219	2026-05-08 09:52:48.313	7	0	0	0	0	0	0	0	0	0	0	0	0	
1106	2026-05-08 09:52:55.177	2026-05-08 09:52:57.392	8	0	0	0	0	8	0.377999991178513	1.0608018	0	0	0	0	0	2026-05-08 09:52:55.583
1106	2026-05-08 09:53:29.809	2026-05-08 09:53:29.856	7	0	0	0	0	0	0	0	0	0	0	0	0	
1106	2026-05-08 09:53:40.667	2026-05-08 09:53:40.916	7	0	0	0	0	0	0	0	0	0	0	0	0	
1106	2026-05-08 09:53:53.303	2026-05-08 09:53:53.318	8	0	0	0	0	0	0	0	0	0	0	0	0	
1106	2026-05-08 09:53:56.079	2026-05-08 09:53:56.189	7	0	0	0	0	0	0	0	0	0	0	0	0	
1106	2026-05-08 09:54:15.267	2026-05-08 09:54:15.330	7	0	0	0	0	0	0	0	0	0	0	0	0	
1106	2026-05-08 09:54:16.391	2026-05-08 09:54:16.422	7	0	0	0	0	0	0	0	0	0	0	0	0	
1106	2026-05-08 09:54:16.625	2026-05-08 09:54:16.656	7	0	0	0	0	0	0	0	0	0	0	0	0	
1106	2026-05-08 09:54:17.436	2026-05-08 09:54:17.732	7	0	0	0	0	0	0	0	0	0	0	0	0	
1106	2026-05-08 09:54:17.748	2026-05-08 09:54:17.904	7	0	0	0	0	0	0	0	0	0	0	0	0	
1106	2026-05-08 09:54:18.512	2026-05-08 09:54:18.559	7	0	0	0	0	0	0	0	0	0	0	0	0	
1106	2026-05-08 09:54:32.396	2026-05-08 09:54:35.158	8	0	0	0	0	13	0.727999985218048	1.6692029	0	0	0	0	0	2026-05-08 09:54:33.410
1106	2026-05-08 09:54:47.622	2026-05-08 09:54:47.747	8	0	0	0	0	0	0	0	0	0	0	0	0	
1106	2026-05-08 09:54:48.277	2026-05-08 09:54:48.340	8	0	0	0	0	0	0	0	0	0	0	0	0	
1106	2026-05-08 09:54:59.930	2026-05-08 09:54:59.946	7	0	0	0	0	0	0	0	0	0	0	0	0	
1106	2026-05-08 09:55:00.164	2026-05-08 09:55:00.274	7	0	0	0	0	0	0	0	0	0	0	0	0	
1106	2026-05-08 09:55:00.804	2026-05-08 09:55:00.820	7	0	0	0	0	0	0	0	0	0	0	0	0	
1106	2026-05-08 09:55:01.178	2026-05-08 09:55:01.865	7	0	0	0	0	0	0	0	0	0	0	0	0	
1106	2026-05-08 09:55:02.426	2026-05-08 09:55:03.097	7	0	0	0	0	0	0	0	0	0	0	0	0	
1106	2026-05-08 09:55:16.903	2026-05-08 09:55:16.919	8	0	0	0	0	0	0	0	0	0	0	0	0	
1106	2026-05-08 09:55:17.059	2026-05-08 09:55:17.090	8	0	0	0	0	0	0	0	0	0	0	0	0	
1106	2026-05-08 09:55:17.122	2026-05-08 09:55:17.309	8	0	0	0	0	0	0	0	0	0	0	0	0	
1106	2026-05-08 09:55:17.340	2026-05-08 09:55:17.402	8	0	0	0	0	0	0	0	0	0	0	0	0	
1106	2026-05-08 09:55:27.090	2026-05-08 09:55:27.168	7	0	0	0	0	0	0	0	0	0	0	0	0	
1106	2026-05-08 09:55:29.336	2026-05-08 09:55:29.399	7	0	0	0	0	0	0	0	0	0	0	0	0	
1102	2026-05-08 09:46:27.579	2026-05-08 09:46:28.437	4	0	0	0	0	0	0	0	0	0	0	0	0	
1102	2026-05-08 09:49:21.379	2026-05-08 09:49:22.439	3	0	0	0	0	0	0	0	0	0	0	0	0	
1102	2026-05-08 09:46:29.295	2026-05-08 09:51:16.242	4	0	0	0	0	0	0	0	0	0	0	0	0	
1102	2026-05-08 09:54:45.766	2026-05-08 09:57:21.547	4	0	0	0	0	0	0	0	0	0	0	0	0	
1102	2026-05-08 09:57:21.719	2026-05-08 09:57:26.805	4	0	0	0	0	0	0	0	0	0	0	0	0	
1102	2026-05-08 09:57:26.914	2026-05-08 09:57:27.538	4	0	0	0	0	0	0	0	0	0	0	0	0	
1102	2026-05-08 09:57:28.599	2026-05-08 09:57:29.160	4	0	0	0	0	0	0	0	0	0	0	0	0	
1109	2026-05-08 10:00:15.207	2026-05-08 10:00:16.861	4	0	0	0	0	0	0	0	0	0	0	0	0	
1109	2026-05-08 10:00:17.095	2026-05-08 10:00:17.204	4	0	0	0	0	0	0	0	0	0	0	0	0	
1109	2026-05-08 10:00:17.641	2026-05-08 10:00:17.719	4	0	0	0	0	0	0	0	0	0	0	0	0	
1109	2026-05-08 10:00:17.781	2026-05-08 10:00:20.651	4	0	0	0	0	0	0	0	0	0	0	0	0	
1109	2026-05-08 10:00:21.010	2026-05-08 10:00:23.335	4	0	0	0	0	0	0	0	0	0	0	0	0	
1109	2026-05-08 10:00:27.827	2026-05-08 10:00:30.292	4	0	0	0	0	0	0	0	0	0	0	0	0	
1109	2026-05-08 10:00:30.355	2026-05-08 10:00:37.000	4	0	0	0	0	0	0	0	0	0	0	0	0	
1109	2026-05-08 10:00:37.531	2026-05-08 10:00:37.687	4	0	0	0	0	0	0	0	0	0	0	0	0	
1109	2026-05-08 10:00:38.077	2026-05-08 10:00:38.701	4	0	0	0	0	0	0	0	0	0	0	0	0	
1109	2026-05-08 10:00:44.020	2026-05-08 10:00:46.454	4	0	0	0	0	0	0	0	0	0	0	0	0	
1109	2026-05-08 10:00:46.781	2026-05-08 10:00:48.825	4	0	0	0	0	0	0	0	0	0	0	0	0	
1110	2026-05-08 09:57:46.102	2026-05-08 09:57:48.988	5	0	0	0	0	0	0	0	0	0	0	0	0	
1110	2026-05-08 09:57:49.425	2026-05-08 10:01:53.581	5	0	0	0	0	0	0	0	0	0	0	0	0	
1110	2026-05-08 10:01:53.939	2026-05-08 10:01:54.782	5	0	0	0	0	0	0	0	0	0	0	0	0	
1110	2026-05-08 10:01:56.389	2026-05-08 10:01:56.420	6	0	0	0	0	0	0	0	0	0	0	0	0	
1110	2026-05-08 10:01:57.637	2026-05-08 10:01:57.746	6	0	0	0	0	0	0	0	0	0	0	0	0	
1110	2026-05-08 10:01:55.265	2026-05-08 10:01:58.167	5	0	0	0	0	0	0	0	0	0	0	0	0	
1110	2026-05-08 10:01:58.105	2026-05-08 10:02:04.803	6	0	0	0	0	0	0	0	0	0	0	0	0	
1110	2026-05-08 10:02:01.334	2026-05-08 10:02:04.813	5	0	0	0	0	0	0	0	0	0	0	0	0	
1110	2026-05-08 10:02:04.844	2026-05-08 10:02:05.094	5	0	0	0	0	0	0	0	0	0	0	0	0	
1108	2026-05-08 09:57:11.766	2026-05-08 09:57:19.582	8	0	0	0	0	32	0.448000010102987	4.508408	0	0	0	0	0	2026-05-08 09:57:12.359
1108	2026-05-08 09:58:09.471	2026-05-08 09:58:09.908	7	0	0	0	0	0	0	0	0	0	0	0	0	
1108	2026-05-08 09:58:10.844	2026-05-08 09:58:10.875	8	0	0	0	0	0	0	0	0	0	0	0	0	
1108	2026-05-08 09:58:32.886	2026-05-08 09:58:33.339	8	0	0	0	0	0	0	0	0	0	0	0	0	
1108	2026-05-08 09:58:38.300	2026-05-08 09:58:41.778	8	0	0	0	0	21	0.671999998390675	2.6676046	0	0	0	0	0	2026-05-08 09:58:38.658
1108	2026-05-08 09:58:55.803	2026-05-08 09:59:01.684	8	0	0	0	0	0	0	0	0	0	0	0	0	
1108	2026-05-08 09:59:12.479	2026-05-08 09:59:12.838	8	0	0	0	0	0	0	0	0	0	0	0	0	
1108	2026-05-08 09:59:17.674	2026-05-08 09:59:18.532	8	0	0	0	0	0	0	0	0	0	0	0	0	
1108	2026-05-08 09:59:19.967	2026-05-08 09:59:20.622	8	0	0	0	0	0	0	0	0	0	0	0	0	
1108	2026-05-08 09:59:28.032	2026-05-08 09:59:28.079	8	0	0	0	0	0	0	0	0	0	0	0	0	
1108	2026-05-08 09:59:28.298	2026-05-08 09:59:36.051	8	0	0	0	0	0	0	0	0	0	0	0	0	
1108	2026-05-08 09:59:39.311	2026-05-08 09:59:40.060	8	0	0	0	0	0	0	0	0	0	0	0	0	
1108	2026-05-08 09:59:40.325	2026-05-08 09:59:40.544	8	0	0	0	0	0	0	0	0	0	0	0	0	
1108	2026-05-08 09:59:40.684	2026-05-08 09:59:40.762	8	0	0	0	0	0	0	0	0	0	0	0	0	
1108	2026-05-08 09:59:40.887	2026-05-08 09:59:40.965	8	0	0	0	0	0	0	0	0	0	0	0	0	
1108	2026-05-08 09:59:41.074	2026-05-08 09:59:41.105	8	0	0	0	0	0	0	0	0	0	0	0	0	
1108	2026-05-08 09:59:49.966	2026-05-08 09:59:50.559	8	0	0	0	0	0	0	0	0	0	0	0	0	
1108	2026-05-08 09:59:51.120	2026-05-08 09:59:51.198	8	0	0	0	0	0	0	0	0	0	0	0	0	
1108	2026-05-08 09:59:51.448	2026-05-08 09:59:52.290	8	0	0	0	0	0	0	0	0	0	0	0	0	
1108	2026-05-08 09:59:53.039	2026-05-08 09:59:54.256	8	0	0	0	0	0	0	0	0	0	0	0	0	
1108	2026-05-08 09:59:56.237	2026-05-08 09:59:58.390	8	0	0	0	0	0	0	0	0	0	0	0	0	
1108	2026-05-08 09:59:58.936	2026-05-08 09:59:59.248	8	0	0	0	0	0	0	0	0	0	0	0	0	
1108	2026-05-08 10:00:00.137	2026-05-08 10:00:02.618	8	0	0	0	0	0	0	0	0	0	0	0	0	
1108	2026-05-08 10:00:03.476	2026-05-08 10:00:03.647	8	0	0	0	0	0	0	0	0	0	0	0	0	
1108	2026-05-08 10:00:04.006	2026-05-08 10:00:04.615	8	0	0	0	0	0	0	0	0	0	0	0	0	
1108	2026-05-08 10:00:05.441	2026-05-08 10:00:08.639	8	0	0	0	0	0	0	0	0	0	0	0	0	
1108	2026-05-08 10:00:33.896	2026-05-08 10:00:33.943	8	0	0	0	0	0	0	0	0	0	0	0	0	
1108	2026-05-08 10:00:58.091	2026-05-08 10:00:58.154	8	0	0	0	0	0	0	0	0	0	0	0	0	
1108	2026-05-08 10:00:58.856	2026-05-08 10:00:59.277	8	0	0	0	0	0	0	0	0	0	0	0	0	
1108	2026-05-08 10:01:02.615	2026-05-08 10:01:03.364	8	0	0	0	0	0	0	0	0	0	0	0	0	
1108	2026-05-08 10:01:04.316	2026-05-08 10:01:04.331	8	0	0	0	0	0	0	0	0	0	0	0	0	
1108	2026-05-08 10:01:04.519	2026-05-08 10:01:04.550	8	0	0	0	0	0	0	0	0	0	0	0	0	
1108	2026-05-08 10:01:05.080	2026-05-08 10:01:05.595	8	0	0	0	0	0	0	0	0	0	0	0	0	
1108	2026-05-08 10:01:07.529	2026-05-08 10:01:08.887	8	0	0	0	0	0	0	0	0	0	0	0	0	
1108	2026-05-08 10:01:11.757	2026-05-08 10:01:11.788	8	0	0	0	0	0	0	0	0	0	0	0	0	
1108	2026-05-08 10:01:12.459	2026-05-08 10:01:12.662	8	0	0	0	0	0	0	0	0	0	0	0	0	
1108	2026-05-08 10:01:12.755	2026-05-08 10:01:12.802	8	0	0	0	0	0	0	0	0	0	0	0	0	
1108	2026-05-08 10:01:12.943	2026-05-08 10:01:13.005	8	0	0	0	0	0	0	0	0	0	0	0	0	
1108	2026-05-08 10:01:13.099	2026-05-08 10:01:13.364	8	0	0	0	0	0	0	0	0	0	0	0	0	
1108	2026-05-08 10:01:13.473	2026-05-08 10:01:13.535	8	0	0	0	0	0	0	0	0	0	0	0	0	
1108	2026-05-08 10:01:13.645	2026-05-08 10:01:13.723	8	0	0	0	0	0	0	0	0	0	0	0	0	
1108	2026-05-08 10:01:14.269	2026-05-08 10:01:14.331	8	0	0	0	0	0	0	0	0	0	0	0	0	
1108	2026-05-08 10:01:14.908	2026-05-08 10:01:14.986	8	0	0	0	0	0	0	0	0	0	0	0	0	
1108	2026-05-08 10:01:15.563	2026-05-08 10:01:15.626	8	0	0	0	0	0	0	0	0	0	0	0	0	
1108	2026-05-08 10:01:15.704	2026-05-08 10:01:15.782	8	0	0	0	0	0	0	0	0	0	0	0	0	
1108	2026-05-08 10:01:16.234	2026-05-08 10:01:16.297	8	0	0	0	0	0	0	0	0	0	0	0	0	
1108	2026-05-08 10:01:17.217	2026-05-08 10:01:17.264	8	0	0	0	0	0	0	0	0	0	0	0	0	
1108	2026-05-08 10:01:17.529	2026-05-08 10:01:20.821	8	0	0	0	0	0	0	0	0	0	0	0	0	
1108	2026-05-08 10:01:26.421	2026-05-08 10:01:26.468	8	0	0	0	0	0	0	0	0	0	0	0	0	
1108	2026-05-08 10:01:28.215	2026-05-08 10:01:28.262	8	0	0	0	0	0	0	0	0	0	0	0	0	
1108	2026-05-08 10:01:28.418	2026-05-08 10:01:28.449	8	0	0	0	0	0	0	0	0	0	0	0	0	
1108	2026-05-08 10:01:28.589	2026-05-08 10:01:28.699	8	0	0	0	0	0	0	0	0	0	0	0	0	
1108	2026-05-08 10:01:28.839	2026-05-08 10:01:28.901	8	0	0	0	0	0	0	0	0	0	0	0	0	
1108	2026-05-08 10:01:29.104	2026-05-08 10:01:29.151	8	0	0	0	0	0	0	0	0	0	0	0	0	
1108	2026-05-08 10:01:29.822	2026-05-08 10:01:33.535	8	0	0	0	0	0	0	0	0	0	0	0	0	
1108	2026-05-08 10:01:36.187	2026-05-08 10:01:36.577	8	0	0	0	0	0	0	0	0	0	0	0	0	
1108	2026-05-08 10:01:38.152	2026-05-08 10:01:38.246	8	0	0	0	0	0	0	0	0	0	0	0	0	
1108	2026-05-08 10:01:38.277	2026-05-08 10:01:39.619	8	0	0	0	0	0	0	0	0	0	0	0	0	
1108	2026-05-08 10:01:39.697	2026-05-08 10:01:40.149	8	0	0	0	0	0	0	0	0	0	0	0	0	
1108	2026-05-08 10:01:40.243	2026-05-08 10:01:41.803	8	0	0	0	0	0	0	0	0	0	0	0	0	
1108	2026-05-08 10:01:42.801	2026-05-08 10:01:45.937	8	0	0	0	0	18	0.350000005215406	2.3974042	0	0	0	0	0	2026-05-08 10:01:43.144
1108	2026-05-08 10:01:47.091	2026-05-08 10:01:47.200	8	0	0	0	0	0	0	0	0	0	0	0	0	
1108	2026-05-08 10:01:49.213	2026-05-08 10:01:49.322	8	0	0	0	0	0	0	0	0	0	0	0	0	
1108	2026-05-08 10:01:50.117	2026-05-08 10:01:50.320	8	0	0	0	0	0	0	0	0	0	0	0	0	
1108	2026-05-08 10:01:50.741	2026-05-08 10:01:51.131	8	0	0	0	0	0	0	0	0	0	0	0	0	
1108	2026-05-08 10:01:52.676	2026-05-08 10:01:53.721	8	0	0	0	0	0	0	0	0	0	0	0	0	
1108	2026-05-08 10:01:54.283	2026-05-08 10:01:54.314	8	0	0	0	0	0	0	0	0	0	0	0	0	
1108	2026-05-08 10:02:06.716	2026-05-08 10:02:06.732	8	0	0	0	0	0	0	0	0	0	0	0	0	
1108	2026-05-08 10:02:07.558	2026-05-08 10:02:07.636	8	0	0	0	0	0	0	0	0	0	0	0	0	
1108	2026-05-08 10:02:07.714	2026-05-08 10:02:07.824	8	0	0	0	0	0	0	0	0	0	0	0	0	
1108	2026-05-08 10:02:07.933	2026-05-08 10:02:07.995	8	0	0	0	0	0	0	0	0	0	0	0	0	
1108	2026-05-08 10:02:08.120	2026-05-08 10:02:08.214	8	0	0	0	0	0	0	0	0	0	0	0	0	
1108	2026-05-08 10:02:08.338	2026-05-08 10:02:08.448	8	0	0	0	0	0	0	0	0	0	0	0	0	
1108	2026-05-08 10:02:08.572	2026-05-08 10:02:08.760	8	0	0	0	0	0	0	0	0	0	0	0	0	
1108	2026-05-08 10:02:09.820	2026-05-08 10:02:09.883	8	0	0	0	0	0	0	0	0	0	0	0	0	
1108	2026-05-08 10:02:10.210	2026-05-08 10:02:10.288	8	0	0	0	0	0	0	0	0	0	0	0	0	
1108	2026-05-08 10:02:12.753	2026-05-08 10:02:12.784	8	0	0	0	0	0	0	0	0	0	0	0	0	
1108	2026-05-08 10:02:12.909	2026-05-08 10:02:12.956	8	0	0	0	0	0	0	0	0	0	0	0	0	
1108	2026-05-08 10:02:13.065	2026-05-08 10:02:13.128	8	0	0	0	0	0	0	0	0	0	0	0	0	
1108	2026-05-08 10:02:13.268	2026-05-08 10:02:13.377	8	0	0	0	0	0	0	0	0	0	0	0	0	
1108	2026-05-08 10:02:13.424	2026-05-08 10:02:13.518	8	0	0	0	0	0	0	0	0	0	0	0	0	
1108	2026-05-08 10:02:13.596	2026-05-08 10:02:13.689	8	0	0	0	0	0	0	0	0	0	0	0	0	
1108	2026-05-08 10:02:13.798	2026-05-08 10:02:13.845	8	0	0	0	0	0	0	0	0	0	0	0	0	
1108	2026-05-08 10:02:13.970	2026-05-08 10:02:14.079	8	0	0	0	0	0	0	0	0	0	0	0	0	
1108	2026-05-08 10:02:14.188	2026-05-08 10:02:14.235	8	0	0	0	0	0	0	0	0	0	0	0	0	
1108	2026-05-08 10:02:14.360	2026-05-08 10:02:14.438	8	0	0	0	0	0	0	0	0	0	0	0	0	
1108	2026-05-08 10:02:14.532	2026-05-08 10:02:14.625	8	0	0	0	0	0	0	0	0	0	0	0	0	
1108	2026-05-08 10:02:14.703	2026-05-08 10:02:14.953	8	0	0	0	0	0	0	0	0	0	0	0	0	
1108	2026-05-08 10:02:15.000	2026-05-08 10:02:15.046	8	0	0	0	0	0	0	0	0	0	0	0	0	
1108	2026-05-08 10:02:15.062	2026-05-08 10:02:15.546	8	0	0	0	0	0	0	0	0	0	0	0	0	
1108	2026-05-08 10:02:15.577	2026-05-08 10:02:15.748	8	0	0	0	0	0	0	0	0	0	0	0	0	
1108	2026-05-08 10:02:15.780	2026-05-08 10:02:18.088	8	0	0	0	0	0	0	0	0	0	0	0	0	
1108	2026-05-08 10:02:18.166	2026-05-08 10:02:18.260	8	0	0	0	0	0	0	0	0	0	0	0	0	
1108	2026-05-08 10:02:18.354	2026-05-08 10:02:18.447	8	0	0	0	0	0	0	0	0	0	0	0	0	
1108	2026-05-08 10:02:18.556	2026-05-08 10:02:18.634	8	0	0	0	0	0	0	0	0	0	0	0	0	
1108	2026-05-08 10:02:18.775	2026-05-08 10:02:18.868	8	0	0	0	0	0	0	0	0	0	0	0	0	
1108	2026-05-08 10:02:19.009	2026-05-08 10:02:19.118	8	0	0	0	0	0	0	0	0	0	0	0	0	
1108	2026-05-08 10:02:19.227	2026-05-08 10:02:19.321	8	0	0	0	0	0	0	0	0	0	0	0	0	
1108	2026-05-08 10:02:19.430	2026-05-08 10:02:19.555	8	0	0	0	0	0	0	0	0	0	0	0	0	
1108	2026-05-08 10:02:19.633	2026-05-08 10:02:19.758	8	0	0	0	0	0	0	0	0	0	0	0	0	
1108	2026-05-08 10:02:19.867	2026-05-08 10:02:19.976	8	0	0	0	0	0	0	0	0	0	0	0	0	
1108	2026-05-08 10:02:20.070	2026-05-08 10:02:20.179	8	0	0	0	0	0	0	0	0	0	0	0	0	
1108	2026-05-08 10:02:20.304	2026-05-08 10:02:20.382	8	0	0	0	0	0	0	0	0	0	0	0	0	
1108	2026-05-08 10:02:20.538	2026-05-08 10:02:20.584	8	0	0	0	0	0	0	0	0	0	0	0	0	
1108	2026-05-08 10:02:20.772	2026-05-08 10:02:20.818	8	0	0	0	0	0	0	0	0	0	0	0	0	
1108	2026-05-08 10:02:20.959	2026-05-08 10:02:21.021	8	0	0	0	0	0	0	0	0	0	0	0	0	
1108	2026-05-08 10:02:21.193	2026-05-08 10:02:21.224	8	0	0	0	0	0	0	0	0	0	0	0	0	
1108	2026-05-08 10:02:21.396	2026-05-08 10:02:21.474	8	0	0	0	0	0	0	0	0	0	0	0	0	
1108	2026-05-08 10:02:21.614	2026-05-08 10:02:21.676	8	0	0	0	0	0	0	0	0	0	0	0	0	
1108	2026-05-08 10:02:21.864	2026-05-08 10:02:21.910	8	0	0	0	0	0	0	0	0	0	0	0	0	
1108	2026-05-08 10:02:23.330	2026-05-08 10:02:23.361	8	0	0	0	0	0	0	0	0	0	0	0	0	
1108	2026-05-08 10:02:23.533	2026-05-08 10:02:23.720	8	0	0	0	0	0	0	0	0	0	0	0	0	
1108	2026-05-08 10:02:24.016	2026-05-08 10:02:24.048	8	0	0	0	0	0	0	0	0	0	0	0	0	
1108	2026-05-08 10:02:24.219	2026-05-08 10:02:24.266	8	0	0	0	0	0	0	0	0	0	0	0	0	
1108	2026-05-08 10:02:24.718	2026-05-08 10:02:24.734	8	0	0	0	0	0	0	0	0	0	0	0	0	
1108	2026-05-08 10:02:24.937	2026-05-08 10:02:24.984	8	0	0	0	0	0	0	0	0	0	0	0	0	
1108	2026-05-08 10:02:25.202	2026-05-08 10:02:25.233	8	0	0	0	0	0	0	0	0	0	0	0	0	
1108	2026-05-08 10:02:25.686	2026-05-08 10:02:25.795	8	0	0	0	0	0	0	0	0	0	0	0	0	
1108	2026-05-08 10:02:25.888	2026-05-08 10:02:25.998	8	0	0	0	0	0	0	0	0	0	0	0	0	
1108	2026-05-08 10:02:26.076	2026-05-08 10:02:26.169	8	0	0	0	0	0	0	0	0	0	0	0	0	
1108	2026-05-08 10:02:26.310	2026-05-08 10:02:26.372	8	0	0	0	0	0	0	0	0	0	0	0	0	
1108	2026-05-08 10:02:26.528	2026-05-08 10:02:26.575	8	0	0	0	0	0	0	0	0	0	0	0	0	
1108	2026-05-08 10:02:34.203	2026-05-08 10:02:34.281	8	0	0	0	0	0	0	0	0	0	0	0	0	
1108	2026-05-08 10:02:35.092	2026-05-08 10:02:36.418	8	0	0	0	0	0	0	0	0	0	0	0	0	
1108	2026-05-08 10:02:39.289	2026-05-08 10:02:39.585	8	0	0	0	0	0	0	0	0	0	0	0	0	
1108	2026-05-08 10:02:39.850	2026-05-08 10:02:39.960	8	0	0	0	0	0	0	0	0	0	0	0	0	
1108	2026-05-08 10:02:40.693	2026-05-08 10:02:41.145	8	0	0	0	0	0	0	0	0	0	0	0	0	
1108	2026-05-08 10:03:07.072	2026-05-08 10:03:07.197	7	0	0	0	0	0	0	0	0	0	0	0	0	
1108	2026-05-08 10:03:07.228	2026-05-08 10:03:09.865	7	0	0	0	0	0	0	0	0	0	0	0	0	
1108	2026-05-08 10:03:10.239	2026-05-08 10:03:10.723	8	0	0	0	0	0	0	0	0	0	0	0	0	
1108	2026-05-08 10:03:18.960	2026-05-08 10:03:19.069	8	0	0	0	0	0	0	0	0	0	0	0	0	
1108	2026-05-08 10:03:28.117	2026-05-08 10:03:28.164	7	0	0	0	0	0	0	0	0	0	0	0	0	
1108	2026-05-08 10:03:28.179	2026-05-08 10:03:31.174	7	0	0	0	0	20	0.994000017642975	2.4180043	0	0	0	0	0	2026-05-08 10:03:28.616
1108	2026-05-08 10:03:35.433	2026-05-08 10:03:35.636	8	0	0	0	0	0	0	0	0	0	0	0	0	
1108	2026-05-08 10:03:40.675	2026-05-08 10:03:41.096	8	0	0	0	0	0	0	0	0	0	0	0	0	
1108	2026-05-08 10:03:54.419	2026-05-08 10:03:54.497	7	0	0	0	0	0	0	0	0	0	0	0	0	
1108	2026-05-08 10:03:56.665	2026-05-08 10:03:56.743	7	0	0	0	0	0	0	0	0	0	0	0	0	
1108	2026-05-08 10:03:56.821	2026-05-08 10:03:56.883	7	0	0	0	0	0	0	0	0	0	0	0	0	
1108	2026-05-08 10:04:04.699	2026-05-08 10:04:04.730	7	0	0	0	0	0	0	0	0	0	0	0	0	
1108	2026-05-08 10:04:11.017	2026-05-08 10:04:11.111	7	0	0	0	0	0	0	0	0	0	0	0	0	
1108	2026-05-08 10:04:11.126	2026-05-08 10:04:11.282	7	0	0	0	0	0	0	0	0	0	0	0	0	
1108	2026-05-08 10:04:11.937	2026-05-08 10:04:12.296	7	0	0	0	0	0	0	0	0	0	0	0	0	
1108	2026-05-08 10:04:12.390	2026-05-08 10:04:12.624	7	0	0	0	0	0	0	0	0	0	0	0	0	
1108	2026-05-08 10:04:12.905	2026-05-08 10:04:13.295	7	0	0	0	0	0	0	0	0	0	0	0	0	
1108	2026-05-08 10:04:28.130	2026-05-08 10:04:30.938	8	0	0	0	0	16	0.574000000953674	1.8564033	0	0	0	0	0	2026-05-08 10:04:28.895
1108	2026-05-08 10:04:31.874	2026-05-08 10:04:33.793	8	0	0	0	0	0	0	0	0	0	0	0	0	
1108	2026-05-08 10:04:35.946	2026-05-08 10:04:36.741	8	0	0	0	0	0	0	0	0	0	0	0	0	
1108	2026-05-08 10:04:36.804	2026-05-08 10:04:37.350	7	0	0	0	0	0	0	0	0	0	0	0	0	
1108	2026-05-08 10:04:38.520	2026-05-08 10:04:38.535	8	0	0	0	0	0	0	0	0	0	0	0	0	
1108	2026-05-08 10:04:39.378	2026-05-08 10:04:40.797	7	0	0	0	0	0	0	0	0	0	0	0	0	
1108	2026-05-08 10:04:41.484	2026-05-08 10:04:42.529	7	0	0	0	0	0	0	0	0	0	0	0	0	
1108	2026-05-08 10:04:40.454	2026-05-08 10:04:42.607	8	0	0	0	0	0	0	0	0	0	0	0	0	
1108	2026-05-08 10:04:50.719	2026-05-08 10:04:50.781	7	0	0	0	0	0	0	0	0	0	0	0	0	
1108	2026-05-08 10:04:52.591	2026-05-08 10:04:52.653	8	0	0	0	0	0	0	0	0	0	0	0	0	
1108	2026-05-08 10:04:53.995	2026-05-08 10:04:57.271	8	0	0	0	0	0	0	0	0	0	0	0	0	
1108	2026-05-08 10:05:17.723	2026-05-08 10:05:18.050	8	0	0	0	0	0	0	0	0	0	0	0	0	
1108	2026-05-08 10:05:21.342	2026-05-08 10:05:21.607	8	0	0	0	0	0	0	0	0	0	0	0	0	
1108	2026-05-08 10:05:18.066	2026-05-08 10:05:21.857	7	0	0	0	0	0	0	0	0	0	0	0	0	
1108	2026-05-08 10:05:21.779	2026-05-08 10:05:22.184	8	0	0	0	0	0	0	0	0	0	0	0	0	
1108	2026-05-08 10:05:32.777	2026-05-08 10:05:34.836	8	0	0	0	0	0	0	0	0	0	0	0	0	
1108	2026-05-08 10:05:34.961	2026-05-08 10:05:35.273	8	0	0	0	0	0	0	0	0	0	0	0	0	
1108	2026-05-08 10:05:35.491	2026-05-08 10:05:35.569	8	0	0	0	0	0	0	0	0	0	0	0	0	
1108	2026-05-08 10:05:37.004	2026-05-08 10:05:37.145	7	0	0	0	0	0	0	0	0	0	0	0	0	
1108	2026-05-08 10:05:41.388	2026-05-08 10:05:41.669	8	0	0	0	0	0	0	0	0	0	0	0	0	
1108	2026-05-08 10:05:47.862	2026-05-08 10:05:47.956	7	0	0	0	0	0	0	0	0	0	0	0	0	
1108	2026-05-08 10:05:49.204	2026-05-08 10:05:49.375	8	0	0	0	0	0	0	0	0	0	0	0	0	
1108	2026-05-08 10:05:51.934	2026-05-08 10:05:52.292	8	0	0	0	0	0	0	0	0	0	0	0	0	
1108	2026-05-08 10:05:52.339	2026-05-08 10:05:52.402	8	0	0	0	0	0	0	0	0	0	0	0	0	
1108	2026-05-08 10:05:58.392	2026-05-08 10:05:59.983	8	0	0	0	0	0	0	0	0	0	0	0	0	
1108	2026-05-08 10:06:01.730	2026-05-08 10:06:01.793	8	0	0	0	0	0	0	0	0	0	0	0	0	
1108	2026-05-08 10:06:01.824	2026-05-08 10:06:01.918	8	0	0	0	0	0	0	0	0	0	0	0	0	
1108	2026-05-08 10:06:02.058	2026-05-08 10:06:02.105	8	0	0	0	0	0	0	0	0	0	0	0	0	
1108	2026-05-08 10:06:02.791	2026-05-08 10:06:03.150	8	0	0	0	0	0	0	0	0	0	0	0	0	
1108	2026-05-08 10:06:03.197	2026-05-08 10:06:03.228	8	0	0	0	0	0	0	0	0	0	0	0	0	
1108	2026-05-08 10:06:03.290	2026-05-08 10:06:03.337	8	0	0	0	0	0	0	0	0	0	0	0	0	
1108	2026-05-08 10:06:03.400	2026-05-08 10:06:03.462	8	0	0	0	0	0	0	0	0	0	0	0	0	
1108	2026-05-08 10:06:03.836	2026-05-08 10:06:04.616	8	0	0	0	0	0	0	0	0	0	0	0	0	
1108	2026-05-08 10:06:07.393	2026-05-08 10:06:07.518	7	0	0	0	0	0	0	0	0	0	0	0	0	
1108	2026-05-08 10:06:07.783	2026-05-08 10:06:08.095	8	0	0	0	0	0	0	0	0	0	0	0	0	
1108	2026-05-08 10:06:08.142	2026-05-08 10:06:08.688	8	0	0	0	0	0	0	0	0	0	0	0	0	
1108	2026-05-08 10:06:08.750	2026-05-08 10:06:08.828	8	0	0	0	0	0	0	0	0	0	0	0	0	
1108	2026-05-08 10:06:08.906	2026-05-08 10:06:09.016	8	0	0	0	0	0	0	0	0	0	0	0	0	
1108	2026-05-08 10:06:09.062	2026-05-08 10:06:09.468	8	0	0	0	0	0	0	0	0	0	0	0	0	
1108	2026-05-08 10:06:15.568	2026-05-08 10:06:15.833	7	0	0	0	0	0	0	0	0	0	0	0	0	
1108	2026-05-08 10:06:20.825	2026-05-08 10:06:21.168	8	0	0	0	0	0	0	0	0	0	0	0	0	
1108	2026-05-08 10:06:28.750	2026-05-08 10:06:28.952	8	0	0	0	0	0	0	0	0	0	0	0	0	
1108	2026-05-08 10:06:30.403	2026-05-08 10:06:30.450	8	0	0	0	0	0	0	0	0	0	0	0	0	
1108	2026-05-08 10:06:30.497	2026-05-08 10:06:31.729	8	0	0	0	0	0	0	0	0	0	0	0	0	
1114	2026-05-08 10:05:23.354	2026-05-08 10:05:33.120	6	0	0	0	0	10	0.140000004321337	1.7940031	0	0	0	0	0	2026-05-08 10:05:24.540
1114	2026-05-08 10:05:34.742	2026-05-08 10:05:34.992	5	0	0	0	0	0	0	0	0	0	0	0	0	
1114	2026-05-08 10:05:37.347	2026-05-08 10:05:37.535	5	0	0	0	0	0	0	0	0	0	0	0	0	
1114	2026-05-08 10:05:37.659	2026-05-08 10:05:46.801	5	0	0	0	0	1	0.0419999994337559	0.2340005	0	0	0	0	0	2026-05-08 10:05:37.971
1114	2026-05-08 10:05:47.441	2026-05-08 10:05:47.472	5	0	0	0	0	0	0	0	0	0	0	0	0	
1114	2026-05-08 10:06:15.599	2026-05-08 10:06:22.354	6	0	0	0	0	45	1.83399999886751	5.4756097	0	0	0	0	0	2026-05-08 10:06:16.036
1114	2026-05-08 10:06:24.538	2026-05-08 10:06:25.770	6	0	0	0	0	6	0.223999995738268	0.8892016	0	0	0	0	0	2026-05-08 10:06:24.865
1114	2026-05-08 10:06:52.992	2026-05-08 10:06:53.086	6	0	0	0	0	0	0	0	0	0	0	0	0	
1114	2026-05-08 10:06:53.257	2026-05-08 10:06:53.304	6	0	0	0	0	0	0	0	0	0	0	0	0	
1114	2026-05-08 10:06:54.474	2026-05-08 10:06:55.738	6	0	0	0	0	2	0.0280000008642673	0.2652004	0	0	0	0	0	2026-05-08 10:06:55.238
1114	2026-05-08 10:06:56.767	2026-05-08 10:06:58.624	6	0	0	0	0	0	0	0	0	0	0	0	0	
1114	2026-05-08 10:07:04.349	2026-05-08 10:07:05.550	6	0	0	0	0	9	0.321999996900558	0.9984018	0	0	0	0	0	2026-05-08 10:07:04.552
1114	2026-05-08 10:07:07.141	2026-05-08 10:07:08.686	6	0	0	0	0	0	0	0	0	0	0	0	0	
1111	2026-05-08 09:59:38.999	2026-05-08 09:59:41.168	1	0	0	0	0	0	0	0	0	0	0	0	0	
1111	2026-05-08 09:59:53.819	2026-05-08 09:59:54.116	1	0	0	0	0	0	0	0	0	0	0	0	0	
1111	2026-05-08 09:59:54.755	2026-05-08 09:59:55.254	1	0	0	0	0	0	0	0	0	0	0	0	0	
1111	2026-05-08 10:00:13.881	2026-05-08 10:00:13.912	1	0	0	0	0	0	0	0	0	0	0	0	0	
1111	2026-05-08 09:59:13.790	2026-05-08 10:00:16.049	2	0	0	0	0	0	0	0	0	0	0	0	0	
1111	2026-05-08 10:00:15.847	2026-05-08 10:00:18.155	1	0	0	0	0	0	0	0	0	0	0	0	0	
1111	2026-05-08 10:00:18.187	2026-05-08 10:00:18.327	1	0	0	0	0	0	0	0	0	0	0	0	0	
1111	2026-05-08 10:00:30.433	2026-05-08 10:00:31.837	1	0	0	0	0	0	0	0	0	0	0	0	0	
1111	2026-05-08 10:00:36.993	2026-05-08 10:00:37.141	1	0	0	0	0	0	0	0	0	0	0	0	0	
1111	2026-05-08 10:04:10.736	2026-05-08 10:06:11.434	2	0	0	0	0	0	0	0	0	0	0	0	0	
1111	2026-05-08 10:06:11.668	2026-05-08 10:06:12.448	2	0	0	0	0	0	0	0	0	0	0	0	0	
1111	2026-05-08 10:07:08.093	2026-05-08 10:07:15.160	2	0	0	0	0	0	0	0	0	0	0	0	0	
1115	2026-05-08 10:07:15.955	2026-05-08 10:07:16.064	6	0	0	0	0	0	0	0	0	0	0	0	0	
1115	2026-05-08 10:07:31.009	2026-05-08 10:07:31.852	5	0	0	0	0	0	0	0	0	0	0	0	0	
1118	2026-05-08 10:08:03.754	2026-05-08 10:08:03.925	7	0	0	0	0	0	0	0	0	0	0	0	0	
1118	2026-05-08 10:08:24.720	2026-05-08 10:08:25.063	8	0	0	0	0	0	0	0	0	0	0	0	0	
1118	2026-05-08 10:08:25.110	2026-05-08 10:08:25.141	8	0	0	0	0	0	0	0	0	0	0	0	0	
1118	2026-05-08 10:08:25.173	2026-05-08 10:08:25.204	8	0	0	0	0	0	0	0	0	0	0	0	0	
1118	2026-05-08 10:08:26.951	2026-05-08 10:08:33.378	8	0	0	0	0	47	2.05800002068281	4.1808072	0	0	0	0	0	2026-05-08 10:08:27.372
1118	2026-05-08 10:08:37.481	2026-05-08 10:08:39.618	8	0	0	0	0	1	0.0140000004321337	0.2340004	0	0	0	0	0	2026-05-08 10:08:38.027
1116	2026-05-08 10:07:44.145	2026-05-08 10:07:53.598	5	0	0	0	0	71	4.17199993133545	8.9544157	0	0	0	0	0	2026-05-08 10:07:44.628
1116	2026-05-08 10:07:56.063	2026-05-08 10:07:56.219	6	0	0	0	0	0	0	0	0	0	0	0	0	
1116	2026-05-08 10:07:56.609	2026-05-08 10:07:56.703	6	0	0	0	0	0	0	0	0	0	0	0	0	
1116	2026-05-08 10:08:28.854	2026-05-08 10:08:33.331	5	0	0	0	0	30	1.43599998950958	2.5654045	0	0	0	0	0	2026-05-08 10:08:29.041
1116	2026-05-08 10:09:16.185	2026-05-08 10:09:18.852	5	0	0	0	0	0	0	0	0	0	0	0	0	
1116	2026-05-08 10:09:42.159	2026-05-08 10:09:42.221	6	0	0	0	0	0	0	0	0	0	0	0	0	
1116	2026-05-08 10:09:55.388	2026-05-08 10:09:55.497	5	0	0	0	0	0	0	0	0	0	0	0	0	
1116	2026-05-08 10:09:55.544	2026-05-08 10:10:00.645	5	0	0	0	0	0	0	0	0	0	0	0	0	
1116	2026-05-08 10:10:03.453	2026-05-08 10:10:05.138	5	0	0	0	0	0	0	0	0	0	0	0	0	
1116	2026-05-08 10:10:06.776	2026-05-08 10:10:08.226	5	0	0	0	0	0	0	0	0	0	0	0	0	
1119	2026-05-08 10:17:23.920	2026-05-08 10:17:23.951	5	0	0	0	0	0	0	0	0	0	0	0	0	
1119	2026-05-08 10:17:24.590	2026-05-08 10:17:24.622	5	0	0	0	0	0	0	0	0	0	0	0	0	
1119	2026-05-08 10:17:24.871	2026-05-08 10:17:24.902	5	0	0	0	0	0	0	0	0	0	0	0	0	
1119	2026-05-08 10:17:28.943	2026-05-08 10:17:28.990	5	0	0	0	0	0	0	0	0	0	0	0	0	
1119	2026-05-08 10:17:29.146	2026-05-08 10:17:29.208	5	0	0	0	0	0	0	0	0	0	0	0	0	
1119	2026-05-08 10:17:29.504	2026-05-08 10:17:29.567	5	0	0	0	0	0	0	0	0	0	0	0	0	
1119	2026-05-08 10:17:29.723	2026-05-08 10:17:29.801	5	0	0	0	0	0	0	0	0	0	0	0	0	
1119	2026-05-08 10:17:30.004	2026-05-08 10:17:30.019	5	0	0	0	0	0	0	0	0	0	0	0	0	
1119	2026-05-08 10:17:30.790	2026-05-08 10:17:30.799	5	0	0	0	0	0	0	0	0	0	0	0	0	
1119	2026-05-08 10:17:32.843	2026-05-08 10:17:32.890	5	0	0	0	0	0	0	0	0	0	0	0	0	
1119	2026-05-08 10:17:33.748	2026-05-08 10:17:33.763	5	0	0	0	0	0	0	0	0	0	0	0	0	
1119	2026-05-08 10:17:33.935	2026-05-08 10:17:33.982	5	0	0	0	0	0	0	0	0	0	0	0	0	
1119	2026-05-08 10:17:34.153	2026-05-08 10:17:34.216	5	0	0	0	0	0	0	0	0	0	0	0	0	
1119	2026-05-08 10:17:34.387	2026-05-08 10:17:34.450	5	0	0	0	0	0	0	0	0	0	0	0	0	
1119	2026-05-08 10:17:34.606	2026-05-08 10:17:34.637	5	0	0	0	0	0	0	0	0	0	0	0	0	
1119	2026-05-08 10:17:34.808	2026-05-08 10:17:34.902	5	0	0	0	0	0	0	0	0	0	0	0	0	
1119	2026-05-08 10:17:35.089	2026-05-08 10:17:35.136	5	0	0	0	0	0	0	0	0	0	0	0	0	
1119	2026-05-08 10:17:36.899	2026-05-08 10:17:36.961	5	0	0	0	0	0	0	0	0	0	0	0	0	
1119	2026-05-08 10:17:37.133	2026-05-08 10:17:37.180	5	0	0	0	0	0	0	0	0	0	0	0	0	
1119	2026-05-08 10:17:37.835	2026-05-08 10:17:37.928	5	0	0	0	0	0	0	0	0	0	0	0	0	
1119	2026-05-08 10:17:38.038	2026-05-08 10:17:38.209	5	0	0	0	0	0	0	0	0	0	0	0	0	
1119	2026-05-08 10:17:38.365	2026-05-08 10:17:38.412	5	0	0	0	0	0	0	0	0	0	0	0	0	
1119	2026-05-08 10:17:38.708	2026-05-08 10:17:38.740	5	0	0	0	0	0	0	0	0	0	0	0	0	
1119	2026-05-08 10:17:39.161	2026-05-08 10:17:39.176	5	0	0	0	0	0	0	0	0	0	0	0	0	
1119	2026-05-08 10:17:40.768	2026-05-08 10:17:40.861	5	0	0	0	0	0	0	0	0	0	0	0	0	
1119	2026-05-08 10:17:41.033	2026-05-08 10:17:41.095	5	0	0	0	0	0	0	0	0	0	0	0	0	
1119	2026-05-08 10:17:56.087	2026-05-08 10:17:57.241	5	0	0	0	0	0	0	0	0	0	0	0	0	
1122	2026-05-08 10:19:50.919	2026-05-08 10:19:53.212	5	0	0	0	0	12	0.588000014424324	1.6380029	0	0	0	0	0	2026-05-08 10:19:51.543
1122	2026-05-08 10:19:55.708	2026-05-08 10:19:55.879	6	0	0	0	0	0	0	0	0	0	0	0	0	
1122	2026-05-08 10:19:56.160	2026-05-08 10:19:56.207	6	0	0	0	0	0	0	0	0	0	0	0	0	
1123	2026-05-08 10:20:07.891	2026-05-08 10:20:08.125	5	0	0	0	0	0	0	0	0	0	0	0	0	
1124	2026-05-08 10:20:22.618	2026-05-08 10:20:23.039	5	0	0	0	0	0	0	0	0	0	0	0	0	
1125	2026-05-08 10:20:46.299	2026-05-08 10:20:46.891	5	0	0	0	0	0	0	0	0	0	0	0	0	
1125	2026-05-08 10:20:54.614	2026-05-08 10:20:54.832	6	0	0	0	0	0	0	0	0	0	0	0	0	
1128	2026-05-08 10:21:18.497	2026-05-08 10:21:19.246	5	0	0	0	0	0	0	0	0	0	0	0	0	
1128	2026-05-08 10:21:25.767	2026-05-08 10:21:33.317	5	0	0	0	0	14	0.601999998092651	1.6224029	0	0	0	0	0	2026-05-08 10:21:26.016
1128	2026-05-08 10:21:45.501	2026-05-08 10:21:45.563	6	0	0	0	0	0	0	0	0	0	0	0	0	
1128	2026-05-08 10:21:49.307	2026-05-08 10:21:56.046	6	0	0	0	0	51	2.5200000423938	5.9436105	0	0	0	0	0	2026-05-08 10:21:49.697
1128	2026-05-08 10:22:02.645	2026-05-08 10:22:03.300	6	0	0	0	0	0	0	0	0	0	0	0	0	
1128	2026-05-08 10:22:05.906	2026-05-08 10:22:07.934	6	0	0	0	0	13	0.21000000089407	1.4664026	0	0	0	0	0	2026-05-08 10:22:06.249
1128	2026-05-08 10:22:11.802	2026-05-08 10:22:12.286	6	0	0	0	0	0	0	0	0	0	0	0	0	
1128	2026-05-08 10:22:29.805	2026-05-08 10:22:30.179	5	0	0	0	0	0	0	0	0	0	0	0	0	
1129	2026-05-08 10:22:49.414	2026-05-08 10:22:49.711	5	0	0	0	0	0	0	0	0	0	0	0	0	
1129	2026-05-08 10:23:08.758	2026-05-08 10:23:08.774	6	0	0	0	0	0	0	0	0	0	0	0	0	
1129	2026-05-08 10:23:08.805	2026-05-08 10:23:08.977	6	0	0	0	0	0	0	0	0	0	0	0	0	
1129	2026-05-08 10:23:09.086	2026-05-08 10:23:10.178	6	0	0	0	0	3	0.167999997735023	0.546001	0	0	0	0	0	2026-05-08 10:23:09.585
1120	2026-05-08 10:15:03.644	2026-05-08 10:15:05.890	7	0	0	0	0	12	0.238000007346272	1.2012021	0	0	0	0	0	2026-05-08 10:15:04.112
1120	2026-05-08 10:15:10.196	2026-05-08 10:15:10.430	7	0	0	0	0	0	0	0	0	0	0	0	0	
1120	2026-05-08 10:15:10.570	2026-05-08 10:15:10.664	7	0	0	0	0	0	0	0	0	0	0	0	0	
1120	2026-05-08 10:15:15.984	2026-05-08 10:15:16.093	7	0	0	0	0	0	0	0	0	0	0	0	0	
1120	2026-05-08 10:15:16.124	2026-05-08 10:15:16.187	7	0	0	0	0	0	0	0	0	0	0	0	0	
1120	2026-05-08 10:15:24.564	2026-05-08 10:15:29.291	7	0	0	0	0	38	1.17600001581013	4.1028072	0	0	0	0	0	2026-05-08 10:15:24.907
1120	2026-05-08 10:15:32.629	2026-05-08 10:15:32.738	7	0	0	0	0	0	0	0	0	0	0	0	0	
1120	2026-05-08 10:15:57.449	2026-05-08 10:15:57.480	7	0	0	0	0	0	0	0	0	0	0	0	0	
1120	2026-05-08 10:16:14.265	2026-05-08 10:16:14.312	7	0	0	0	0	0	0	0	0	0	0	0	0	
1120	2026-05-08 10:16:15.045	2026-05-08 10:16:15.123	7	0	0	0	0	0	0	0	0	0	0	0	0	
1120	2026-05-08 10:16:15.607	2026-05-08 10:16:15.685	7	0	0	0	0	0	0	0	0	0	0	0	0	
1120	2026-05-08 10:16:15.950	2026-05-08 10:16:36.761	7	0	0	0	0	0	0	0	0	0	0	0	0	
1120	2026-05-08 10:16:37.057	2026-05-08 10:16:49.553	7	0	0	0	0	0	0	0	0	0	0	0	0	
1120	2026-05-08 10:16:53.546	2026-05-08 10:16:54.607	8	0	0	0	0	3	0.042000001296401	0.4368007	0	0	0	0	0	2026-05-08 10:16:53.843
1120	2026-05-08 10:16:55.715	2026-05-08 10:16:56.151	8	0	0	0	0	0	0	0	0	0	0	0	0	
1120	2026-05-08 10:16:59.006	2026-05-08 10:16:59.053	7	0	0	0	0	0	0	0	0	0	0	0	0	
1120	2026-05-08 10:17:00.020	2026-05-08 10:17:00.363	7	0	0	0	0	0	0	0	0	0	0	0	0	
1120	2026-05-08 10:17:04.716	2026-05-08 10:19:53.539	7	0	0	0	0	0	0	0	0	0	0	0	0	
1120	2026-05-08 10:19:54.507	2026-05-08 10:19:55.021	7	0	0	0	0	0	0	0	0	0	0	0	0	
1120	2026-05-08 10:20:00.684	2026-05-08 10:20:00.949	7	0	0	0	0	0	0	0	0	0	0	0	0	
1120	2026-05-08 10:20:05.723	2026-05-08 10:20:26.003	7	0	0	0	0	0	0	0	0	0	0	0	0	
1120	2026-05-08 10:23:22.237	2026-05-08 10:23:22.252	7	0	0	0	0	0	0	0	0	0	0	0	0	
1120	2026-05-08 10:23:22.486	2026-05-08 10:23:23.032	7	0	0	0	0	0	0	0	0	0	0	0	0	
1131	2026-05-08 10:23:56.541	2026-05-08 10:23:57.025	8	0	0	0	0	0	0	0	0	0	0	0	0	
1131	2026-05-08 10:23:57.649	2026-05-08 10:23:57.851	8	0	0	0	0	0	0	0	0	0	0	0	0	
1131	2026-05-08 10:23:58.226	2026-05-08 10:23:58.585	8	0	0	0	0	0	0	0	0	0	0	0	0	
1130	2026-05-08 10:23:32.423	2026-05-08 10:23:33.640	6	0	0	0	0	0	0	0	0	0	0	0	0	
1130	2026-05-08 10:23:53.125	2026-05-08 10:23:56.588	5	0	0	0	0	3	0.140000000596046	0.4524008	0	0	0	0	0	2026-05-08 10:23:53.546
1130	2026-05-08 10:23:57.056	2026-05-08 10:23:57.493	5	0	0	0	0	0	0	0	0	0	0	0	0	
1117	2026-05-08 10:08:57.745	2026-05-08 10:08:58.416	2	0	0	0	0	0	0	0	0	0	0	0	0	
1117	2026-05-08 10:09:17.089	2026-05-08 10:09:17.495	2	0	0	0	0	0	0	0	0	0	0	0	0	
1117	2026-05-08 10:09:24.577	2026-05-08 10:09:24.593	2	0	0	0	0	0	0	0	0	0	0	0	0	
1117	2026-05-08 10:09:24.765	2026-05-08 10:09:24.827	2	0	0	0	0	0	0	0	0	0	0	0	0	
1117	2026-05-08 10:15:02.318	2026-05-08 10:18:08.754	2	0	0	0	0	0	0	0	0	0	0	0	0	
1117	2026-05-08 10:18:09.643	2026-05-08 10:18:10.610	2	0	0	0	0	0	0	0	0	0	0	0	0	
1117	2026-05-08 10:19:12.839	2026-05-08 10:19:14.009	2	0	0	0	0	0	0	0	0	0	0	0	0	
1117	2026-05-08 10:23:43.843	2026-05-08 10:23:44.155	1	0	0	0	0	0	0	0	0	0	0	0	0	
1117	2026-05-08 10:23:44.747	2026-05-08 10:23:51.159	1	0	0	0	0	3	0.042000001296401	0.6708012	0	0	0	0	0	2026-05-08 10:23:45.184
1117	2026-05-08 10:24:47.413	2026-05-08 10:24:47.725	1	0	0	0	0	0	0	0	0	0	0	0	0	
1117	2026-05-08 10:20:50.152	2026-05-08 10:24:50.548	2	0	0	0	0	0	0	0	0	0	0	0	0	
1133	2026-05-08 10:24:56.726	2026-05-08 10:24:56.929	2	0	0	0	0	0	0	0	0	0	0	0	0	
1134	2026-05-08 10:26:21.231	2026-05-08 10:26:21.418	5	0	0	0	0	0	0	0	0	0	0	0	0	
1134	2026-05-08 10:26:23.166	2026-05-08 10:26:23.353	5	0	0	0	0	0	0	0	0	0	0	0	0	
1134	2026-05-08 10:26:30.092	2026-05-08 10:26:30.373	5	0	0	0	0	0	0	0	0	0	0	0	0	
1134	2026-05-08 10:26:37.767	2026-05-08 10:26:37.955	6	0	0	0	0	0	0	0	0	0	0	0	0	
1134	2026-05-08 10:26:39.749	2026-05-08 10:26:44.007	6	0	0	0	0	32	1.41400003433228	3.8940068	0	0	0	0	0	2026-05-08 10:26:40.107
1134	2026-05-08 10:26:46.347	2026-05-08 10:26:46.394	6	0	0	0	0	0	0	0	0	0	0	0	0	
1134	2026-05-08 10:26:47.736	2026-05-08 10:26:48.360	6	0	0	0	0	0	0	0	0	0	0	0	0	
1134	2026-05-08 10:26:53.399	2026-05-08 10:26:54.537	6	0	0	0	0	0	0	0	0	0	0	0	0	
1134	2026-05-08 10:26:54.600	2026-05-08 10:26:56.160	6	0	0	0	0	10	0.377999991178513	1.0764018	0	0	0	0	0	2026-05-08 10:26:55.068
1134	2026-05-08 10:26:56.347	2026-05-08 10:26:56.940	5	0	0	0	0	0	0	0	0	0	0	0	0	
1134	2026-05-08 10:28:05.393	2026-05-08 10:28:05.751	6	0	0	0	0	0	0	0	0	0	0	0	0	
1134	2026-05-08 10:28:07.233	2026-05-08 10:28:07.265	6	0	0	0	0	0	0	0	0	0	0	0	0	
1134	2026-05-08 10:28:12.116	2026-05-08 10:28:12.912	6	0	0	0	0	3	0.0700000002980232	0.3588006	0	0	0	0	0	2026-05-08 10:28:12.366
1134	2026-05-08 10:28:14.409	2026-05-08 10:28:14.799	6	0	0	0	0	0	0	0	0	0	0	0	0	
1134	2026-05-08 10:28:14.893	2026-05-08 10:28:15.455	6	0	0	0	0	0	0	0	0	0	0	0	0	
1134	2026-05-08 10:28:15.501	2026-05-08 10:28:16.859	6	0	0	0	0	0	0	0	0	0	0	0	0	
1135	2026-05-08 10:28:17.966	2026-05-08 10:28:18.169	2	0	0	0	0	0	0	0	0	0	0	0	0	
1135	2026-05-08 10:28:18.200	2026-05-08 10:28:18.294	2	0	0	0	0	0	0	0	0	0	0	0	0	
1132	2026-05-08 10:24:05.027	2026-05-08 10:24:05.121	7	0	0	0	0	0	0	0	0	0	0	0	0	
1132	2026-05-08 10:26:57.205	2026-05-08 10:26:57.267	7	0	0	0	0	0	0	0	0	0	0	0	0	
1132	2026-05-08 10:26:57.330	2026-05-08 10:26:57.533	7	0	0	0	0	0	0	0	0	0	0	0	0	
1132	2026-05-08 10:26:59.514	2026-05-08 10:27:00.107	7	0	0	0	0	0	0	0	0	0	0	0	0	
1132	2026-05-08 10:27:18.125	2026-05-08 10:27:58.950	7	0	0	0	0	0	0	0	0	0	0	0	0	
1132	2026-05-08 10:27:59.168	2026-05-08 10:27:59.231	7	0	0	0	0	0	0	0	0	0	0	0	0	
1132	2026-05-08 10:27:59.605	2026-05-08 10:32:17.801	7	0	0	0	0	0	0	0	0	0	0	0	0	
1132	2026-05-08 10:32:17.832	2026-05-08 10:32:18.160	7	0	0	0	0	0	0	0	0	0	0	0	0	
1132	2026-05-08 10:32:18.285	2026-05-08 10:32:18.332	7	0	0	0	0	0	0	0	0	0	0	0	0	
1132	2026-05-08 10:32:17.770	2026-05-08 10:32:19.392	8	0	0	0	0	0	0	0	0	0	0	0	0	
1132	2026-05-08 10:32:19.408	2026-05-08 10:32:19.424	7	0	0	0	0	0	0	0	0	0	0	0	0	
1132	2026-05-08 10:32:19.595	2026-05-08 10:32:20.219	7	0	0	0	0	0	0	0	0	0	0	0	0	
1132	2026-05-08 10:32:20.828	2026-05-08 10:32:20.859	7	0	0	0	0	0	0	0	0	0	0	0	0	
1132	2026-05-08 10:32:21.171	2026-05-08 10:32:21.358	7	0	0	0	0	0	0	0	0	0	0	0	0	
1132	2026-05-08 10:32:21.545	2026-05-08 10:32:21.561	7	0	0	0	0	0	0	0	0	0	0	0	0	
1132	2026-05-08 10:32:21.764	2026-05-08 10:32:21.779	7	0	0	0	0	0	0	0	0	0	0	0	0	
1138	2026-05-08 10:33:00.202	2026-05-08 10:33:00.405	8	0	0	0	0	0	0	0	0	0	0	0	0	
1136	2026-05-08 10:28:33.744	2026-05-08 10:28:36.874	5	0	0	0	0	1	0.0280000008642673	0.2028003	0	0	0	0	0	2026-05-08 10:28:34.097
1136	2026-05-08 10:30:56.790	2026-05-08 10:30:57.539	5	0	0	0	0	0	0	0	0	0	0	0	0	
1136	2026-05-08 10:30:57.648	2026-05-08 10:30:57.664	5	0	0	0	0	0	0	0	0	0	0	0	0	
1136	2026-05-08 10:30:59.317	2026-05-08 10:30:59.349	5	0	0	0	0	0	0	0	0	0	0	0	0	
1136	2026-05-08 10:31:05.448	2026-05-08 10:31:05.807	5	0	0	0	0	0	0	0	0	0	0	0	0	
1136	2026-05-08 10:31:05.916	2026-05-08 10:31:06.150	5	0	0	0	0	0	0	0	0	0	0	0	0	
1136	2026-05-08 10:31:06.525	2026-05-08 10:31:06.556	5	0	0	0	0	0	0	0	0	0	0	0	0	
1136	2026-05-08 10:32:38.534	2026-05-08 10:32:38.580	5	0	0	0	0	0	0	0	0	0	0	0	0	
1136	2026-05-08 10:33:01.684	2026-05-08 10:33:01.762	5	0	0	0	0	0	0	0	0	0	0	0	0	
1136	2026-05-08 10:33:07.113	2026-05-08 10:33:07.191	5	0	0	0	0	0	0	0	0	0	0	0	0	
1136	2026-05-08 10:33:13.337	2026-05-08 10:33:13.478	5	0	0	0	0	0	0	0	0	0	0	0	0	
1112	2026-05-08 10:00:50.572	2026-05-08 10:00:50.666	3	0	0	0	0	0	0	0	0	0	0	0	0	
1112	2026-05-08 10:01:33.940	2026-05-08 10:01:34.018	4	0	0	0	0	0	0	0	0	0	0	0	0	
1112	2026-05-08 10:01:34.065	2026-05-08 10:01:34.159	4	0	0	0	0	0	0	0	0	0	0	0	0	
1112	2026-05-08 10:02:42.502	2026-05-08 10:02:42.565	4	0	0	0	0	0	0	0	0	0	0	0	0	
1112	2026-05-08 10:02:42.658	2026-05-08 10:02:42.705	4	0	0	0	0	0	0	0	0	0	0	0	0	
1112	2026-05-08 10:02:44.811	2026-05-08 10:02:45.295	4	0	0	0	0	0	0	0	0	0	0	0	0	
1112	2026-05-08 10:07:37.983	2026-05-08 10:07:38.154	3	0	0	0	0	0	0	0	0	0	0	0	0	
1112	2026-05-08 10:02:46.324	2026-05-08 10:07:45.112	4	0	0	0	0	0	0	0	0	0	0	0	0	
1112	2026-05-08 10:07:45.330	2026-05-08 10:07:45.439	3	0	0	0	0	0	0	0	0	0	0	0	0	
1112	2026-05-08 10:07:45.673	2026-05-08 10:07:45.751	4	0	0	0	0	0	0	0	0	0	0	0	0	
1112	2026-05-08 10:07:47.140	2026-05-08 10:11:12.233	4	0	0	0	0	0	0	0	0	0	0	0	0	
1112	2026-05-08 10:26:08.455	2026-05-08 10:26:08.626	3	0	0	0	0	0	0	0	0	0	0	0	0	
1112	2026-05-08 10:26:08.689	2026-05-08 10:26:08.970	3	0	0	0	0	0	0	0	0	0	0	0	0	
1112	2026-05-08 10:26:09.219	2026-05-08 10:26:10.233	3	0	0	0	0	0	0	0	0	0	0	0	0	
1112	2026-05-08 10:11:13.388	2026-05-08 10:27:30.745	4	0	0	0	0	0	0	0	0	0	0	0	0	
1112	2026-05-08 10:27:32.367	2026-05-08 10:27:32.461	4	0	0	0	0	0	0	0	0	0	0	0	0	
1112	2026-05-08 10:27:33.116	2026-05-08 10:35:33.129	4	0	0	0	0	0	0	0	0	0	0	0	0	
1112	2026-05-08 10:35:33.207	2026-05-08 10:35:43.659	4	0	0	0	0	0	0	0	0	0	0	0	0	
1112	2026-05-08 10:35:49.337	2026-05-08 10:35:49.400	3	0	0	0	0	0	0	0	0	0	0	0	0	
1112	2026-05-08 10:35:49.540	2026-05-08 10:35:52.535	3	0	0	0	0	1	0.126000002026558	0.3588007	0	0	0	0	0	2026-05-08 10:35:50.523
1112	2026-05-08 10:36:51.316	2026-05-08 10:36:51.675	4	0	0	0	0	0	0	0	0	0	0	0	0	
1112	2026-05-08 10:36:51.691	2026-05-08 10:36:51.769	4	0	0	0	0	0	0	0	0	0	0	0	0	
1112	2026-05-08 10:36:53.875	2026-05-08 10:36:53.890	4	0	0	0	0	0	0	0	0	0	0	0	0	
1112	2026-05-08 10:36:54.015	2026-05-08 10:36:54.062	4	0	0	0	0	0	0	0	0	0	0	0	0	
1112	2026-05-08 10:36:54.592	2026-05-08 10:36:54.873	4	0	0	0	0	0	0	0	0	0	0	0	0	
1112	2026-05-08 10:36:54.920	2026-05-08 10:36:55.294	4	0	0	0	0	0	0	0	0	0	0	0	0	
1112	2026-05-08 10:36:55.716	2026-05-08 10:36:55.762	4	0	0	0	0	0	0	0	0	0	0	0	0	
1112	2026-05-08 10:36:56.184	2026-05-08 10:36:56.199	4	0	0	0	0	0	0	0	0	0	0	0	0	
1112	2026-05-08 10:36:58.087	2026-05-08 10:36:58.586	4	0	0	0	0	0	0	0	0	0	0	0	0	
1112	2026-05-08 10:37:09.412	2026-05-08 10:37:12.283	4	0	0	0	0	0	0	0	0	0	0	0	0	
1112	2026-05-08 10:37:13.921	2026-05-08 10:37:13.983	4	0	0	0	0	0	0	0	0	0	0	0	0	
1112	2026-05-08 10:37:13.999	2026-05-08 10:37:14.014	4	0	0	0	0	0	0	0	0	0	0	0	0	
1112	2026-05-08 10:37:29.490	2026-05-08 10:37:31.190	4	0	0	0	0	0	0	0	0	0	0	0	0	
1112	2026-05-08 10:37:33.546	2026-05-08 10:37:33.904	4	0	0	0	0	0	0	0	0	0	0	0	0	
1112	2026-05-08 10:37:35.839	2026-05-08 10:37:40.425	4	0	0	0	0	0	0	0	0	0	0	0	0	
1112	2026-05-08 10:37:45.714	2026-05-08 10:37:45.729	4	0	0	0	0	0	0	0	0	0	0	0	0	
1112	2026-05-08 10:37:50.284	2026-05-08 10:37:50.659	4	0	0	0	0	0	0	0	0	0	0	0	0	
1112	2026-05-08 10:37:50.706	2026-05-08 10:37:50.893	4	0	0	0	0	0	0	0	0	0	0	0	0	
1112	2026-05-08 10:37:56.400	2026-05-08 10:37:57.086	4	0	0	0	0	0	0	0	0	0	0	0	0	
1112	2026-05-08 10:37:57.180	2026-05-08 10:37:57.242	4	0	0	0	0	0	0	0	0	0	0	0	0	
1112	2026-05-08 10:37:57.320	2026-05-08 10:37:57.429	4	0	0	0	0	0	0	0	0	0	0	0	0	
1112	2026-05-08 10:37:57.492	2026-05-08 10:37:57.772	4	0	0	0	0	0	0	0	0	0	0	0	0	
1112	2026-05-08 10:38:03.732	2026-05-08 10:38:04.668	4	0	0	0	0	0	0	0	0	0	0	0	0	
1112	2026-05-08 10:38:04.761	2026-05-08 10:38:04.824	4	0	0	0	0	0	0	0	0	0	0	0	0	
1112	2026-05-08 10:38:09.098	2026-05-08 10:38:09.176	4	0	0	0	0	0	0	0	0	0	0	0	0	
1112	2026-05-08 10:38:09.270	2026-05-08 10:38:09.348	4	0	0	0	0	0	0	0	0	0	0	0	0	
1112	2026-05-08 10:38:09.504	2026-05-08 10:38:09.535	4	0	0	0	0	0	0	0	0	0	0	0	0	
1112	2026-05-08 10:38:15.603	2026-05-08 10:38:15.635	4	0	0	0	0	0	0	0	0	0	0	0	0	
1112	2026-05-08 10:38:18.146	2026-05-08 10:38:18.318	4	0	0	0	0	0	0	0	0	0	0	0	0	
1112	2026-05-08 10:38:18.365	2026-05-08 10:38:18.552	4	0	0	0	0	0	0	0	0	0	0	0	0	
1112	2026-05-08 10:38:20.861	2026-05-08 10:38:20.923	4	0	0	0	0	0	0	0	0	0	0	0	0	
1112	2026-05-08 10:38:20.970	2026-05-08 10:38:23.637	4	0	0	0	0	0	0	0	0	0	0	0	0	
1137	2026-05-08 10:28:32.365	2026-05-08 10:28:38.200	2	0	0	0	0	11	0.238000003620982	1.9254031	0	0	0	0	0	2026-05-08 10:28:33.114
1137	2026-05-08 10:28:41.164	2026-05-08 10:28:41.944	2	0	0	0	0	0	0	0	0	0	0	0	0	
1137	2026-05-08 10:29:23.923	2026-05-08 10:29:24.001	2	0	0	0	0	0	0	0	0	0	0	0	0	
1137	2026-05-08 10:29:29.960	2026-05-08 10:29:30.132	2	0	0	0	0	0	0	0	0	0	0	0	0	
1137	2026-05-08 10:29:30.366	2026-05-08 10:29:30.553	2	0	0	0	0	0	0	0	0	0	0	0	0	
1137	2026-05-08 10:29:30.974	2026-05-08 10:33:41.480	2	0	0	0	0	0	0	0	0	0	0	0	0	
1137	2026-05-08 10:33:44.771	2026-05-08 10:33:44.880	2	0	0	0	0	0	0	0	0	0	0	0	0	
1137	2026-05-08 10:35:58.354	2026-05-08 10:35:58.370	2	0	0	0	0	0	0	0	0	0	0	0	0	
1141	2026-05-08 10:38:35.010	2026-05-08 10:38:35.197	4	0	0	0	0	0	0	0	0	0	0	0	0	
1141	2026-05-08 10:38:49.471	2026-05-08 10:38:49.596	4	0	0	0	0	0	0	0	0	0	0	0	0	
1141	2026-05-08 10:38:49.721	2026-05-08 10:38:49.783	4	0	0	0	0	0	0	0	0	0	0	0	0	
1141	2026-05-08 10:39:02.825	2026-05-08 10:39:03.230	4	0	0	0	0	0	0	0	0	0	0	0	0	
1141	2026-05-08 10:39:10.344	2026-05-08 10:39:11.529	4	0	0	0	0	0	0	0	0	0	0	0	0	
1141	2026-05-08 10:39:11.592	2026-05-08 10:39:11.795	4	0	0	0	0	0	0	0	0	0	0	0	0	
1141	2026-05-08 10:39:11.966	2026-05-08 10:39:12.153	4	0	0	0	0	0	0	0	0	0	0	0	0	
1141	2026-05-08 10:39:13.043	2026-05-08 10:39:13.074	4	0	0	0	0	0	0	0	0	0	0	0	0	
1141	2026-05-08 10:39:13.199	2026-05-08 10:39:13.448	4	0	0	0	0	0	0	0	0	0	0	0	0	
1141	2026-05-08 10:39:14.010	2026-05-08 10:39:15.242	4	0	0	0	0	0	0	0	0	0	0	0	0	
1141	2026-05-08 10:39:16.506	2026-05-08 10:39:18.300	4	0	0	0	0	0	0	0	0	0	0	0	0	
1141	2026-05-08 10:39:19.080	2026-05-08 10:39:19.158	4	0	0	0	0	0	0	0	0	0	0	0	0	
1141	2026-05-08 10:39:19.189	2026-05-08 10:39:19.236	4	0	0	0	0	0	0	0	0	0	0	0	0	
1141	2026-05-08 10:39:19.454	2026-05-08 10:39:19.563	4	0	0	0	0	0	0	0	0	0	0	0	0	
1141	2026-05-08 10:39:19.595	2026-05-08 10:39:19.688	4	0	0	0	0	0	0	0	0	0	0	0	0	
1141	2026-05-08 10:39:23.479	2026-05-08 10:39:23.526	4	0	0	0	0	0	0	0	0	0	0	0	0	
1141	2026-05-08 10:39:23.588	2026-05-08 10:39:23.791	4	0	0	0	0	0	0	0	0	0	0	0	0	
1141	2026-05-08 10:39:26.100	2026-05-08 10:39:30.359	4	0	0	0	0	0	0	0	0	0	0	0	0	
1141	2026-05-08 10:39:33.666	2026-05-08 10:39:37.566	4	0	0	0	0	0	0	0	0	0	0	0	0	
1141	2026-05-08 10:39:39.141	2026-05-08 10:39:40.701	4	0	0	0	0	0	0	0	0	0	0	0	0	
1141	2026-05-08 10:39:40.904	2026-05-08 10:39:40.935	4	0	0	0	0	0	0	0	0	0	0	0	0	
1141	2026-05-08 10:39:41.247	2026-05-08 10:39:41.419	4	0	0	0	0	0	0	0	0	0	0	0	0	
1141	2026-05-08 10:39:41.513	2026-05-08 10:39:41.591	4	0	0	0	0	0	0	0	0	0	0	0	0	
1141	2026-05-08 10:39:43.291	2026-05-08 10:39:45.647	4	0	0	0	0	0	0	0	0	0	0	0	0	
1141	2026-05-08 10:39:45.771	2026-05-08 10:39:45.912	4	0	0	0	0	0	0	0	0	0	0	0	0	
1141	2026-05-08 10:39:45.990	2026-05-08 10:39:46.037	4	0	0	0	0	0	0	0	0	0	0	0	0	
1141	2026-05-08 10:39:46.146	2026-05-08 10:39:46.193	4	0	0	0	0	0	0	0	0	0	0	0	0	
1141	2026-05-08 10:39:46.442	2026-05-08 10:39:46.536	4	0	0	0	0	0	0	0	0	0	0	0	0	
1141	2026-05-08 10:39:46.895	2026-05-08 10:39:46.973	4	0	0	0	0	0	0	0	0	0	0	0	0	
1141	2026-05-08 10:39:47.035	2026-05-08 10:39:47.331	4	0	0	0	0	0	0	0	0	0	0	0	0	
1141	2026-05-08 10:39:48.267	2026-05-08 10:39:48.486	4	0	0	0	0	0	0	0	0	0	0	0	0	
1141	2026-05-08 10:39:53.962	2026-05-08 10:39:56.130	4	0	0	0	0	0	0	0	0	0	0	0	0	
1141	2026-05-08 10:39:57.487	2026-05-08 10:39:57.752	4	0	0	0	0	0	0	0	0	0	0	0	0	
1141	2026-05-08 10:40:05.740	2026-05-08 10:40:06.332	4	0	0	0	0	0	0	0	0	0	0	0	0	
1141	2026-05-08 10:40:07.986	2026-05-08 10:40:08.048	4	0	0	0	0	0	0	0	0	0	0	0	0	
1141	2026-05-08 10:40:08.142	2026-05-08 10:40:09.343	4	0	0	0	0	0	0	0	0	0	0	0	0	
1141	2026-05-08 10:40:09.452	2026-05-08 10:40:10.607	4	0	0	0	0	0	0	0	0	0	0	0	0	
1141	2026-05-08 10:40:10.810	2026-05-08 10:40:12.058	4	0	0	0	0	0	0	0	0	0	0	0	0	
1141	2026-05-08 10:40:13.836	2026-05-08 10:40:13.961	4	0	0	0	0	0	0	0	0	0	0	0	0	
1141	2026-05-08 10:40:14.101	2026-05-08 10:40:14.148	4	0	0	0	0	0	0	0	0	0	0	0	0	
1141	2026-05-08 10:40:14.210	2026-05-08 10:40:14.226	4	0	0	0	0	0	0	0	0	0	0	0	0	
1141	2026-05-08 10:40:14.413	2026-05-08 10:40:14.507	4	0	0	0	0	0	0	0	0	0	0	0	0	
1141	2026-05-08 10:40:14.725	2026-05-08 10:40:14.741	4	0	0	0	0	0	0	0	0	0	0	0	0	
1141	2026-05-08 10:40:19.764	2026-05-08 10:40:20.357	4	0	0	0	0	0	0	0	0	0	0	0	0	
1141	2026-05-08 10:40:23.446	2026-05-08 10:40:23.492	4	0	0	0	0	0	0	0	0	0	0	0	0	
1141	2026-05-08 10:40:25.661	2026-05-08 10:40:25.676	4	0	0	0	0	0	0	0	0	0	0	0	0	
1141	2026-05-08 10:40:25.926	2026-05-08 10:40:26.035	4	0	0	0	0	0	0	0	0	0	0	0	0	
1141	2026-05-08 10:40:26.160	2026-05-08 10:40:26.519	4	0	0	0	0	0	0	0	0	0	0	0	0	
1141	2026-05-08 10:40:27.548	2026-05-08 10:40:27.642	4	0	0	0	0	0	0	0	0	0	0	0	0	
1141	2026-05-08 10:40:27.689	2026-05-08 10:40:27.923	4	0	0	0	0	0	0	0	0	0	0	0	0	
1141	2026-05-08 10:40:29.327	2026-05-08 10:40:29.826	4	0	0	0	0	0	0	0	0	0	0	0	0	
1141	2026-05-08 10:40:30.091	2026-05-08 10:40:30.232	4	0	0	0	0	0	0	0	0	0	0	0	0	
1141	2026-05-08 10:40:30.263	2026-05-08 10:40:30.325	4	0	0	0	0	0	0	0	0	0	0	0	0	
1141	2026-05-08 10:40:30.419	2026-05-08 10:40:30.466	4	0	0	0	0	0	0	0	0	0	0	0	0	
1141	2026-05-08 10:40:30.871	2026-05-08 10:40:31.386	4	0	0	0	0	0	0	0	0	0	0	0	0	
1141	2026-05-08 10:40:32.837	2026-05-08 10:40:32.868	4	0	0	0	0	0	0	0	0	0	0	0	0	
1141	2026-05-08 10:40:33.133	2026-05-08 10:40:33.211	4	0	0	0	0	0	0	0	0	0	0	0	0	
1141	2026-05-08 10:40:33.305	2026-05-08 10:40:33.367	4	0	0	0	0	0	0	0	0	0	0	0	0	
1141	2026-05-08 10:40:55.597	2026-05-08 10:40:55.628	4	0	0	0	0	0	0	0	0	0	0	0	0	
1141	2026-05-08 10:40:56.190	2026-05-08 10:40:56.362	4	0	0	0	0	0	0	0	0	0	0	0	0	
1141	2026-05-08 10:40:56.908	2026-05-08 10:40:57.859	4	0	0	0	0	0	0	0	0	0	0	0	0	
1141	2026-05-08 10:40:57.922	2026-05-08 10:40:57.953	4	0	0	0	0	0	0	0	0	0	0	0	0	
1141	2026-05-08 10:40:58.296	2026-05-08 10:40:58.327	4	0	0	0	0	0	0	0	0	0	0	0	0	
1141	2026-05-08 10:40:58.468	2026-05-08 10:41:09.668	4	0	0	0	0	0	0	0	0	0	0	0	0	
1141	2026-05-08 10:41:10.105	2026-05-08 10:41:11.150	4	0	0	0	0	0	0	0	0	0	0	0	0	
1141	2026-05-08 10:41:12.071	2026-05-08 10:41:13.444	4	0	0	0	0	0	0	0	0	0	0	0	0	
1141	2026-05-08 10:41:16.891	2026-05-08 10:41:18.404	4	0	0	0	0	0	0	0	0	0	0	0	0	
1141	2026-05-08 10:41:18.935	2026-05-08 10:41:19.044	4	0	0	0	0	0	0	0	0	0	0	0	0	
1141	2026-05-08 10:41:21.727	2026-05-08 10:41:22.102	4	0	0	0	0	0	0	0	0	0	0	0	0	
1141	2026-05-08 10:41:22.538	2026-05-08 10:41:22.601	4	0	0	0	0	0	0	0	0	0	0	0	0	
1140	2026-05-08 10:33:25.037	2026-05-08 10:33:27.299	5	0	0	0	0	0	0	0	0	0	0	0	0	
1140	2026-05-08 10:33:50.730	2026-05-08 10:33:51.058	5	0	0	0	0	0	0	0	0	0	0	0	0	
1144	2026-05-08 10:42:00.743	2026-05-08 10:42:00.852	4	0	0	0	0	0	0	0	0	0	0	0	0	
1144	2026-05-08 10:42:08.247	2026-05-08 10:42:08.590	3	0	0	0	0	0	0	0	0	0	0	0	0	
1144	2026-05-08 10:42:29.275	2026-05-08 10:42:29.431	4	0	0	0	0	0	0	0	0	0	0	0	0	
1144	2026-05-08 10:42:32.146	2026-05-08 10:42:32.333	3	0	0	0	0	0	0	0	0	0	0	0	0	
1145	2026-05-08 10:42:33.565	2026-05-08 10:42:34.954	4	0	0	0	0	0	0	0	0	0	0	0	0	
1145	2026-05-08 10:42:35.125	2026-05-08 10:42:35.391	4	0	0	0	0	0	0	0	0	0	0	0	0	
1145	2026-05-08 10:42:35.609	2026-05-08 10:42:36.280	4	0	0	0	0	0	0	0	0	0	0	0	0	
1145	2026-05-08 10:42:36.342	2026-05-08 10:42:38.604	4	0	0	0	0	0	0	0	0	0	0	0	0	
1145	2026-05-08 10:42:37.387	2026-05-08 10:42:41.974	3	0	0	0	0	5	0.140000002458692	1.092002	0	0	0	0	0	2026-05-08 10:42:38.745
1145	2026-05-08 10:42:40.008	2026-05-08 10:42:44.376	4	0	0	0	0	0	0	0	0	0	0	0	0	
1145	2026-05-08 10:42:48.198	2026-05-08 10:42:48.573	4	0	0	0	0	0	0	0	0	0	0	0	0	
1145	2026-05-08 10:42:46.638	2026-05-08 10:42:49.945	3	0	0	0	0	0	0	0	0	0	0	0	0	
1145	2026-05-08 10:42:50.148	2026-05-08 10:42:50.429	3	0	0	0	0	0	0	0	0	0	0	0	0	
1145	2026-05-08 10:42:51.256	2026-05-08 10:43:01.661	3	0	0	0	0	69	2.75700002908707	8.3772147	0	0	0	0	0	2026-05-08 10:42:51.989
1145	2026-05-08 10:43:02.379	2026-05-08 10:43:07.324	3	0	0	0	0	0	0	0	0	0	0	0	0	
1145	2026-05-08 10:43:07.355	2026-05-08 10:43:07.495	3	0	0	0	0	0	0	0	0	0	0	0	0	
1145	2026-05-08 10:43:07.870	2026-05-08 10:43:08.135	3	0	0	0	0	0	0	0	0	0	0	0	0	
1145	2026-05-08 10:43:10.210	2026-05-08 10:43:10.350	4	0	0	0	0	0	0	0	0	0	0	0	0	
1145	2026-05-08 10:43:08.151	2026-05-08 10:43:10.428	3	0	0	0	0	0	0	0	0	0	0	0	0	
1145	2026-05-08 10:43:11.505	2026-05-08 10:43:11.536	3	0	0	0	0	0	0	0	0	0	0	0	0	
1147	2026-05-08 10:43:28.914	2026-05-08 10:43:29.772	4	0	0	0	0	0	0	0	0	0	0	0	0	
1148	2026-05-08 10:43:31.223	2026-05-08 10:43:31.551	4	0	0	0	0	0	0	0	0	0	0	0	0	
1148	2026-05-08 10:43:34.717	2026-05-08 10:43:36.106	4	0	0	0	0	0	0	0	0	0	0	0	0	
1148	2026-05-08 10:43:42.081	2026-05-08 10:43:43.376	4	0	0	0	0	0	0	0	0	0	0	0	0	
1149	2026-05-08 10:43:48.524	2026-05-08 10:43:48.898	4	0	0	0	0	0	0	0	0	0	0	0	0	
1149	2026-05-08 10:43:49.272	2026-05-08 10:43:49.584	4	0	0	0	0	0	0	0	0	0	0	0	0	
1149	2026-05-08 10:43:52.548	2026-05-08 10:43:54.249	4	0	0	0	0	0	0	0	0	0	0	0	0	
1149	2026-05-08 10:44:02.938	2026-05-08 10:44:03.874	4	0	0	0	0	1	0.0560000017285347	0.2808005	0	0	0	0	0	2026-05-08 10:44:03.593
1151	2026-05-08 10:44:09.428	2026-05-08 10:44:09.568	3	0	0	0	0	0	0	0	0	0	0	0	0	
1151	2026-05-08 10:44:10.083	2026-05-08 10:44:10.379	4	0	0	0	0	0	0	0	0	0	0	0	0	
1151	2026-05-08 10:44:10.551	2026-05-08 10:44:10.769	4	0	0	0	0	0	0	0	0	0	0	0	0	
1151	2026-05-08 10:44:10.988	2026-05-08 10:44:12.532	4	0	0	0	0	0	0	0	0	0	0	0	0	
1139	2026-05-08 10:34:10.340	2026-05-08 10:34:19.107	7	0	0	0	0	50	2.5200000628829	7.0482124	0	0	0	0	0	2026-05-08 10:34:11.728
1139	2026-05-08 10:34:19.637	2026-05-08 10:34:19.793	7	0	0	0	0	0	0	0	0	0	0	0	0	
1139	2026-05-08 10:34:20.293	2026-05-08 10:34:20.464	7	0	0	0	0	0	0	0	0	0	0	0	0	
1139	2026-05-08 10:34:54.442	2026-05-08 10:34:54.457	7	0	0	0	0	0	0	0	0	0	0	0	0	
1139	2026-05-08 10:34:55.892	2026-05-08 10:34:56.110	7	0	0	0	0	0	0	0	0	0	0	0	0	
1139	2026-05-08 10:34:56.594	2026-05-08 10:34:57.374	7	0	0	0	0	0	0	0	0	0	0	0	0	
1139	2026-05-08 10:34:57.764	2026-05-08 10:34:58.045	7	0	0	0	0	0	0	0	0	0	0	0	0	
1139	2026-05-08 10:41:52.194	2026-05-08 10:41:52.303	7	0	0	0	0	0	0	0	0	0	0	0	0	
1139	2026-05-08 10:41:54.316	2026-05-08 10:41:55.377	7	0	0	0	0	0	0	0	0	0	0	0	0	
1139	2026-05-08 10:41:56.032	2026-05-08 10:41:56.359	7	0	0	0	0	0	0	0	0	0	0	0	0	
1139	2026-05-08 10:42:02.397	2026-05-08 10:42:02.553	7	0	0	0	0	0	0	0	0	0	0	0	0	
1139	2026-05-08 10:44:07.587	2026-05-08 10:44:08.601	8	0	0	0	0	0	0	0	0	0	0	0	0	
1139	2026-05-08 10:44:08.882	2026-05-08 10:44:08.944	7	0	0	0	0	0	0	0	0	0	0	0	0	
1139	2026-05-08 10:44:14.061	2026-05-08 10:44:15.636	8	0	0	0	0	0	0	0	0	0	0	0	0	
1139	2026-05-08 10:44:15.917	2026-05-08 10:44:18.335	8	0	0	0	0	0	0	0	0	0	0	0	0	
1139	2026-05-08 10:44:15.527	2026-05-08 10:44:18.710	7	0	0	0	0	6	0.084000002592802	1.2168021	0	0	0	0	0	2026-05-08 10:44:16.276
1153	2026-05-08 10:44:18.897	2026-05-08 10:44:18.944	7	0	0	0	0	0	0	0	0	0	0	0	0	
1153	2026-05-08 10:44:18.975	2026-05-08 10:44:19.162	7	0	0	0	0	0	0	0	0	0	0	0	0	
1153	2026-05-08 10:44:21.206	2026-05-08 10:44:21.252	7	0	0	0	0	0	0	0	0	0	0	0	0	
1153	2026-05-08 10:44:21.533	2026-05-08 10:44:21.892	7	0	0	0	0	0	0	0	0	0	0	0	0	
1153	2026-05-08 10:44:21.923	2026-05-08 10:44:22.188	7	0	0	0	0	0	0	0	0	0	0	0	0	
1153	2026-05-08 10:44:22.204	2026-05-08 10:44:22.298	7	0	0	0	0	0	0	0	0	0	0	0	0	
1153	2026-05-08 10:44:24.419	2026-05-08 10:44:24.622	7	0	0	0	0	0	0	0	0	0	0	0	0	
1153	2026-05-08 10:44:30.675	2026-05-08 10:44:31.143	8	0	0	0	0	0	0	0	0	0	0	0	0	
1153	2026-05-08 10:44:32.094	2026-05-08 10:44:32.360	7	0	0	0	0	0	0	0	0	0	0	0	0	
1153	2026-05-08 10:44:49.707	2026-05-08 10:44:52.031	7	0	0	0	0	0	0	0	0	0	0	0	0	
1153	2026-05-08 10:44:52.156	2026-05-08 10:44:52.296	7	0	0	0	0	0	0	0	0	0	0	0	0	
1153	2026-05-08 10:44:52.562	2026-05-08 10:44:52.640	7	0	0	0	0	0	0	0	0	0	0	0	0	
1153	2026-05-08 10:44:52.764	2026-05-08 10:44:52.858	7	0	0	0	0	0	0	0	0	0	0	0	0	
1153	2026-05-08 10:44:56.618	2026-05-08 10:44:56.664	8	0	0	0	0	0	0	0	0	0	0	0	0	
1153	2026-05-08 10:44:57.117	2026-05-08 10:44:57.132	7	0	0	0	0	0	0	0	0	0	0	0	0	
1154	2026-05-08 10:44:48.287	2026-05-08 10:45:53.433	5	0	0	0	0	0	0	0	0	0	0	0	0	
1152	2026-05-08 10:44:17.337	2026-05-08 10:44:17.711	3	0	0	0	0	0	0	0	0	0	0	0	0	
1152	2026-05-08 10:44:20.004	2026-05-08 10:44:20.192	3	0	0	0	0	0	0	0	0	0	0	0	0	
1152	2026-05-08 10:44:20.597	2026-05-08 10:44:20.800	3	0	0	0	0	0	0	0	0	0	0	0	0	
1152	2026-05-08 10:44:20.940	2026-05-08 10:44:21.112	3	0	0	0	0	0	0	0	0	0	0	0	0	
1152	2026-05-08 10:44:23.826	2026-05-08 10:44:27.539	3	0	0	0	0	27	1.17600000649691	3.1044055	0	0	0	0	0	2026-05-08 10:44:24.294
1152	2026-05-08 10:44:37.679	2026-05-08 10:44:39.099	3	0	0	0	0	10	0.448000013828278	1.1856021	0	0	0	0	0	2026-05-08 10:44:37.913
1152	2026-05-08 10:44:43.108	2026-05-08 10:44:43.436	3	0	0	0	0	0	0	0	0	0	0	0	0	
1152	2026-05-08 10:44:49.832	2026-05-08 10:44:50.502	3	0	0	0	0	3	0.181999996304512	0.4680009	0	0	0	0	0	2026-05-08 10:44:50.034
1152	2026-05-08 10:44:52.796	2026-05-08 10:44:52.905	3	0	0	0	0	0	0	0	0	0	0	0	0	
1152	2026-05-08 10:44:53.997	2026-05-08 10:44:58.068	3	0	0	0	0	0	0	0	0	0	0	0	0	
1152	2026-05-08 10:44:58.240	2026-05-08 10:44:59.223	3	0	0	0	0	0	0	0	0	0	0	0	0	
1152	2026-05-08 10:44:59.675	2026-05-08 10:44:59.800	3	0	0	0	0	0	0	0	0	0	0	0	0	
1152	2026-05-08 10:44:59.847	2026-05-08 10:44:59.878	3	0	0	0	0	0	0	0	0	0	0	0	0	
1152	2026-05-08 10:45:03.903	2026-05-08 10:45:03.950	4	0	0	0	0	0	0	0	0	0	0	0	0	
1152	2026-05-08 10:45:04.589	2026-05-08 10:45:04.698	4	0	0	0	0	0	0	0	0	0	0	0	0	
1152	2026-05-08 10:45:04.761	2026-05-08 10:45:04.823	4	0	0	0	0	0	0	0	0	0	0	0	0	
1152	2026-05-08 10:45:09.862	2026-05-08 10:45:09.940	4	0	0	0	0	0	0	0	0	0	0	0	0	
1152	2026-05-08 10:45:12.545	2026-05-08 10:45:12.592	4	0	0	0	0	0	0	0	0	0	0	0	0	
1152	2026-05-08 10:45:12.701	2026-05-08 10:45:12.732	4	0	0	0	0	0	0	0	0	0	0	0	0	
1152	2026-05-08 10:45:14.105	2026-05-08 10:45:14.152	4	0	0	0	0	0	0	0	0	0	0	0	0	
1152	2026-05-08 10:45:15.135	2026-05-08 10:45:15.993	4	0	0	0	0	0	0	0	0	0	0	0	0	
1152	2026-05-08 10:45:17.896	2026-05-08 10:45:17.912	4	0	0	0	0	0	0	0	0	0	0	0	0	
1152	2026-05-08 10:45:20.486	2026-05-08 10:45:20.751	4	0	0	0	0	0	0	0	0	0	0	0	0	
1152	2026-05-08 10:45:20.829	2026-05-08 10:45:21.016	4	0	0	0	0	0	0	0	0	0	0	0	0	
1152	2026-05-08 10:45:22.966	2026-05-08 10:45:23.122	4	0	0	0	0	0	0	0	0	0	0	0	0	
1152	2026-05-08 10:45:23.512	2026-05-08 10:45:25.306	4	0	0	0	0	0	0	0	0	0	0	0	0	
1152	2026-05-08 10:45:25.680	2026-05-08 10:45:25.712	3	0	0	0	0	0	0	0	0	0	0	0	0	
1152	2026-05-08 10:45:25.961	2026-05-08 10:45:26.055	4	0	0	0	0	0	0	0	0	0	0	0	0	
1152	2026-05-08 10:45:26.382	2026-05-08 10:45:26.476	4	0	0	0	0	0	0	0	0	0	0	0	0	
1152	2026-05-08 10:45:26.663	2026-05-08 10:45:30.735	4	0	0	0	0	0	0	0	0	0	0	0	0	
1152	2026-05-08 10:45:43.995	2026-05-08 10:45:44.011	3	0	0	0	0	0	0	0	0	0	0	0	0	
1152	2026-05-08 10:45:46.413	2026-05-08 10:45:48.035	3	0	0	0	0	5	0.238000005483627	0.6552012	0	0	0	0	0	2026-05-08 10:45:47.255
1157	2026-05-08 10:46:01.904	2026-05-08 10:46:02.216	4	0	0	0	0	0	0	0	0	0	0	0	0	
1157	2026-05-08 10:46:02.465	2026-05-08 10:46:04.041	4	0	0	0	0	0	0	0	0	0	0	0	0	
1156	2026-05-08 10:45:06.882	2026-05-08 10:45:06.960	8	0	0	0	0	0	0	0	0	0	0	0	0	
1156	2026-05-08 10:45:07.132	2026-05-08 10:45:07.148	8	0	0	0	0	0	0	0	0	0	0	0	0	
1156	2026-05-08 10:45:07.818	2026-05-08 10:45:09.456	8	0	0	0	0	0	0	0	0	0	0	0	0	
1156	2026-05-08 10:45:10.642	2026-05-08 10:45:10.736	7	0	0	0	0	0	0	0	0	0	0	0	0	
1156	2026-05-08 10:45:10.892	2026-05-08 10:45:11.172	7	0	0	0	0	0	0	0	0	0	0	0	0	
1156	2026-05-08 10:45:11.282	2026-05-08 10:45:11.469	7	0	0	0	0	0	0	0	0	0	0	0	0	
1156	2026-05-08 10:45:11.828	2026-05-08 10:45:11.843	7	0	0	0	0	0	0	0	0	0	0	0	0	
1156	2026-05-08 10:45:12.046	2026-05-08 10:45:12.077	7	0	0	0	0	0	0	0	0	0	0	0	0	
1156	2026-05-08 10:45:12.108	2026-05-08 10:45:12.124	7	0	0	0	0	0	0	0	0	0	0	0	0	
1156	2026-05-08 10:45:12.218	2026-05-08 10:45:12.233	7	0	0	0	0	0	0	0	0	0	0	0	0	
1156	2026-05-08 10:45:12.327	2026-05-08 10:45:12.389	7	0	0	0	0	0	0	0	0	0	0	0	0	
1156	2026-05-08 10:46:51.449	2026-05-08 10:46:51.933	8	0	0	0	0	0	0	0	0	0	0	0	0	
1156	2026-05-08 10:47:03.118	2026-05-08 10:47:03.539	8	0	0	0	0	0	0	0	0	0	0	0	0	
1142	2026-05-08 10:40:58.998	2026-05-08 10:44:40.862	2	0	0	0	0	0	0	0	0	0	0	0	0	
1142	2026-05-08 10:49:17.653	2026-05-08 10:49:17.731	2	0	0	0	0	0	0	0	0	0	0	0	0	
1142	2026-05-08 10:49:18.074	2026-05-08 10:49:18.355	2	0	0	0	0	0	0	0	0	0	0	0	0	
1142	2026-05-08 10:50:53.999	2026-05-08 10:50:54.576	2	0	0	0	0	0	0	0	0	0	0	0	0	
1142	2026-05-08 10:50:54.888	2026-05-08 10:50:55.340	2	0	0	0	0	0	0	0	0	0	0	0	0	
1142	2026-05-08 10:50:58.351	2026-05-08 10:50:59.349	2	0	0	0	0	0	0	0	0	0	0	0	0	
1142	2026-05-08 10:51:05.090	2026-05-08 10:51:16.822	2	0	0	0	0	0	0	0	0	0	0	0	0	
1142	2026-05-08 10:51:38.615	2026-05-08 10:51:38.646	2	0	0	0	0	0	0	0	0	0	0	0	0	
1142	2026-05-08 10:52:24.728	2026-05-08 10:52:47.364	2	0	0	0	0	0	0	0	0	0	0	0	0	
1162	2026-05-08 10:52:48.862	2026-05-08 10:52:48.940	1	0	0	0	0	0	0	0	0	0	0	0	0	
1162	2026-05-08 10:52:49.111	2026-05-08 10:52:49.688	1	0	0	0	0	0	0	0	0	0	0	0	0	
1162	2026-05-08 10:53:15.678	2026-05-08 10:53:22.464	2	0	0	0	0	0	0	0	0	0	0	0	0	
1162	2026-05-08 10:53:28.470	2026-05-08 10:53:29.983	2	0	0	0	0	1	0.0560000017285347	0.2340005	0	0	0	0	0	2026-05-08 10:53:29.172
1162	2026-05-08 10:53:30.217	2026-05-08 10:53:30.701	2	0	0	0	0	0	0	0	0	0	0	0	0	
1162	2026-05-08 10:53:31.387	2026-05-08 10:53:31.403	2	0	0	0	0	0	0	0	0	0	0	0	0	
1162	2026-05-08 10:53:31.715	2026-05-08 10:53:31.793	2	0	0	0	0	0	0	0	0	0	0	0	0	
1162	2026-05-08 10:53:32.230	2026-05-08 10:53:32.323	2	0	0	0	0	0	0	0	0	0	0	0	0	
1162	2026-05-08 10:53:32.589	2026-05-08 10:53:32.713	2	0	0	0	0	0	0	0	0	0	0	0	0	
1162	2026-05-08 10:53:37.128	2026-05-08 10:53:37.409	2	0	0	0	0	0	0	0	0	0	0	0	0	
1162	2026-05-08 10:53:45.349	2026-05-08 10:53:46.660	2	0	0	0	0	1	0.0419999994337559	0.2028004	0	0	0	0	0	2026-05-08 10:53:46.254
1162	2026-05-08 10:54:04.381	2026-05-08 10:54:04.881	2	0	0	0	0	0	0	0	0	0	0	0	0	
1162	2026-05-08 10:54:07.283	2026-05-08 10:54:09.841	2	0	0	0	0	0	0	0	0	0	0	0	0	
1162	2026-05-08 10:55:34.612	2026-05-08 10:55:34.752	2	0	0	0	0	0	0	0	0	0	0	0	0	
1161	2026-05-08 10:48:27.327	2026-05-08 10:48:27.577	8	0	0	0	0	0	0	0	0	0	0	0	0	
1161	2026-05-08 10:49:14.829	2026-05-08 10:50:10.365	8	0	0	0	0	0	0	0	0	0	0	0	0	
1161	2026-05-08 10:50:16.512	2026-05-08 10:50:16.980	8	0	0	0	0	0	0	0	0	0	0	0	0	
1161	2026-05-08 10:50:17.510	2026-05-08 10:52:21.499	8	0	0	0	0	0	0	0	0	0	0	0	0	
1161	2026-05-08 10:52:22.700	2026-05-08 10:52:23.543	8	0	0	0	0	0	0	0	0	0	0	0	0	
1161	2026-05-08 10:52:23.699	2026-05-08 10:52:23.824	8	0	0	0	0	0	0	0	0	0	0	0	0	
1161	2026-05-08 10:58:12.250	2026-05-08 10:58:12.437	8	0	0	0	0	0	0	0	0	0	0	0	0	
1161	2026-05-08 10:58:12.578	2026-05-08 10:58:12.734	8	0	0	0	0	0	0	0	0	0	0	0	0	
1161	2026-05-08 10:58:13.015	2026-05-08 10:59:30.219	8	0	0	0	0	0	0	0	0	0	0	0	0	
1161	2026-05-08 10:59:30.297	2026-05-08 10:59:30.328	8	0	0	0	0	0	0	0	0	0	0	0	0	
1161	2026-05-08 10:59:30.890	2026-05-08 10:59:33.573	8	0	0	0	0	0	0	0	0	0	0	0	0	
1164	2026-05-08 11:00:11.310	2026-05-08 11:00:15.069	7	0	0	0	0	2	0.0280000008642673	0.4524008	0	0	0	0	0	2026-05-08 11:00:13.306
1164	2026-05-08 11:00:15.334	2026-05-08 11:00:18.267	7	0	0	0	0	0	0	0	0	0	0	0	0	
1164	2026-05-08 11:00:18.330	2026-05-08 11:00:19.656	7	0	0	0	0	0	0	0	0	0	0	0	0	
1164	2026-05-08 11:00:20.794	2026-05-08 11:00:20.950	7	0	0	0	0	0	0	0	0	0	0	0	0	
1164	2026-05-08 11:00:21.169	2026-05-08 11:03:29.118	7	0	0	0	0	0	0	0	0	0	0	0	0	
1164	2026-05-08 11:03:30.647	2026-05-08 11:03:30.865	7	0	0	0	0	0	0	0	0	0	0	0	0	
1164	2026-05-08 11:03:31.037	2026-05-08 11:03:31.474	7	0	0	0	0	0	0	0	0	0	0	0	0	
1164	2026-05-08 11:03:31.583	2026-05-08 11:03:32.113	7	0	0	0	0	0	0	0	0	0	0	0	0	
1164	2026-05-08 11:07:10.389	2026-05-08 11:07:15.677	7	0	0	0	0	0	0	0	0	0	0	0	0	
1164	2026-05-08 11:08:24.380	2026-05-08 11:08:24.661	7	0	0	0	0	0	0	0	0	0	0	0	0	
1164	2026-05-08 11:09:07.919	2026-05-08 11:09:08.013	7	0	0	0	0	0	0	0	0	0	0	0	0	
1164	2026-05-08 11:12:45.805	2026-05-08 11:12:45.945	7	0	0	0	0	0	0	0	0	0	0	0	0	
1164	2026-05-08 11:12:48.956	2026-05-08 11:12:49.237	7	0	0	0	0	0	0	0	0	0	0	0	0	
1164	2026-05-08 11:13:40.467	2026-05-08 11:13:41.606	7	0	0	0	0	0	0	0	0	0	0	0	0	
1164	2026-05-08 11:13:41.949	2026-05-08 11:13:42.308	7	0	0	0	0	0	0	0	0	0	0	0	0	
1164	2026-05-08 11:13:43.853	2026-05-08 11:13:44.477	7	0	0	0	0	0	0	0	0	0	0	0	0	
1164	2026-05-08 11:13:55.428	2026-05-08 11:13:56.832	8	0	0	0	0	0	0	0	0	0	0	0	0	
1165	2026-05-08 11:10:10.304	2026-05-08 11:10:10.631	2	0	0	0	0	1	0.0280000008642673	0.2184004	0	0	0	0	0	2026-05-08 11:10:10.413
1165	2026-05-08 11:10:11.021	2026-05-08 11:10:11.209	2	0	0	0	0	0	0	0	0	0	0	0	0	
1165	2026-05-08 11:10:11.318	2026-05-08 11:10:11.567	2	0	0	0	0	0	0	0	0	0	0	0	0	
1165	2026-05-08 11:10:11.677	2026-05-08 11:10:21.552	2	0	0	0	0	14	0.196000004187226	2.6052047	0	0	0	0	0	2026-05-08 11:10:13.985
1165	2026-05-08 11:10:22.066	2026-05-08 11:10:26.590	2	0	0	0	0	2	0.0280000008642673	0.4212006	0	0	0	0	0	2026-05-08 11:10:24.438
1167	2026-05-08 11:18:07.431	2026-05-08 11:18:08.336	1	0	0	0	0	0	0	0	0	0	0	0	0	
1167	2026-05-08 11:18:12.454	2026-05-08 11:18:12.657	1	0	0	0	0	0	0	0	0	0	0	0	0	
1167	2026-05-08 11:18:22.188	2026-05-08 11:18:23.109	1	0	0	0	0	0	0	0	0	0	0	0	0	
1167	2026-05-08 11:18:29.193	2026-05-08 11:18:30.534	2	0	0	0	0	0	0	0	0	0	0	0	0	
1167	2026-05-08 11:18:29.380	2026-05-08 11:18:30.971	1	0	0	0	0	0	0	0	0	0	0	0	0	
1167	2026-05-08 11:18:31.392	2026-05-08 11:18:38.319	1	0	0	0	0	2	0.0559999998658895	0.4212007	0	0	0	0	0	2026-05-08 11:18:31.704
1167	2026-05-08 11:18:40.097	2026-05-08 11:18:40.815	1	0	0	0	0	0	0	0	0	0	0	0	0	
1167	2026-05-08 11:18:31.517	2026-05-08 11:19:36.023	2	0	0	0	0	0	0	0	0	0	0	0	0	
1160	2026-05-08 10:47:39.794	2026-05-08 10:47:40.792	6	0	0	0	0	0	0	0	0	0	0	0	0	
1160	2026-05-08 10:47:27.049	2026-05-08 10:47:42.368	5	0	0	0	0	0	0	0	0	0	0	0	0	
1160	2026-05-08 10:47:42.430	2026-05-08 10:47:42.524	5	0	0	0	0	0	0	0	0	0	0	0	0	
1160	2026-05-08 10:47:45.176	2026-05-08 10:47:47.438	6	0	0	0	0	0	0	0	0	0	0	0	0	
1160	2026-05-08 10:47:47.656	2026-05-08 10:47:54.598	6	0	0	0	0	33	0.741999994963408	4.541208	0	0	0	0	0	2026-05-08 10:47:48.530
1160	2026-05-08 10:48:01.634	2026-05-08 10:48:01.712	6	0	0	0	0	0	0	0	0	0	0	0	0	
1160	2026-05-08 10:48:01.728	2026-05-08 10:48:01.774	6	0	0	0	0	0	0	0	0	0	0	0	0	
1160	2026-05-08 10:47:45.285	2026-05-08 10:48:03.506	5	0	0	0	0	0	0	0	0	0	0	0	0	
1160	2026-05-08 10:48:03.522	2026-05-08 10:48:03.600	5	0	0	0	0	0	0	0	0	0	0	0	0	
1160	2026-05-08 10:48:03.693	2026-05-08 10:48:03.709	5	0	0	0	0	0	0	0	0	0	0	0	0	
1160	2026-05-08 10:48:03.719	2026-05-08 10:48:03.787	5	0	0	0	0	0	0	0	0	0	0	0	0	
1160	2026-05-08 10:48:03.896	2026-05-08 10:48:04.021	5	0	0	0	0	0	0	0	0	0	0	0	0	
1160	2026-05-08 10:48:04.036	2026-05-08 10:48:04.972	5	0	0	0	0	0	0	0	0	0	0	0	0	
1160	2026-05-08 10:48:04.988	2026-05-08 10:48:05.113	5	0	0	0	0	0	0	0	0	0	0	0	0	
1160	2026-05-08 10:48:01.821	2026-05-08 10:48:14.629	6	0	0	0	0	0	0	0	0	0	0	0	0	
1160	2026-05-08 10:48:22.382	2026-05-08 10:48:22.585	5	0	0	0	0	0	0	0	0	0	0	0	0	
1160	2026-05-08 10:48:14.722	2026-05-08 10:48:25.018	6	0	0	0	0	0	0	0	0	0	0	0	0	
1160	2026-05-08 10:48:25.377	2026-05-08 10:48:25.424	5	0	0	0	0	0	0	0	0	0	0	0	0	
1160	2026-05-08 10:48:31.773	2026-05-08 10:48:31.851	5	0	0	0	0	0	0	0	0	0	0	0	0	
1160	2026-05-08 10:48:35.595	2026-05-08 10:48:35.751	5	0	0	0	0	0	0	0	0	0	0	0	0	
1160	2026-05-08 10:48:36.906	2026-05-08 10:48:37.062	5	0	0	0	0	0	0	0	0	0	0	0	0	
1160	2026-05-08 10:48:25.315	2026-05-08 10:48:38.216	6	0	0	0	0	0	0	0	0	0	0	0	0	
1160	2026-05-08 10:48:38.356	2026-05-08 10:48:38.450	6	0	0	0	0	0	0	0	0	0	0	0	0	
1160	2026-05-08 10:48:44.456	2026-05-08 10:48:44.518	5	0	0	0	0	0	0	0	0	0	0	0	0	
1160	2026-05-08 10:48:50.181	2026-05-08 10:48:50.212	6	0	0	0	0	0	0	0	0	0	0	0	0	
1160	2026-05-08 10:48:50.384	2026-05-08 10:48:50.540	6	0	0	0	0	0	0	0	0	0	0	0	0	
1160	2026-05-08 10:48:50.696	2026-05-08 10:48:50.852	6	0	0	0	0	0	0	0	0	0	0	0	0	
1160	2026-05-08 10:48:59.463	2026-05-08 10:48:59.510	6	0	0	0	0	0	0	0	0	0	0	0	0	
1160	2026-05-08 10:48:59.806	2026-05-08 10:49:02.162	6	0	0	0	0	0	0	0	0	0	0	0	0	
1160	2026-05-08 10:49:02.193	2026-05-08 10:49:02.942	6	0	0	0	0	0	0	0	0	0	0	0	0	
1160	2026-05-08 10:49:24.813	2026-05-08 10:49:25.188	6	0	0	0	0	0	0	0	0	0	0	0	0	
1160	2026-05-08 10:49:35.749	2026-05-08 10:49:35.858	5	0	0	0	0	0	0	0	0	0	0	0	0	
1160	2026-05-08 10:49:35.905	2026-05-08 10:49:40.429	5	0	0	0	0	34	1.61000001430511	4.0248071	0	0	0	0	0	2026-05-08 10:49:36.295
1160	2026-05-08 10:50:12.456	2026-05-08 10:50:12.659	6	0	0	0	0	0	0	0	0	0	0	0	0	
1160	2026-05-08 10:50:13.142	2026-05-08 10:50:13.454	6	0	0	0	0	0	0	0	0	0	0	0	0	
1160	2026-05-08 10:50:13.766	2026-05-08 10:50:15.638	6	0	0	0	0	15	0.448000013828278	1.669203	0	0	0	0	0	2026-05-08 10:50:13.938
1160	2026-05-08 10:50:16.387	2026-05-08 10:50:16.496	6	0	0	0	0	0	0	0	0	0	0	0	0	
1160	2026-05-08 10:50:17.292	2026-05-08 10:50:17.526	6	0	0	0	0	0	0	0	0	0	0	0	0	
1160	2026-05-08 10:50:19.975	2026-05-08 10:50:20.115	6	0	0	0	0	0	0	0	0	0	0	0	0	
1160	2026-05-08 10:50:21.769	2026-05-08 10:50:28.071	6	0	0	0	0	0	0	0	0	0	0	0	0	
1160	2026-05-08 10:50:54.248	2026-05-08 10:50:54.654	5	0	0	0	0	0	0	0	0	0	0	0	0	
1160	2026-05-08 10:50:54.716	2026-05-08 10:50:54.779	5	0	0	0	0	0	0	0	0	0	0	0	0	
1160	2026-05-08 10:50:55.059	2026-05-08 10:50:55.091	5	0	0	0	0	0	0	0	0	0	0	0	0	
1160	2026-05-08 10:51:20.503	2026-05-08 10:51:20.519	5	0	0	0	0	0	0	0	0	0	0	0	0	
1160	2026-05-08 10:51:20.815	2026-05-08 10:51:20.846	5	0	0	0	0	0	0	0	0	0	0	0	0	
1160	2026-05-08 10:51:23.171	2026-05-08 10:51:23.233	5	0	0	0	0	0	0	0	0	0	0	0	0	
1160	2026-05-08 10:51:25.542	2026-05-08 10:51:25.604	5	0	0	0	0	0	0	0	0	0	0	0	0	
1160	2026-05-08 10:51:25.979	2026-05-08 10:51:25.994	5	0	0	0	0	0	0	0	0	0	0	0	0	
1160	2026-05-08 10:51:27.445	2026-05-08 10:51:27.508	5	0	0	0	0	0	0	0	0	0	0	0	0	
1160	2026-05-08 10:51:33.904	2026-05-08 10:51:33.919	5	0	0	0	0	0	0	0	0	0	0	0	0	
1160	2026-05-08 10:51:54.199	2026-05-08 10:51:54.293	5	0	0	0	0	0	0	0	0	0	0	0	0	
1160	2026-05-08 10:54:28.983	2026-05-08 10:54:29.029	5	0	0	0	0	0	0	0	0	0	0	0	0	
1160	2026-05-08 10:54:31.416	2026-05-08 10:54:31.479	6	0	0	0	0	0	0	0	0	0	0	0	0	
1160	2026-05-08 10:54:33.413	2026-05-08 10:54:33.585	6	0	0	0	0	0	0	0	0	0	0	0	0	
1160	2026-05-08 10:54:33.959	2026-05-08 10:54:34.037	6	0	0	0	0	0	0	0	0	0	0	0	0	
1160	2026-05-08 10:54:34.240	2026-05-08 10:54:34.302	6	0	0	0	0	0	0	0	0	0	0	0	0	
1160	2026-05-08 10:54:34.443	2026-05-08 10:54:42.352	6	0	0	0	0	0	0	0	0	0	0	0	0	
1160	2026-05-08 10:54:44.489	2026-05-08 10:54:44.739	6	0	0	0	0	0	0	0	0	0	0	0	0	
1160	2026-05-08 10:54:44.973	2026-05-08 10:54:47.266	6	0	0	0	0	0	0	0	0	0	0	0	0	
1160	2026-05-08 10:54:52.164	2026-05-08 10:54:52.273	6	0	0	0	0	0	0	0	0	0	0	0	0	
1160	2026-05-08 10:54:52.492	2026-05-08 10:54:52.554	6	0	0	0	0	0	0	0	0	0	0	0	0	
1160	2026-05-08 10:54:57.827	2026-05-08 10:54:57.905	6	0	0	0	0	0	0	0	0	0	0	0	0	
1160	2026-05-08 10:55:03.443	2026-05-08 10:55:03.505	6	0	0	0	0	0	0	0	0	0	0	0	0	
1160	2026-05-08 10:55:04.098	2026-05-08 10:55:04.644	6	0	0	0	0	0	0	0	0	0	0	0	0	
1160	2026-05-08 10:55:05.300	2026-05-08 10:55:11.352	6	0	0	0	0	0	0	0	0	0	0	0	0	
1160	2026-05-08 10:55:11.664	2026-05-08 10:55:35.080	6	0	0	0	0	0	0	0	0	0	0	0	0	
1160	2026-05-08 10:55:35.361	2026-05-08 10:55:38.247	6	0	0	0	0	0	0	0	0	0	0	0	0	
1160	2026-05-08 10:55:39.011	2026-05-08 10:55:39.230	6	0	0	0	0	0	0	0	0	0	0	0	0	
1160	2026-05-08 10:55:39.323	2026-05-08 10:55:40.212	6	0	0	0	0	0	0	0	0	0	0	0	0	
1160	2026-05-08 10:56:57.292	2026-05-08 10:56:57.339	5	0	0	0	0	0	0	0	0	0	0	0	0	
1160	2026-05-08 10:56:57.417	2026-05-08 10:56:57.495	5	0	0	0	0	0	0	0	0	0	0	0	0	
1160	2026-05-08 10:56:57.869	2026-05-08 10:56:58.774	5	0	0	0	0	0	0	0	0	0	0	0	0	
1160	2026-05-08 10:57:08.009	2026-05-08 10:57:08.446	5	0	0	0	0	0	0	0	0	0	0	0	0	
1160	2026-05-08 10:57:10.583	2026-05-08 10:57:10.661	5	0	0	0	0	0	0	0	0	0	0	0	0	
1160	2026-05-08 10:57:18.446	2026-05-08 10:57:18.555	5	0	0	0	0	0	0	0	0	0	0	0	0	
1160	2026-05-08 10:57:57.009	2026-05-08 10:57:57.071	5	0	0	0	0	0	0	0	0	0	0	0	0	
1160	2026-05-08 10:57:57.368	2026-05-08 10:57:58.351	5	0	0	0	0	0	0	0	0	0	0	0	0	
1160	2026-05-08 10:59:28.597	2026-05-08 10:59:28.862	5	0	0	0	0	0	0	0	0	0	0	0	0	
1160	2026-05-08 10:59:29.158	2026-05-08 10:59:29.283	5	0	0	0	0	0	0	0	0	0	0	0	0	
1160	2026-05-08 10:59:29.455	2026-05-08 10:59:29.954	5	0	0	0	0	0	0	0	0	0	0	0	0	
1160	2026-05-08 11:00:19.359	2026-05-08 11:03:14.329	5	0	0	0	0	0	0	0	0	0	0	0	0	
1160	2026-05-08 11:03:18.042	2026-05-08 11:03:19.259	5	0	0	0	0	0	0	0	0	0	0	0	0	
1160	2026-05-08 11:04:56.416	2026-05-08 11:09:54.595	5	0	0	0	0	0	0	0	0	0	0	0	0	
1160	2026-05-08 11:09:54.891	2026-05-08 11:10:02.301	5	0	0	0	0	0	0	0	0	0	0	0	0	
1160	2026-05-08 11:10:02.878	2026-05-08 11:10:03.190	5	0	0	0	0	0	0	0	0	0	0	0	0	
1160	2026-05-08 11:10:06.248	2026-05-08 11:10:25.249	5	0	0	0	0	0	0	0	0	0	0	0	0	
1160	2026-05-08 11:10:25.280	2026-05-08 11:10:25.405	5	0	0	0	0	0	0	0	0	0	0	0	0	
1160	2026-05-08 11:10:26.653	2026-05-08 11:10:26.700	5	0	0	0	0	0	0	0	0	0	0	0	0	
1160	2026-05-08 11:10:34.983	2026-05-08 11:10:35.311	5	0	0	0	0	0	0	0	0	0	0	0	0	
1160	2026-05-08 11:10:36.138	2026-05-08 11:16:42.676	5	0	0	0	0	0	0	0	0	0	0	0	0	
1160	2026-05-08 11:16:55.234	2026-05-08 11:16:55.343	5	0	0	0	0	0	0	0	0	0	0	0	0	
1160	2026-05-08 11:16:55.390	2026-05-08 11:26:46.631	5	0	0	0	0	0	0	0	0	0	0	0	0	
1159	2026-05-08 10:46:23.182	2026-05-08 10:46:26.708	3	0	0	0	0	4	0.0560000017285347	0.8580015	0	0	0	0	0	2026-05-08 10:46:24.415
1159	2026-05-08 10:46:28.283	2026-05-08 10:46:28.346	3	0	0	0	0	0	0	0	0	0	0	0	0	
1159	2026-05-08 10:46:28.517	2026-05-08 10:46:28.970	3	0	0	0	0	0	0	0	0	0	0	0	0	
1159	2026-05-08 10:46:29.095	2026-05-08 10:46:29.594	3	0	0	0	0	0	0	0	0	0	0	0	0	
1159	2026-05-08 10:46:30.109	2026-05-08 10:46:30.280	3	0	0	0	0	0	0	0	0	0	0	0	0	
1159	2026-05-08 10:46:30.530	2026-05-08 10:46:30.764	3	0	0	0	0	0	0	0	0	0	0	0	0	
1159	2026-05-08 10:46:35.319	2026-05-08 10:46:35.771	3	0	0	0	0	0	0	0	0	0	0	0	0	
1159	2026-05-08 10:46:35.881	2026-05-08 10:46:38.907	3	0	0	0	0	20	1.13399994373322	2.5272044	0	0	0	0	0	2026-05-08 10:46:36.302
1159	2026-05-08 10:46:46.723	2026-05-08 10:46:47.066	4	0	0	0	0	0	0	0	0	0	0	0	0	
1159	2026-05-08 10:46:52.105	2026-05-08 10:46:52.448	4	0	0	0	0	0	0	0	0	0	0	0	0	
1159	2026-05-08 10:46:56.660	2026-05-08 10:46:57.190	4	0	0	0	0	0	0	0	0	0	0	0	0	
1159	2026-05-08 10:46:57.471	2026-05-08 10:46:57.658	4	0	0	0	0	0	0	0	0	0	0	0	0	
1159	2026-05-08 10:46:58.579	2026-05-08 10:47:02.198	4	0	0	0	0	0	0	0	0	0	0	0	0	
1159	2026-05-08 10:47:02.385	2026-05-08 10:47:03.290	4	0	0	0	0	0	0	0	0	0	0	0	0	
1159	2026-05-08 10:47:31.573	2026-05-08 10:47:37.485	3	0	0	0	0	38	1.88999999314547	5.2260092	0	0	0	0	0	2026-05-08 10:47:32.134
1159	2026-05-08 10:47:57.141	2026-05-08 10:47:57.266	3	0	0	0	0	0	0	0	0	0	0	0	0	
1159	2026-05-08 10:47:59.544	2026-05-08 10:48:03.740	3	0	0	0	0	20	0.67200000025332	2.9172051	0	0	0	0	0	2026-05-08 10:48:00.246
1159	2026-05-08 10:49:08.683	2026-05-08 10:49:08.714	4	0	0	0	0	0	0	0	0	0	0	0	0	
1159	2026-05-08 10:49:12.458	2026-05-08 10:49:14.938	4	0	0	0	0	0	0	0	0	0	0	0	0	
1159	2026-05-08 10:49:14.970	2026-05-08 10:49:15.984	4	0	0	0	0	0	0	0	0	0	0	0	0	
1159	2026-05-08 10:49:16.608	2026-05-08 10:49:17.434	4	0	0	0	0	0	0	0	0	0	0	0	0	
1159	2026-05-08 10:49:17.778	2026-05-08 10:49:18.043	4	0	0	0	0	0	0	0	0	0	0	0	0	
1159	2026-05-08 10:51:24.824	2026-05-08 10:51:24.871	3	0	0	0	0	0	0	0	0	0	0	0	0	
1159	2026-05-08 10:51:25.932	2026-05-08 10:51:26.057	3	0	0	0	0	0	0	0	0	0	0	0	0	
1159	2026-05-08 10:52:27.287	2026-05-08 10:52:27.490	3	0	0	0	0	0	0	0	0	0	0	0	0	
1159	2026-05-08 10:52:27.926	2026-05-08 10:52:28.051	3	0	0	0	0	0	0	0	0	0	0	0	0	
1159	2026-05-08 10:52:29.767	2026-05-08 10:52:32.388	3	0	0	0	0	0	0	0	0	0	0	0	0	
1159	2026-05-08 10:52:32.482	2026-05-08 10:52:37.006	3	0	0	0	0	0	0	0	0	0	0	0	0	
1159	2026-05-08 10:52:41.171	2026-05-08 10:54:36.861	3	0	0	0	0	0	0	0	0	0	0	0	0	
1159	2026-05-08 10:54:37.453	2026-05-08 11:01:29.403	3	0	0	0	0	0	0	0	0	0	0	0	0	
1159	2026-05-08 11:01:29.575	2026-05-08 11:01:29.700	3	0	0	0	0	0	0	0	0	0	0	0	0	
1159	2026-05-08 11:01:30.261	2026-05-08 11:06:04.666	3	0	0	0	0	0	0	0	0	0	0	0	0	
1159	2026-05-08 11:06:05.430	2026-05-08 11:06:06.819	3	0	0	0	0	0	0	0	0	0	0	0	0	
1159	2026-05-08 11:06:09.720	2026-05-08 11:06:10.453	4	0	0	0	0	0	0	0	0	0	0	0	0	
1159	2026-05-08 11:06:14.291	2026-05-08 11:06:14.353	4	0	0	0	0	0	0	0	0	0	0	0	0	
1159	2026-05-08 11:06:14.790	2026-05-08 11:06:16.756	4	0	0	0	0	0	0	0	0	0	0	0	0	
1159	2026-05-08 11:06:10.500	2026-05-08 11:06:36.287	3	0	0	0	0	0	0	0	0	0	0	0	0	
1159	2026-05-08 11:06:36.474	2026-05-08 11:06:37.208	3	0	0	0	0	0	0	0	0	0	0	0	0	
1159	2026-05-08 11:06:37.535	2026-05-08 11:06:37.566	3	0	0	0	0	0	0	0	0	0	0	0	0	
1159	2026-05-08 11:06:37.199	2026-05-08 11:06:38.300	4	0	0	0	0	0	0	0	0	0	0	0	0	
1159	2026-05-08 11:06:56.645	2026-05-08 11:06:56.786	4	0	0	0	0	0	0	0	0	0	0	0	0	
1159	2026-05-08 11:07:06.738	2026-05-08 11:07:07.066	4	0	0	0	0	0	0	0	0	0	0	0	0	
1159	2026-05-08 11:09:42.052	2026-05-08 11:09:42.161	3	0	0	0	0	0	0	0	0	0	0	0	0	
1159	2026-05-08 11:07:08.969	2026-05-08 11:10:00.538	4	0	0	0	0	0	0	0	0	0	0	0	0	
1159	2026-05-08 11:11:57.429	2026-05-08 11:12:48.925	3	0	0	0	0	0	0	0	0	0	0	0	0	
1159	2026-05-08 11:12:50.891	2026-05-08 11:12:52.591	3	0	0	0	0	0	0	0	0	0	0	0	0	
1159	2026-05-08 11:12:52.669	2026-05-08 11:12:53.652	3	0	0	0	0	0	0	0	0	0	0	0	0	
1159	2026-05-08 11:12:53.730	2026-05-08 11:12:54.213	3	0	0	0	0	0	0	0	0	0	0	0	0	
1159	2026-05-08 11:12:54.401	2026-05-08 11:12:55.929	3	0	0	0	0	0	0	0	0	0	0	0	0	
1159	2026-05-08 11:16:45.219	2026-05-08 11:18:14.373	4	0	0	0	0	0	0	0	0	0	0	0	0	
1159	2026-05-08 11:18:15.262	2026-05-08 11:18:17.555	4	0	0	0	0	0	0	0	0	0	0	0	0	
1159	2026-05-08 11:18:17.774	2026-05-08 11:18:18.600	4	0	0	0	0	0	0	0	0	0	0	0	0	
1159	2026-05-08 11:23:33.050	2026-05-08 11:23:33.799	4	0	0	0	0	0	0	0	0	0	0	0	0	
1159	2026-05-08 11:23:55.904	2026-05-08 11:23:56.154	3	0	0	0	0	0	0	0	0	0	0	0	0	
1159	2026-05-08 11:23:56.450	2026-05-08 11:23:56.778	3	0	0	0	0	0	0	0	0	0	0	0	0	
1159	2026-05-08 11:23:57.043	2026-05-08 11:23:57.121	3	0	0	0	0	0	0	0	0	0	0	0	0	
1159	2026-05-08 11:23:57.137	2026-05-08 11:23:57.495	4	0	0	0	0	0	0	0	0	0	0	0	0	
1159	2026-05-08 11:23:58.057	2026-05-08 11:29:25.080	3	0	0	0	0	0	0	0	0	0	0	0	0	
1159	2026-05-08 11:29:26.141	2026-05-08 11:29:27.030	3	0	0	0	0	0	0	0	0	0	0	0	0	
1159	2026-05-08 11:30:59.663	2026-05-08 11:30:59.710	3	0	0	0	0	0	0	0	0	0	0	0	0	
1159	2026-05-08 11:31:00.350	2026-05-08 11:31:01.208	3	0	0	0	0	0	0	0	0	0	0	0	0	
1159	2026-05-08 11:36:37.279	2026-05-08 11:36:38.621	4	0	0	0	0	0	0	0	0	0	0	0	0	
1159	2026-05-08 11:36:39.167	2026-05-08 11:36:39.915	3	0	0	0	0	0	0	0	0	0	0	0	0	
1159	2026-05-08 11:36:40.056	2026-05-08 11:36:40.539	3	0	0	0	0	0	0	0	0	0	0	0	0	
1159	2026-05-08 11:40:05.680	2026-05-08 11:40:06.132	4	0	0	0	0	0	0	0	0	0	0	0	0	
1159	2026-05-08 11:36:41.429	2026-05-08 11:43:29.619	3	0	0	0	0	0	0	0	0	0	0	0	0	
1159	2026-05-08 11:43:29.947	2026-05-08 11:43:32.599	3	0	0	0	0	0	0	0	0	0	0	0	0	
1159	2026-05-08 11:43:37.871	2026-05-08 11:43:38.823	3	0	0	0	0	0	0	0	0	0	0	0	0	
1159	2026-05-08 11:44:16.310	2026-05-08 11:44:16.341	3	0	0	0	0	0	0	0	0	0	0	0	0	
1159	2026-05-08 11:44:17.433	2026-05-08 11:44:17.963	3	0	0	0	0	0	0	0	0	0	0	0	0	
1159	2026-05-08 11:44:18.229	2026-05-08 11:44:22.222	3	0	0	0	0	7	0.209999999031425	1.2168022	0	0	0	0	0	2026-05-08 11:44:18.931
1159	2026-05-08 11:44:27.277	2026-05-08 11:44:27.324	3	0	0	0	0	0	0	0	0	0	0	0	0	
1159	2026-05-08 11:44:43.111	2026-05-08 11:44:43.236	3	0	0	0	0	0	0	0	0	0	0	0	0	
1159	2026-05-08 11:44:57.354	2026-05-08 11:44:57.572	4	0	0	0	0	0	0	0	0	0	0	0	0	
1159	2026-05-08 11:45:53.139	2026-05-08 11:45:53.202	3	0	0	0	0	0	0	0	0	0	0	0	0	
1159	2026-05-08 11:45:53.358	2026-05-08 11:45:53.389	3	0	0	0	0	0	0	0	0	0	0	0	0	
1159	2026-05-08 11:45:53.529	2026-05-08 11:45:53.576	3	0	0	0	0	0	0	0	0	0	0	0	0	
1159	2026-05-08 11:46:14.652	2026-05-08 11:46:14.714	3	0	0	0	0	0	0	0	0	0	0	0	0	
1159	2026-05-08 11:46:34.292	2026-05-08 11:46:34.651	3	0	0	0	0	0	0	0	0	0	0	0	0	
1159	2026-05-08 11:46:40.173	2026-05-08 11:46:40.236	3	0	0	0	0	0	0	0	0	0	0	0	0	
1159	2026-05-08 11:46:45.992	2026-05-08 11:46:46.335	3	0	0	0	0	0	0	0	0	0	0	0	0	
1159	2026-05-08 11:46:50.391	2026-05-08 11:46:50.407	3	0	0	0	0	0	0	0	0	0	0	0	0	
1159	2026-05-08 11:46:50.454	2026-05-08 11:46:50.969	3	0	0	0	0	0	0	0	0	0	0	0	0	
1159	2026-05-08 11:46:52.513	2026-05-08 11:46:52.575	3	0	0	0	0	0	0	0	0	0	0	0	0	
1159	2026-05-08 11:46:53.418	2026-05-08 11:46:53.511	3	0	0	0	0	0	0	0	0	0	0	0	0	
1159	2026-05-08 11:49:36.781	2026-05-08 11:49:36.844	3	0	0	0	0	0	0	0	0	0	0	0	0	
1159	2026-05-08 11:49:39.402	2026-05-08 11:49:39.620	3	0	0	0	0	0	0	0	0	0	0	0	0	
1159	2026-05-08 11:50:06.655	2026-05-08 11:50:06.796	4	0	0	0	0	0	0	0	0	0	0	0	0	
1159	2026-05-08 11:50:10.743	2026-05-08 11:50:12.053	4	0	0	0	0	0	0	0	0	0	0	0	0	
1159	2026-05-08 11:50:14.409	2026-05-08 11:50:14.767	4	0	0	0	0	0	0	0	0	0	0	0	0	
1159	2026-05-08 11:50:14.970	2026-05-08 11:50:15.095	4	0	0	0	0	0	0	0	0	0	0	0	0	
1159	2026-05-08 11:50:15.204	2026-05-08 11:50:15.267	4	0	0	0	0	0	0	0	0	0	0	0	0	
1159	2026-05-08 11:50:15.407	2026-05-08 11:50:15.501	4	0	0	0	0	0	0	0	0	0	0	0	0	
1159	2026-05-08 11:50:15.610	2026-05-08 11:50:16.234	4	0	0	0	0	0	0	0	0	0	0	0	0	
1159	2026-05-08 11:50:16.546	2026-05-08 11:50:16.624	4	0	0	0	0	0	0	0	0	0	0	0	0	
1159	2026-05-08 11:50:18.340	2026-05-08 11:50:18.730	4	0	0	0	0	0	0	0	0	0	0	0	0	
1159	2026-05-08 11:50:20.664	2026-05-08 11:50:21.631	4	0	0	0	0	0	0	0	0	0	0	0	0	
1159	2026-05-08 11:50:23.207	2026-05-08 11:50:23.332	4	0	0	0	0	0	0	0	0	0	0	0	0	
1159	2026-05-08 11:50:24.486	2026-05-08 11:50:24.564	4	0	0	0	0	0	0	0	0	0	0	0	0	
1159	2026-05-08 11:50:38.152	2026-05-08 11:50:38.994	3	0	0	0	0	0	0	0	0	0	0	0	0	
1159	2026-05-08 11:51:07.729	2026-05-08 11:51:07.823	4	0	0	0	0	0	0	0	0	0	0	0	0	
1159	2026-05-08 11:52:09.194	2026-05-08 11:52:09.443	4	0	0	0	0	0	0	0	0	0	0	0	0	
1159	2026-05-08 11:52:09.412	2026-05-08 11:52:13.328	3	0	0	0	0	4	0.196000002324581	0.9204016	0	0	0	0	0	2026-05-08 11:52:10.754
1159	2026-05-08 11:52:19.755	2026-05-08 11:52:20.176	3	0	0	0	0	0	0	0	0	0	0	0	0	
1159	2026-05-08 11:52:22.656	2026-05-08 11:52:22.766	3	0	0	0	0	0	0	0	0	0	0	0	0	
1159	2026-05-08 11:52:23.421	2026-05-08 11:52:23.670	3	0	0	0	0	0	0	0	0	0	0	0	0	
1159	2026-05-08 11:52:31.548	2026-05-08 11:52:31.580	4	0	0	0	0	0	0	0	0	0	0	0	0	
1159	2026-05-08 11:52:38.537	2026-05-08 11:52:38.849	3	0	0	0	0	0	0	0	0	0	0	0	0	
1159	2026-05-08 11:52:39.021	2026-05-08 11:52:40.113	3	0	0	0	0	0	0	0	0	0	0	0	0	
1159	2026-05-08 11:52:44.358	2026-05-08 11:52:44.372	4	0	0	0	0	0	0	0	0	0	0	0	0	
1169	2026-05-08 11:25:29.910	2026-05-08 11:25:30.035	7	0	0	0	0	0	0	0	0	0	0	0	0	
1169	2026-05-08 11:25:32.328	2026-05-08 11:25:32.484	8	0	0	0	0	0	0	0	0	0	0	0	0	
1169	2026-05-08 11:25:30.784	2026-05-08 11:25:32.796	7	0	0	0	0	11	0.433999985456467	1.3884024	0	0	0	0	0	2026-05-08 11:25:31.283
1169	2026-05-08 11:25:37.897	2026-05-08 11:25:37.960	7	0	0	0	0	0	0	0	0	0	0	0	0	
1169	2026-05-08 11:25:37.882	2026-05-08 11:25:39.488	8	0	0	0	0	0	0	0	0	0	0	0	0	
1169	2026-05-08 11:25:39.504	2026-05-08 11:25:39.754	8	0	0	0	0	0	0	0	0	0	0	0	0	
1169	2026-05-08 11:25:39.785	2026-05-08 11:25:39.832	8	0	0	0	0	0	0	0	0	0	0	0	0	
1169	2026-05-08 11:25:39.894	2026-05-08 11:25:40.003	8	0	0	0	0	0	0	0	0	0	0	0	0	
1169	2026-05-08 11:25:40.253	2026-05-08 11:25:40.300	8	0	0	0	0	0	0	0	0	0	0	0	0	
1169	2026-05-08 11:25:40.331	2026-05-08 11:25:40.799	8	0	0	0	0	0	0	0	0	0	0	0	0	
1169	2026-05-08 11:25:40.846	2026-05-08 11:25:40.924	8	0	0	0	0	0	0	0	0	0	0	0	0	
1169	2026-05-08 11:25:41.641	2026-05-08 11:25:41.750	8	0	0	0	0	0	0	0	0	0	0	0	0	
1169	2026-05-08 11:25:42.858	2026-05-08 11:25:43.310	8	0	0	0	0	0	0	0	0	0	0	0	0	
1169	2026-05-08 11:25:45.292	2026-05-08 11:25:45.588	8	0	0	0	0	0	0	0	0	0	0	0	0	
1169	2026-05-08 11:25:46.446	2026-05-08 11:25:47.273	8	0	0	0	0	0	0	0	0	0	0	0	0	
1169	2026-05-08 11:25:51.422	2026-05-08 11:25:51.454	8	0	0	0	0	0	0	0	0	0	0	0	0	
1169	2026-05-08 11:25:52.265	2026-05-08 11:25:52.280	8	0	0	0	0	0	0	0	0	0	0	0	0	
1169	2026-05-08 11:25:52.390	2026-05-08 11:25:53.107	8	0	0	0	0	0	0	0	0	0	0	0	0	
1169	2026-05-08 11:25:53.248	2026-05-08 11:25:53.950	8	0	0	0	0	0	0	0	0	0	0	0	0	
1169	2026-05-08 11:25:57.460	2026-05-08 11:26:05.603	7	0	0	0	0	0	0	0	0	0	0	0	0	
1169	2026-05-08 11:26:05.696	2026-05-08 11:26:07.007	7	0	0	0	0	0	0	0	0	0	0	0	0	
1169	2026-05-08 11:26:07.054	2026-05-08 11:26:07.225	7	0	0	0	0	0	0	0	0	0	0	0	0	
1169	2026-05-08 11:26:08.083	2026-05-08 11:26:08.146	7	0	0	0	0	0	0	0	0	0	0	0	0	
1169	2026-05-08 11:26:24.916	2026-05-08 11:26:25.009	7	0	0	0	0	0	0	0	0	0	0	0	0	
1169	2026-05-08 11:26:26.881	2026-05-08 11:26:26.944	7	0	0	0	0	0	0	0	0	0	0	0	0	
1169	2026-05-08 11:26:28.301	2026-05-08 11:26:28.363	7	0	0	0	0	0	0	0	0	0	0	0	0	
1169	2026-05-08 11:26:28.675	2026-05-08 11:26:28.722	7	0	0	0	0	0	0	0	0	0	0	0	0	
1169	2026-05-08 11:26:29.050	2026-05-08 11:26:29.065	7	0	0	0	0	0	0	0	0	0	0	0	0	
1169	2026-05-08 11:26:29.689	2026-05-08 11:26:29.736	7	0	0	0	0	0	0	0	0	0	0	0	0	
1169	2026-05-08 11:26:29.783	2026-05-08 11:26:29.876	7	0	0	0	0	0	0	0	0	0	0	0	0	
1169	2026-05-08 11:26:32.294	2026-05-08 11:26:32.388	7	0	0	0	0	0	0	0	0	0	0	0	0	
1169	2026-05-08 11:26:32.981	2026-05-08 11:26:33.293	7	0	0	0	0	0	0	0	0	0	0	0	0	
1169	2026-05-08 11:26:33.730	2026-05-08 11:26:33.808	7	0	0	0	0	0	0	0	0	0	0	0	0	
1169	2026-05-08 11:26:33.854	2026-05-08 11:26:38.690	7	0	0	0	0	0	0	0	0	0	0	0	0	
1169	2026-05-08 11:28:30.527	2026-05-08 11:28:31.213	7	0	0	0	0	0	0	0	0	0	0	0	0	
1169	2026-05-08 11:28:49.871	2026-05-08 11:28:50.994	7	0	0	0	0	0	0	0	0	0	0	0	0	
1169	2026-05-08 11:28:51.774	2026-05-08 11:28:53.303	7	0	0	0	0	0	0	0	0	0	0	0	0	
1169	2026-05-08 11:28:56.189	2026-05-08 11:28:56.922	7	0	0	0	0	0	0	0	0	0	0	0	0	
1169	2026-05-08 11:28:57.702	2026-05-08 11:28:57.796	7	0	0	0	0	0	0	0	0	0	0	0	0	
1169	2026-05-08 11:28:57.889	2026-05-08 11:28:57.921	7	0	0	0	0	0	0	0	0	0	0	0	0	
1169	2026-05-08 11:29:02.757	2026-05-08 11:29:02.835	7	0	0	0	0	0	0	0	0	0	0	0	0	
1169	2026-05-08 11:29:02.991	2026-05-08 11:29:03.037	7	0	0	0	0	0	0	0	0	0	0	0	0	
1169	2026-05-08 11:29:03.209	2026-05-08 11:29:03.287	7	0	0	0	0	0	0	0	0	0	0	0	0	
1169	2026-05-08 11:29:03.427	2026-05-08 11:29:03.552	7	0	0	0	0	0	0	0	0	0	0	0	0	
1169	2026-05-08 11:29:03.661	2026-05-08 11:29:04.067	7	0	0	0	0	0	0	0	0	0	0	0	0	
1169	2026-05-08 11:29:04.145	2026-05-08 11:29:04.285	7	0	0	0	0	0	0	0	0	0	0	0	0	
1169	2026-05-08 11:29:04.426	2026-05-08 11:29:04.597	7	0	0	0	0	0	0	0	0	0	0	0	0	
1169	2026-05-08 11:29:05.424	2026-05-08 11:29:05.455	7	0	0	0	0	0	0	0	0	0	0	0	0	
1169	2026-05-08 11:29:06.189	2026-05-08 11:29:07.265	7	0	0	0	0	0	0	0	0	0	0	0	0	
1169	2026-05-08 11:29:37.654	2026-05-08 11:29:37.670	7	0	0	0	0	0	0	0	0	0	0	0	0	
1169	2026-05-08 11:29:39.230	2026-05-08 11:29:47.872	7	0	0	0	0	0	0	0	0	0	0	0	0	
1169	2026-05-08 11:29:47.950	2026-05-08 11:29:48.792	7	0	0	0	0	0	0	0	0	0	0	0	0	
1169	2026-05-08 11:29:52.661	2026-05-08 11:29:59.681	7	0	0	0	0	0	0	0	0	0	0	0	0	
1169	2026-05-08 11:29:59.744	2026-05-08 11:30:08.948	7	0	0	0	0	0	0	0	0	0	0	0	0	
1169	2026-05-08 11:30:09.010	2026-05-08 11:30:09.057	7	0	0	0	0	0	0	0	0	0	0	0	0	
1169	2026-05-08 11:30:09.135	2026-05-08 11:30:10.679	7	0	0	0	0	0	0	0	0	0	0	0	0	
1169	2026-05-08 11:30:10.710	2026-05-08 11:30:10.866	7	0	0	0	0	0	0	0	0	0	0	0	0	
1169	2026-05-08 11:30:10.913	2026-05-08 11:30:25.952	7	0	0	0	0	0	0	0	0	0	0	0	0	
1169	2026-05-08 11:30:25.983	2026-05-08 11:30:26.981	7	0	0	0	0	0	0	0	0	0	0	0	0	
1169	2026-05-08 11:30:27.746	2026-05-08 11:30:28.416	7	0	0	0	0	0	0	0	0	0	0	0	0	
1169	2026-05-08 11:30:29.118	2026-05-08 11:30:29.181	7	0	0	0	0	0	0	0	0	0	0	0	0	
1169	2026-05-08 11:30:29.555	2026-05-08 11:30:30.179	7	0	0	0	0	0	0	0	0	0	0	0	0	
1169	2026-05-08 11:30:30.304	2026-05-08 11:30:30.803	7	0	0	0	0	0	0	0	0	0	0	0	0	
1169	2026-05-08 11:30:31.115	2026-05-08 11:30:31.334	7	0	0	0	0	0	0	0	0	0	0	0	0	
1169	2026-05-08 11:30:31.895	2026-05-08 11:30:32.472	7	0	0	0	0	0	0	0	0	0	0	0	0	
1169	2026-05-08 11:30:32.987	2026-05-08 11:30:35.483	7	0	0	0	0	0	0	0	0	0	0	0	0	
1169	2026-05-08 11:30:35.561	2026-05-08 11:30:37.589	7	0	0	0	0	0	0	0	0	0	0	0	0	
1169	2026-05-08 11:30:37.636	2026-05-08 11:30:42.612	7	0	0	0	0	0	0	0	0	0	0	0	0	
1169	2026-05-08 11:30:43.221	2026-05-08 11:30:43.626	7	0	0	0	0	0	0	0	0	0	0	0	0	
1169	2026-05-08 11:30:43.860	2026-05-08 11:30:44.516	7	0	0	0	0	0	0	0	0	0	0	0	0	
1169	2026-05-08 11:30:44.609	2026-05-08 11:30:44.703	7	0	0	0	0	0	0	0	0	0	0	0	0	
1169	2026-05-08 11:30:44.781	2026-05-08 11:30:44.874	7	0	0	0	0	0	0	0	0	0	0	0	0	
1169	2026-05-08 11:30:44.968	2026-05-08 11:30:47.246	7	0	0	0	0	0	0	0	0	0	0	0	0	
1169	2026-05-08 11:30:49.554	2026-05-08 11:30:49.851	7	0	0	0	0	0	0	0	0	0	0	0	0	
1169	2026-05-08 11:30:49.866	2026-05-08 11:30:50.038	7	0	0	0	0	0	0	0	0	0	0	0	0	
1169	2026-05-08 11:30:50.116	2026-05-08 11:30:50.163	7	0	0	0	0	0	0	0	0	0	0	0	0	
1169	2026-05-08 11:30:50.350	2026-05-08 11:30:50.397	7	0	0	0	0	0	0	0	0	0	0	0	0	
1169	2026-05-08 11:30:50.584	2026-05-08 11:30:50.865	7	0	0	0	0	0	0	0	0	0	0	0	0	
1169	2026-05-08 11:30:50.943	2026-05-08 11:30:52.924	7	0	0	0	0	0	0	0	0	0	0	0	0	
1169	2026-05-08 11:30:53.907	2026-05-08 11:30:54.344	7	0	0	0	0	0	0	0	0	0	0	0	0	
1169	2026-05-08 11:30:56.387	2026-05-08 11:30:56.793	7	0	0	0	0	0	0	0	0	0	0	0	0	
1169	2026-05-08 11:30:56.886	2026-05-08 11:30:56.996	7	0	0	0	0	0	0	0	0	0	0	0	0	
1169	2026-05-08 11:30:57.089	2026-05-08 11:30:57.214	7	0	0	0	0	0	0	0	0	0	0	0	0	
1169	2026-05-08 11:30:57.292	2026-05-08 11:30:57.370	7	0	0	0	0	0	0	0	0	0	0	0	0	
1169	2026-05-08 11:30:58.150	2026-05-08 11:31:28.040	7	0	0	0	0	0	0	0	0	0	0	0	0	
1169	2026-05-08 11:31:30.676	2026-05-08 11:31:34.873	7	0	0	0	0	0	0	0	0	0	0	0	0	
1169	2026-05-08 11:31:35.185	2026-05-08 11:31:35.715	7	0	0	0	0	0	0	0	0	0	0	0	0	
1169	2026-05-08 11:31:36.167	2026-05-08 11:31:39.365	7	0	0	0	0	0	0	0	0	0	0	0	0	
1169	2026-05-08 11:32:09.848	2026-05-08 11:32:09.988	8	0	0	0	0	0	0	0	0	0	0	0	0	
1169	2026-05-08 11:32:10.144	2026-05-08 11:32:10.238	8	0	0	0	0	0	0	0	0	0	0	0	0	
1169	2026-05-08 11:32:14.902	2026-05-08 11:32:15.074	8	0	0	0	0	0	0	0	0	0	0	0	0	
1169	2026-05-08 11:32:15.370	2026-05-08 11:32:46.243	8	0	0	0	0	0	0	0	0	0	0	0	0	
1169	2026-05-08 11:32:46.289	2026-05-08 11:32:46.352	8	0	0	0	0	0	0	0	0	0	0	0	0	
1169	2026-05-08 11:32:46.867	2026-05-08 11:32:46.898	8	0	0	0	0	0	0	0	0	0	0	0	0	
1169	2026-05-08 11:32:48.161	2026-05-08 11:32:48.208	8	0	0	0	0	0	0	0	0	0	0	0	0	
1169	2026-05-08 11:32:48.676	2026-05-08 11:32:48.739	8	0	0	0	0	0	0	0	0	0	0	0	0	
1169	2026-05-08 11:32:49.363	2026-05-08 11:32:49.409	8	0	0	0	0	0	0	0	0	0	0	0	0	
1169	2026-05-08 11:32:52.264	2026-05-08 11:32:52.342	8	0	0	0	0	0	0	0	0	0	0	0	0	
1169	2026-05-08 11:32:53.606	2026-05-08 11:32:53.699	8	0	0	0	0	0	0	0	0	0	0	0	0	
1169	2026-05-08 11:32:57.911	2026-05-08 11:32:58.192	8	0	0	0	0	0	0	0	0	0	0	0	0	
1169	2026-05-08 11:32:58.286	2026-05-08 11:32:59.440	8	0	0	0	0	0	0	0	0	0	0	0	0	
1169	2026-05-08 11:33:14.775	2026-05-08 11:33:14.916	7	0	0	0	0	0	0	0	0	0	0	0	0	
1169	2026-05-08 11:33:15.742	2026-05-08 11:36:15.517	7	0	0	0	0	0	0	0	0	0	0	0	0	
1169	2026-05-08 11:36:15.626	2026-05-08 11:36:15.673	7	0	0	0	0	0	0	0	0	0	0	0	0	
1169	2026-05-08 11:36:15.782	2026-05-08 11:36:16.422	7	0	0	0	0	0	0	0	0	0	0	0	0	
1169	2026-05-08 11:36:28.590	2026-05-08 11:36:28.668	7	0	0	0	0	0	0	0	0	0	0	0	0	
1169	2026-05-08 11:44:47.089	2026-05-08 11:44:48.290	7	0	0	0	0	0	0	0	0	0	0	0	0	
1169	2026-05-08 11:44:48.540	2026-05-08 11:44:48.945	8	0	0	0	0	0	0	0	0	0	0	0	0	
1169	2026-05-08 11:47:05.976	2026-05-08 11:48:12.994	8	0	0	0	0	0	0	0	0	0	0	0	0	
1169	2026-05-08 11:48:20.996	2026-05-08 11:48:21.121	8	0	0	0	0	0	0	0	0	0	0	0	0	
1169	2026-05-08 11:49:00.043	2026-05-08 11:50:13.301	8	0	0	0	0	0	0	0	0	0	0	0	0	
1169	2026-05-08 11:51:05.951	2026-05-08 11:51:05.998	8	0	0	0	0	0	0	0	0	0	0	0	0	
1169	2026-05-08 11:51:06.169	2026-05-08 11:52:35.058	8	0	0	0	0	0	0	0	0	0	0	0	0	
1169	2026-05-08 11:54:52.339	2026-05-08 11:58:27.369	8	0	0	0	0	0	0	0	0	0	0	0	0	
1169	2026-05-08 11:58:31.113	2026-05-08 11:58:31.238	8	0	0	0	0	0	0	0	0	0	0	0	0	
1169	2026-05-08 11:58:31.269	2026-05-08 11:58:31.503	8	0	0	0	0	0	0	0	0	0	0	0	0	
1169	2026-05-08 11:58:33.032	2026-05-08 11:58:33.765	8	0	0	0	0	0	0	0	0	0	0	0	0	
1169	2026-05-08 11:58:35.029	2026-05-08 11:58:35.263	8	0	0	0	0	0	0	0	0	0	0	0	0	
1169	2026-05-08 11:58:35.403	2026-05-08 11:58:35.513	8	0	0	0	0	0	0	0	0	0	0	0	0	
1169	2026-05-08 11:58:36.121	2026-05-08 11:58:36.246	8	0	0	0	0	0	0	0	0	0	0	0	0	
1169	2026-05-08 11:58:41.534	2026-05-08 11:58:52.080	8	0	0	0	0	0	0	0	0	0	0	0	0	
1169	2026-05-08 11:58:52.314	2026-05-08 11:59:23.186	8	0	0	0	0	0	0	0	0	0	0	0	0	
1169	2026-05-08 11:59:23.451	2026-05-08 11:59:23.467	8	0	0	0	0	0	0	0	0	0	0	0	0	
1169	2026-05-08 11:59:23.498	2026-05-08 12:04:52.050	8	0	0	0	0	0	0	0	0	0	0	0	0	
1169	2026-05-08 12:04:53.174	2026-05-08 12:04:53.236	8	0	0	0	0	0	0	0	0	0	0	0	0	
1169	2026-05-08 12:04:53.876	2026-05-08 12:04:53.954	8	0	0	0	0	0	0	0	0	0	0	0	0	
1169	2026-05-08 12:05:33.827	2026-05-08 12:05:35.138	8	0	0	0	0	0	0	0	0	0	0	0	0	
1169	2026-05-08 12:05:35.762	2026-05-08 12:05:37.509	8	0	0	0	0	0	0	0	0	0	0	0	0	
1169	2026-05-08 12:05:38.351	2026-05-08 12:05:56.978	8	0	0	0	0	0	0	0	0	0	0	0	0	
1169	2026-05-08 12:05:57.290	2026-05-08 12:05:57.695	8	0	0	0	0	0	0	0	0	0	0	0	0	
1169	2026-05-08 12:05:58.538	2026-05-08 12:05:58.756	8	0	0	0	0	0	0	0	0	0	0	0	0	
1169	2026-05-08 12:05:59.645	2026-05-08 12:06:00.004	8	0	0	0	0	0	0	0	0	0	0	0	0	
1169	2026-05-08 12:06:02.188	2026-05-08 12:06:02.734	8	0	0	0	0	0	0	0	0	0	0	0	0	
1169	2026-05-08 12:06:05.012	2026-05-08 12:06:05.324	8	0	0	0	0	0	0	0	0	0	0	0	0	
1169	2026-05-08 12:06:07.383	2026-05-08 12:06:07.430	8	0	0	0	0	0	0	0	0	0	0	0	0	
1169	2026-05-08 12:06:07.601	2026-05-08 12:06:07.976	8	0	0	0	0	0	0	0	0	0	0	0	0	
1169	2026-05-08 12:06:09.333	2026-05-08 12:06:09.754	8	0	0	0	0	0	0	0	0	0	0	0	0	
1169	2026-05-08 12:06:12.734	2026-05-08 12:06:13.436	8	0	0	0	0	0	0	0	0	0	0	0	0	
1169	2026-05-08 12:06:33.232	2026-05-08 12:06:34.184	8	0	0	0	0	0	0	0	0	0	0	0	0	
1169	2026-05-08 12:07:03.777	2026-05-08 12:07:04.432	8	0	0	0	0	0	0	0	0	0	0	0	0	
1169	2026-05-08 12:09:04.287	2026-05-08 12:09:04.318	8	0	0	0	0	0	0	0	0	0	0	0	0	
1169	2026-05-08 12:09:04.787	2026-05-08 12:09:05.223	8	0	0	0	0	0	0	0	0	0	0	0	0	
1169	2026-05-08 12:09:05.379	2026-05-08 12:09:05.504	8	0	0	0	0	0	0	0	0	0	0	0	0	
1169	2026-05-08 12:09:05.785	2026-05-08 12:09:05.910	8	0	0	0	0	0	0	0	0	0	0	0	0	
1169	2026-05-08 12:09:06.783	2026-05-08 12:09:08.655	8	0	0	0	0	0	0	0	0	0	0	0	0	
1169	2026-05-08 12:10:20.790	2026-05-08 12:10:21.180	8	0	0	0	0	0	0	0	0	0	0	0	0	
1169	2026-05-08 12:10:21.679	2026-05-08 12:10:21.741	8	0	0	0	0	0	0	0	0	0	0	0	0	
1169	2026-05-08 12:10:21.882	2026-05-08 12:10:21.897	8	0	0	0	0	0	0	0	0	0	0	0	0	
1169	2026-05-08 12:10:26.577	2026-05-08 12:10:26.593	8	0	0	0	0	0	0	0	0	0	0	0	0	
1169	2026-05-08 12:10:26.811	2026-05-08 12:10:28.106	8	0	0	0	0	0	0	0	0	0	0	0	0	
1169	2026-05-08 12:10:28.465	2026-05-08 12:14:50.998	8	0	0	0	0	0	0	0	0	0	0	0	0	
1169	2026-05-08 12:14:51.918	2026-05-08 12:14:52.230	8	0	0	0	0	0	0	0	0	0	0	0	0	
1169	2026-05-08 12:14:58.502	2026-05-08 12:14:58.533	7	0	0	0	0	0	0	0	0	0	0	0	0	
1169	2026-05-08 12:15:02.963	2026-05-08 12:15:03.026	7	0	0	0	0	0	0	0	0	0	0	0	0	
1169	2026-05-08 12:15:03.197	2026-05-08 12:15:04.336	7	0	0	0	0	0	0	0	0	0	0	0	0	
1170	2026-05-08 11:49:09.341	2026-05-08 11:49:12.508	5	0	0	0	0	0	0	0	0	0	0	0	0	
1170	2026-05-08 11:49:34.675	2026-05-08 11:49:37.780	5	0	0	0	0	1	0.0280000008642673	0.2184004	0	0	0	0	0	2026-05-08 11:49:35.502
1170	2026-05-08 11:49:53.036	2026-05-08 11:49:53.068	5	0	0	0	0	0	0	0	0	0	0	0	0	
1170	2026-05-08 11:52:16.089	2026-05-08 11:52:16.136	5	0	0	0	0	0	0	0	0	0	0	0	0	
1170	2026-05-08 11:52:16.354	2026-05-08 11:52:16.401	5	0	0	0	0	0	0	0	0	0	0	0	0	
1170	2026-05-08 11:52:16.619	2026-05-08 11:52:16.900	5	0	0	0	0	0	0	0	0	0	0	0	0	
1170	2026-05-08 11:52:18.990	2026-05-08 11:57:47.823	5	0	0	0	0	0	0	0	0	0	0	0	0	
1170	2026-05-08 11:57:48.011	2026-05-08 11:57:48.213	5	0	0	0	0	0	0	0	0	0	0	0	0	
1170	2026-05-08 11:57:49.976	2026-05-08 12:02:28.421	5	0	0	0	0	0	0	0	0	0	0	0	0	
1170	2026-05-08 12:02:28.842	2026-05-08 12:06:03.920	5	0	0	0	0	0	0	0	0	0	0	0	0	
1170	2026-05-08 12:06:04.216	2026-05-08 12:10:38.184	5	0	0	0	0	0	0	0	0	0	0	0	0	
1170	2026-05-08 12:10:38.402	2026-05-08 12:10:38.621	5	0	0	0	0	0	0	0	0	0	0	0	0	
1170	2026-05-08 12:11:02.894	2026-05-08 12:16:21.306	5	0	0	0	0	0	0	0	0	0	0	0	0	
1170	2026-05-08 12:16:22.882	2026-05-08 12:16:23.771	5	0	0	0	0	0	0	0	0	0	0	0	0	
1170	2026-05-08 12:16:26.174	2026-05-08 12:16:26.454	5	0	0	0	0	0	0	0	0	0	0	0	0	
1170	2026-05-08 12:16:26.548	2026-05-08 12:16:26.907	5	0	0	0	0	0	0	0	0	0	0	0	0	
1170	2026-05-08 12:16:47.515	2026-05-08 12:16:50.447	5	0	0	0	0	0	0	0	0	0	0	0	0	
1170	2026-05-08 12:17:08.216	2026-05-08 12:17:15.392	5	0	0	0	0	0	0	0	0	0	0	0	0	
1170	2026-05-08 12:17:16.827	2026-05-08 12:21:20.609	5	0	0	0	0	0	0	0	0	0	0	0	0	
1170	2026-05-08 12:21:47.534	2026-05-08 12:22:55.394	5	0	0	0	0	0	0	0	0	0	0	0	0	
1170	2026-05-08 12:22:58.046	2026-05-08 12:23:50.041	5	0	0	0	0	0	0	0	0	0	0	0	0	
1170	2026-05-08 12:25:36.995	2026-05-08 12:27:02.982	5	0	0	0	0	0	0	0	0	0	0	0	0	
1173	2026-05-08 12:27:12.077	2026-05-08 12:27:20.829	5	0	0	0	0	21	0.686000000685453	3.7128065	0	0	0	0	0	2026-05-08 12:27:13.013
1171	2026-05-08 12:01:52.697	2026-05-08 12:01:53.134	3	0	0	0	0	0	0	0	0	0	0	0	0	
1171	2026-05-08 12:01:57.003	2026-05-08 12:01:58.079	3	0	0	0	0	1	0.0560000017285347	0.2028004	0	0	0	0	0	2026-05-08 12:01:57.814
1171	2026-05-08 12:02:01.137	2026-05-08 12:02:01.293	3	0	0	0	0	0	0	0	0	0	0	0	0	
1171	2026-05-08 12:02:43.085	2026-05-08 12:02:43.210	3	0	0	0	0	0	0	0	0	0	0	0	0	
1171	2026-05-08 12:02:47.266	2026-05-08 12:02:47.656	4	0	0	0	0	0	0	0	0	0	0	0	0	
1171	2026-05-08 12:02:59.325	2026-05-08 12:03:00.370	3	0	0	0	0	1	0.0560000017285347	0.2184003	0	0	0	0	0	2026-05-08 12:03:00.027
1171	2026-05-08 12:03:03.490	2026-05-08 12:03:07.546	4	0	0	0	0	12	0.587999999523163	1.7628031	0	0	0	0	0	2026-05-08 12:03:04.613
1171	2026-05-08 12:04:34.032	2026-05-08 12:04:34.407	4	0	0	0	0	0	0	0	0	0	0	0	0	
1171	2026-05-08 12:05:57.274	2026-05-08 12:05:58.397	3	0	0	0	0	0	0	0	0	0	0	0	0	
1171	2026-05-08 12:05:58.444	2026-05-08 12:05:58.569	3	0	0	0	0	0	0	0	0	0	0	0	0	
1171	2026-05-08 12:06:02.750	2026-05-08 12:06:02.890	3	0	0	0	0	0	0	0	0	0	0	0	0	
1171	2026-05-08 12:06:03.311	2026-05-08 12:06:03.452	3	0	0	0	0	0	0	0	0	0	0	0	0	
1171	2026-05-08 12:06:04.435	2026-05-08 12:06:04.637	3	0	0	0	0	0	0	0	0	0	0	0	0	
1171	2026-05-08 12:06:04.715	2026-05-08 12:06:13.217	3	0	0	0	0	0	0	0	0	0	0	0	0	
1171	2026-05-08 12:06:14.387	2026-05-08 12:06:14.512	3	0	0	0	0	0	0	0	0	0	0	0	0	
1171	2026-05-08 12:06:14.731	2026-05-08 12:06:15.058	3	0	0	0	0	0	0	0	0	0	0	0	0	
1171	2026-05-08 12:06:15.292	2026-05-08 12:06:15.495	3	0	0	0	0	0	0	0	0	0	0	0	0	
1171	2026-05-08 12:06:15.573	2026-05-08 12:06:15.698	3	0	0	0	0	0	0	0	0	0	0	0	0	
1171	2026-05-08 12:06:15.760	2026-05-08 12:06:16.400	3	0	0	0	0	0	0	0	0	0	0	0	0	
1171	2026-05-08 12:06:16.525	2026-05-08 12:06:28.552	3	0	0	0	0	0	0	0	0	0	0	0	0	
1171	2026-05-08 12:06:31.033	2026-05-08 12:06:31.313	3	0	0	0	0	0	0	0	0	0	0	0	0	
1171	2026-05-08 12:06:38.209	2026-05-08 12:06:40.283	3	0	0	0	0	0	0	0	0	0	0	0	0	
1171	2026-05-08 12:06:42.842	2026-05-08 12:06:49.706	3	0	0	0	0	0	0	0	0	0	0	0	0	
1171	2026-05-08 12:06:51.406	2026-05-08 12:06:53.419	3	0	0	0	0	0	0	0	0	0	0	0	0	
1171	2026-05-08 12:06:54.011	2026-05-08 12:06:57.241	3	0	0	0	0	0	0	0	0	0	0	0	0	
1171	2026-05-08 12:07:07.115	2026-05-08 12:07:08.519	3	0	0	0	0	0	0	0	0	0	0	0	0	
1171	2026-05-08 12:07:12.420	2026-05-08 12:07:13.855	3	0	0	0	0	0	0	0	0	0	0	0	0	
1171	2026-05-08 12:07:19.845	2026-05-08 12:07:19.939	3	0	0	0	0	0	0	0	0	0	0	0	0	
1171	2026-05-08 12:07:20.578	2026-05-08 12:07:21.265	3	0	0	0	0	0	0	0	0	0	0	0	0	
1171	2026-05-08 12:07:27.068	2026-05-08 12:07:28.160	3	0	0	0	0	0	0	0	0	0	0	0	0	
1171	2026-05-08 12:07:40.406	2026-05-08 12:07:40.671	3	0	0	0	0	0	0	0	0	0	0	0	0	
1171	2026-05-08 12:07:41.217	2026-05-08 12:07:42.169	3	0	0	0	0	0	0	0	0	0	0	0	0	
1171	2026-05-08 12:07:42.481	2026-05-08 12:07:44.961	3	0	0	0	0	0	0	0	0	0	0	0	0	
1171	2026-05-08 12:07:47.598	2026-05-08 12:07:47.629	4	0	0	0	0	0	0	0	0	0	0	0	0	
1171	2026-05-08 12:07:47.800	2026-05-08 12:07:48.175	4	0	0	0	0	0	0	0	0	0	0	0	0	
1171	2026-05-08 12:08:01.700	2026-05-08 12:08:04.165	3	0	0	0	0	0	0	0	0	0	0	0	0	
1171	2026-05-08 12:08:05.335	2026-05-08 12:08:07.082	3	0	0	0	0	0	0	0	0	0	0	0	0	
1171	2026-05-08 12:08:09.001	2026-05-08 12:08:09.406	3	0	0	0	0	0	0	0	0	0	0	0	0	
1171	2026-05-08 12:08:09.438	2026-05-08 12:08:09.547	3	0	0	0	0	0	0	0	0	0	0	0	0	
1171	2026-05-08 12:08:09.672	2026-05-08 12:08:09.703	3	0	0	0	0	0	0	0	0	0	0	0	0	
1171	2026-05-08 12:08:11.185	2026-05-08 12:08:15.194	3	0	0	0	0	0	0	0	0	0	0	0	0	
1171	2026-05-08 12:08:15.225	2026-05-08 12:08:15.272	3	0	0	0	0	0	0	0	0	0	0	0	0	
1171	2026-05-08 12:08:15.849	2026-05-08 12:08:15.912	3	0	0	0	0	0	0	0	0	0	0	0	0	
1171	2026-05-08 12:08:17.144	2026-05-08 12:08:20.607	3	0	0	0	0	0	0	0	0	0	0	0	0	
1171	2026-05-08 12:08:20.654	2026-05-08 12:08:21.543	3	0	0	0	0	0	0	0	0	0	0	0	0	
1171	2026-05-08 12:08:23.259	2026-05-08 12:08:23.712	3	0	0	0	0	0	0	0	0	0	0	0	0	
1171	2026-05-08 12:08:23.946	2026-05-08 12:08:27.705	3	0	0	0	0	0	0	0	0	0	0	0	0	
1171	2026-05-08 12:08:28.766	2026-05-08 12:08:28.906	3	0	0	0	0	0	0	0	0	0	0	0	0	
1171	2026-05-08 12:08:29.608	2026-05-08 12:08:31.668	3	0	0	0	0	0	0	0	0	0	0	0	0	
1171	2026-05-08 12:08:32.338	2026-05-08 12:08:34.335	3	0	0	0	0	0	0	0	0	0	0	0	0	
1171	2026-05-08 12:08:34.398	2026-05-08 12:08:36.925	3	0	0	0	0	0	0	0	0	0	0	0	0	
1171	2026-05-08 12:08:38.766	2026-05-08 12:08:43.602	3	0	0	0	0	0	0	0	0	0	0	0	0	
1171	2026-05-08 12:08:44.928	2026-05-08 12:08:56.035	3	0	0	0	0	0	0	0	0	0	0	0	0	
1171	2026-05-08 12:08:57.392	2026-05-08 12:08:58.562	3	0	0	0	0	0	0	0	0	0	0	0	0	
1171	2026-05-08 12:08:58.609	2026-05-08 12:08:58.718	3	0	0	0	0	0	0	0	0	0	0	0	0	
1171	2026-05-08 12:08:58.780	2026-05-08 12:08:58.905	3	0	0	0	0	0	0	0	0	0	0	0	0	
1171	2026-05-08 12:08:58.936	2026-05-08 12:09:01.292	3	0	0	0	0	0	0	0	0	0	0	0	0	
1171	2026-05-08 12:09:03.523	2026-05-08 12:09:06.659	3	0	0	0	0	0	0	0	0	0	0	0	0	
1171	2026-05-08 12:09:06.690	2026-05-08 12:09:06.799	3	0	0	0	0	0	0	0	0	0	0	0	0	
1171	2026-05-08 12:09:06.846	2026-05-08 12:09:06.955	3	0	0	0	0	0	0	0	0	0	0	0	0	
1171	2026-05-08 12:09:09.669	2026-05-08 12:09:10.387	3	0	0	0	0	0	0	0	0	0	0	0	0	
1171	2026-05-08 12:09:10.418	2026-05-08 12:09:45.659	3	0	0	0	0	0	0	0	0	0	0	0	0	
1171	2026-05-08 12:09:45.690	2026-05-08 12:09:46.485	3	0	0	0	0	0	0	0	0	0	0	0	0	
1171	2026-05-08 12:09:47.172	2026-05-08 12:09:53.271	3	0	0	0	0	0	0	0	0	0	0	0	0	
1171	2026-05-08 12:09:53.615	2026-05-08 12:09:54.239	3	0	0	0	0	0	0	0	0	0	0	0	0	
1171	2026-05-08 12:09:54.301	2026-05-08 12:09:54.395	3	0	0	0	0	0	0	0	0	0	0	0	0	
1171	2026-05-08 12:09:54.473	2026-05-08 12:09:54.535	3	0	0	0	0	0	0	0	0	0	0	0	0	
1171	2026-05-08 12:09:57.062	2026-05-08 12:09:57.125	3	0	0	0	0	0	0	0	0	0	0	0	0	
1171	2026-05-08 12:09:57.203	2026-05-08 12:09:58.622	3	0	0	0	0	0	0	0	0	0	0	0	0	
1171	2026-05-08 12:09:59.371	2026-05-08 12:09:59.511	3	0	0	0	0	0	0	0	0	0	0	0	0	
1171	2026-05-08 12:09:59.558	2026-05-08 12:09:59.667	3	0	0	0	0	0	0	0	0	0	0	0	0	
1171	2026-05-08 12:10:01.477	2026-05-08 12:10:01.789	3	0	0	0	0	0	0	0	0	0	0	0	0	
1171	2026-05-08 12:10:03.162	2026-05-08 12:10:06.828	3	0	0	0	0	0	0	0	0	0	0	0	0	
1171	2026-05-08 12:10:07.265	2026-05-08 12:10:07.421	3	0	0	0	0	0	0	0	0	0	0	0	0	
1171	2026-05-08 12:10:11.461	2026-05-08 12:10:13.224	3	0	0	0	0	0	0	0	0	0	0	0	0	
1171	2026-05-08 12:10:14.409	2026-05-08 12:10:14.550	3	0	0	0	0	0	0	0	0	0	0	0	0	
1171	2026-05-08 12:10:15.813	2026-05-08 12:10:16.406	3	0	0	0	0	0	0	0	0	0	0	0	0	
1171	2026-05-08 12:10:26.983	2026-05-08 12:10:28.730	3	0	0	0	0	0	0	0	0	0	0	0	0	
1171	2026-05-08 12:10:32.989	2026-05-08 12:10:33.114	3	0	0	0	0	0	0	0	0	0	0	0	0	
1171	2026-05-08 12:10:33.145	2026-05-08 12:10:33.239	3	0	0	0	0	0	0	0	0	0	0	0	0	
1171	2026-05-08 12:10:34.190	2026-05-08 12:10:34.549	3	0	0	0	0	0	0	0	0	0	0	0	0	
1171	2026-05-08 12:10:35.532	2026-05-08 12:10:35.547	3	0	0	0	0	0	0	0	0	0	0	0	0	
1171	2026-05-08 12:10:38.627	2026-05-08 12:10:38.636	3	0	0	0	0	0	0	0	0	0	0	0	0	
1171	2026-05-08 12:10:38.777	2026-05-08 12:10:38.995	3	0	0	0	0	0	0	0	0	0	0	0	0	
1171	2026-05-08 12:10:41.444	2026-05-08 12:10:41.460	3	0	0	0	0	0	0	0	0	0	0	0	0	
1171	2026-05-08 12:10:41.491	2026-05-08 12:10:41.538	3	0	0	0	0	0	0	0	0	0	0	0	0	
1171	2026-05-08 12:10:42.678	2026-05-08 12:10:42.692	3	0	0	0	0	0	0	0	0	0	0	0	0	
1171	2026-05-08 12:10:46.062	2026-05-08 12:10:46.249	3	0	0	0	0	0	0	0	0	0	0	0	0	
1171	2026-05-08 12:10:50.445	2026-05-08 12:10:50.461	3	0	0	0	0	0	0	0	0	0	0	0	0	
1171	2026-05-08 12:11:02.848	2026-05-08 12:11:02.941	3	0	0	0	0	0	0	0	0	0	0	0	0	
1171	2026-05-08 12:11:06.576	2026-05-08 12:11:06.592	3	0	0	0	0	0	0	0	0	0	0	0	0	
1171	2026-05-08 12:11:06.701	2026-05-08 12:11:06.763	3	0	0	0	0	0	0	0	0	0	0	0	0	
1171	2026-05-08 12:11:06.950	2026-05-08 12:11:06.966	3	0	0	0	0	0	0	0	0	0	0	0	0	
1171	2026-05-08 12:11:07.231	2026-05-08 12:11:07.294	3	0	0	0	0	0	0	0	0	0	0	0	0	
1171	2026-05-08 12:11:30.491	2026-05-08 12:11:31.099	3	0	0	0	0	0	0	0	0	0	0	0	0	
1171	2026-05-08 12:11:36.076	2026-05-08 12:11:36.388	3	0	0	0	0	0	0	0	0	0	0	0	0	
1171	2026-05-08 12:11:37.979	2026-05-08 12:11:38.010	3	0	0	0	0	0	0	0	0	0	0	0	0	
1171	2026-05-08 12:11:38.806	2026-05-08 12:11:39.679	3	0	0	0	0	0	0	0	0	0	0	0	0	
1171	2026-05-08 12:11:40.475	2026-05-08 12:11:41.848	3	0	0	0	0	0	0	0	0	0	0	0	0	
1171	2026-05-08 12:11:42.409	2026-05-08 12:11:42.986	3	0	0	0	0	0	0	0	0	0	0	0	0	
1171	2026-05-08 12:11:43.158	2026-05-08 12:11:43.220	3	0	0	0	0	0	0	0	0	0	0	0	0	
1171	2026-05-08 12:11:43.392	2026-05-08 12:11:43.688	3	0	0	0	0	0	0	0	0	0	0	0	0	
1171	2026-05-08 12:11:45.498	2026-05-08 12:11:47.651	3	0	0	0	0	0	0	0	0	0	0	0	0	
1171	2026-05-08 12:12:01.940	2026-05-08 12:12:01.972	3	0	0	0	0	0	0	0	0	0	0	0	0	
1171	2026-05-08 12:13:51.624	2026-05-08 12:13:51.671	3	0	0	0	0	0	0	0	0	0	0	0	0	
1171	2026-05-08 12:13:51.811	2026-05-08 12:13:52.061	3	0	0	0	0	0	0	0	0	0	0	0	0	
1171	2026-05-08 12:13:52.092	2026-05-08 12:13:52.248	3	0	0	0	0	0	0	0	0	0	0	0	0	
1171	2026-05-08 12:13:52.342	2026-05-08 12:13:52.404	3	0	0	0	0	0	0	0	0	0	0	0	0	
1171	2026-05-08 12:13:52.482	2026-05-08 12:13:53.200	3	0	0	0	0	0	0	0	0	0	0	0	0	
1171	2026-05-08 12:13:53.262	2026-05-08 12:13:53.356	3	0	0	0	0	0	0	0	0	0	0	0	0	
1171	2026-05-08 12:13:53.403	2026-05-08 12:13:53.559	3	0	0	0	0	0	0	0	0	0	0	0	0	
1171	2026-05-08 12:13:53.605	2026-05-08 12:13:55.321	3	0	0	0	0	0	0	0	0	0	0	0	0	
1171	2026-05-08 12:13:55.353	2026-05-08 12:13:55.555	3	0	0	0	0	0	0	0	0	0	0	0	0	
1171	2026-05-08 12:13:55.602	2026-05-08 12:13:56.023	3	0	0	0	0	0	0	0	0	0	0	0	0	
1171	2026-05-08 12:13:58.270	2026-05-08 12:13:58.395	3	0	0	0	0	0	0	0	0	0	0	0	0	
1171	2026-05-08 12:13:58.488	2026-05-08 12:13:58.941	3	0	0	0	0	0	0	0	0	0	0	0	0	
1171	2026-05-08 12:13:59.019	2026-05-08 12:13:59.143	3	0	0	0	0	0	0	0	0	0	0	0	0	
1171	2026-05-08 12:13:59.237	2026-05-08 12:13:59.362	3	0	0	0	0	0	0	0	0	0	0	0	0	
1171	2026-05-08 12:13:59.565	2026-05-08 12:13:59.596	3	0	0	0	0	0	0	0	0	0	0	0	0	
1171	2026-05-08 12:13:59.767	2026-05-08 12:13:59.877	3	0	0	0	0	0	0	0	0	0	0	0	0	
1171	2026-05-08 12:13:59.908	2026-05-08 12:14:00.033	3	0	0	0	0	0	0	0	0	0	0	0	0	
1171	2026-05-08 12:14:00.142	2026-05-08 12:14:00.235	3	0	0	0	0	0	0	0	0	0	0	0	0	
1171	2026-05-08 12:14:00.345	2026-05-08 12:14:00.688	3	0	0	0	0	0	0	0	0	0	0	0	0	
1171	2026-05-08 12:14:05.851	2026-05-08 12:14:05.898	3	0	0	0	0	0	0	0	0	0	0	0	0	
1171	2026-05-08 12:14:06.460	2026-05-08 12:14:07.287	3	0	0	0	0	0	0	0	0	0	0	0	0	
1171	2026-05-08 12:14:07.349	2026-05-08 12:14:07.489	3	0	0	0	0	0	0	0	0	0	0	0	0	
1171	2026-05-08 12:14:07.567	2026-05-08 12:14:07.677	3	0	0	0	0	0	0	0	0	0	0	0	0	
1171	2026-05-08 12:14:07.817	2026-05-08 12:14:07.926	3	0	0	0	0	0	0	0	0	0	0	0	0	
1171	2026-05-08 12:14:08.051	2026-05-08 12:14:08.191	3	0	0	0	0	0	0	0	0	0	0	0	0	
1171	2026-05-08 12:14:08.285	2026-05-08 12:14:08.410	3	0	0	0	0	0	0	0	0	0	0	0	0	
1171	2026-05-08 12:14:08.535	2026-05-08 12:14:08.644	3	0	0	0	0	0	0	0	0	0	0	0	0	
1171	2026-05-08 12:14:08.737	2026-05-08 12:14:08.878	3	0	0	0	0	0	0	0	0	0	0	0	0	
1171	2026-05-08 12:14:08.940	2026-05-08 12:14:09.112	3	0	0	0	0	0	0	0	0	0	0	0	0	
1171	2026-05-08 12:14:09.143	2026-05-08 12:14:10.079	3	0	0	0	0	0	0	0	0	0	0	0	0	
1171	2026-05-08 12:14:10.110	2026-05-08 12:14:10.219	3	0	0	0	0	0	0	0	0	0	0	0	0	
1171	2026-05-08 12:14:43.603	2026-05-08 12:14:43.635	3	0	0	0	0	0	0	0	0	0	0	0	0	
1171	2026-05-08 12:14:43.775	2026-05-08 12:14:43.853	3	0	0	0	0	0	0	0	0	0	0	0	0	
1171	2026-05-08 12:14:43.962	2026-05-08 12:14:45.663	3	0	0	0	0	0	0	0	0	0	0	0	0	
1171	2026-05-08 12:14:45.741	2026-05-08 12:14:45.881	3	0	0	0	0	0	0	0	0	0	0	0	0	
1171	2026-05-08 12:14:45.959	2026-05-08 12:14:46.115	3	0	0	0	0	0	0	0	0	0	0	0	0	
1171	2026-05-08 12:14:46.209	2026-05-08 12:14:46.349	3	0	0	0	0	0	0	0	0	0	0	0	0	
1171	2026-05-08 12:14:46.412	2026-05-08 12:14:46.505	3	0	0	0	0	0	0	0	0	0	0	0	0	
1171	2026-05-08 12:14:46.614	2026-05-08 12:14:46.661	3	0	0	0	0	0	0	0	0	0	0	0	0	
1171	2026-05-08 12:14:48.268	2026-05-08 12:14:48.299	3	0	0	0	0	0	0	0	0	0	0	0	0	
1171	2026-05-08 12:14:48.674	2026-05-08 12:14:48.861	3	0	0	0	0	0	0	0	0	0	0	0	0	
1171	2026-05-08 12:14:49.610	2026-05-08 12:14:49.719	3	0	0	0	0	0	0	0	0	0	0	0	0	
1171	2026-05-08 12:14:49.750	2026-05-08 12:14:49.812	3	0	0	0	0	0	0	0	0	0	0	0	0	
1171	2026-05-08 12:14:51.326	2026-05-08 12:14:51.419	3	0	0	0	0	0	0	0	0	0	0	0	0	
1171	2026-05-08 12:14:51.528	2026-05-08 12:14:51.669	3	0	0	0	0	0	0	0	0	0	0	0	0	
1171	2026-05-08 12:14:51.731	2026-05-08 12:14:51.778	3	0	0	0	0	0	0	0	0	0	0	0	0	
1171	2026-05-08 12:14:51.825	2026-05-08 12:14:51.996	3	0	0	0	0	0	0	0	0	0	0	0	0	
1171	2026-05-08 12:14:52.043	2026-05-08 12:14:52.059	3	0	0	0	0	0	0	0	0	0	0	0	0	
1171	2026-05-08 12:14:52.074	2026-05-08 12:14:52.277	3	0	0	0	0	0	0	0	0	0	0	0	0	
1171	2026-05-08 12:14:52.355	2026-05-08 12:14:52.480	3	0	0	0	0	0	0	0	0	0	0	0	0	
1171	2026-05-08 12:14:52.589	2026-05-08 12:14:52.730	3	0	0	0	0	0	0	0	0	0	0	0	0	
1171	2026-05-08 12:14:52.854	2026-05-08 12:14:52.932	3	0	0	0	0	0	0	0	0	0	0	0	0	
1171	2026-05-08 12:14:55.054	2026-05-08 12:14:55.132	3	0	0	0	0	0	0	0	0	0	0	0	0	
1171	2026-05-08 12:14:55.647	2026-05-08 12:14:55.818	3	0	0	0	0	0	0	0	0	0	0	0	0	
1171	2026-05-08 12:15:01.559	2026-05-08 12:15:01.653	3	0	0	0	0	0	0	0	0	0	0	0	0	
1171	2026-05-08 12:15:26.660	2026-05-08 12:15:27.720	3	0	0	0	0	1	0.209999993443489	0.3900007	0	0	0	0	0	2026-05-08 12:15:27.330
1171	2026-05-08 12:15:27.908	2026-05-08 12:15:35.271	3	0	0	0	0	1	0.0700000002980232	0.2808005	0	0	0	0	0	2026-05-08 12:15:31.683
1171	2026-05-08 12:16:24.426	2026-05-08 12:16:26.018	4	0	0	0	0	0	0	0	0	0	0	0	0	
1171	2026-05-08 12:26:15.215	2026-05-08 12:26:15.293	3	0	0	0	0	0	0	0	0	0	0	0	0	
1171	2026-05-08 12:26:15.418	2026-05-08 12:26:15.839	3	0	0	0	0	0	0	0	0	0	0	0	0	
1171	2026-05-08 12:26:15.917	2026-05-08 12:26:16.354	3	0	0	0	0	0	0	0	0	0	0	0	0	
1171	2026-05-08 12:26:17.789	2026-05-08 12:26:17.992	3	0	0	0	0	0	0	0	0	0	0	0	0	
1171	2026-05-08 12:26:23.078	2026-05-08 12:26:23.327	3	0	0	0	0	0	0	0	0	0	0	0	0	
1171	2026-05-08 12:26:38.740	2026-05-08 12:26:40.206	3	0	0	0	0	0	0	0	0	0	0	0	0	
1171	2026-05-08 12:26:50.300	2026-05-08 12:26:51.719	4	0	0	0	0	0	0	0	0	0	0	0	0	
1168	2026-05-08 11:20:40.233	2026-05-08 11:20:40.529	2	0	0	0	0	0	0	0	0	0	0	0	0	
1168	2026-05-08 11:20:41.793	2026-05-08 11:20:43.197	2	0	0	0	0	0	0	0	0	0	0	0	0	
1168	2026-05-08 11:20:44.164	2026-05-08 11:20:44.273	2	0	0	0	0	0	0	0	0	0	0	0	0	
1168	2026-05-08 11:20:44.367	2026-05-08 11:20:44.788	2	0	0	0	0	0	0	0	0	0	0	0	0	
1168	2026-05-08 11:20:47.565	2026-05-08 11:20:47.612	2	0	0	0	0	0	0	0	0	0	0	0	0	
1168	2026-05-08 11:25:06.355	2026-05-08 11:25:06.369	2	0	0	0	0	0	0	0	0	0	0	0	0	
1168	2026-05-08 11:25:06.681	2026-05-08 11:25:06.759	2	0	0	0	0	0	0	0	0	0	0	0	0	
1168	2026-05-08 11:25:07.040	2026-05-08 11:25:07.087	2	0	0	0	0	0	0	0	0	0	0	0	0	
1168	2026-05-08 11:25:07.415	2026-05-08 11:25:07.430	2	0	0	0	0	0	0	0	0	0	0	0	0	
1168	2026-05-08 11:27:02.090	2026-05-08 11:27:02.262	2	0	0	0	0	0	0	0	0	0	0	0	0	
1168	2026-05-08 11:27:26.817	2026-05-08 11:27:26.863	2	0	0	0	0	0	0	0	0	0	0	0	0	
1168	2026-05-08 11:27:26.957	2026-05-08 11:27:27.175	2	0	0	0	0	0	0	0	0	0	0	0	0	
1168	2026-05-08 11:27:56.067	2026-05-08 11:27:56.191	2	0	0	0	0	0	0	0	0	0	0	0	0	
1168	2026-05-08 11:27:56.238	2026-05-08 11:27:59.530	2	0	0	0	0	6	0.209999993443489	0.8424015	0	0	0	0	0	2026-05-08 11:27:56.550
1168	2026-05-08 11:28:18.390	2026-05-08 11:28:18.671	2	0	0	0	0	0	0	0	0	0	0	0	0	
1168	2026-05-08 11:28:58.872	2026-05-08 11:28:59.044	2	0	0	0	0	0	0	0	0	0	0	0	0	
1168	2026-05-08 11:30:24.860	2026-05-08 11:30:24.922	1	0	0	0	0	0	0	0	0	0	0	0	0	
1168	2026-05-08 11:30:27.933	2026-05-08 11:30:28.026	1	0	0	0	0	0	0	0	0	0	0	0	0	
1168	2026-05-08 11:30:32.301	2026-05-08 11:30:32.363	1	0	0	0	0	0	0	0	0	0	0	0	0	
1168	2026-05-08 11:30:32.613	2026-05-08 11:30:32.644	1	0	0	0	0	0	0	0	0	0	0	0	0	
1168	2026-05-08 11:30:33.720	2026-05-08 11:30:33.845	1	0	0	0	0	0	0	0	0	0	0	0	0	
1168	2026-05-08 11:30:36.092	2026-05-08 11:30:36.185	1	0	0	0	0	0	0	0	0	0	0	0	0	
1168	2026-05-08 11:30:37.808	2026-05-08 11:30:38.026	1	0	0	0	0	0	0	0	0	0	0	0	0	
1168	2026-05-08 11:37:34.765	2026-05-08 11:37:34.937	2	0	0	0	0	0	0	0	0	0	0	0	0	
1168	2026-05-08 11:37:36.372	2026-05-08 11:37:36.481	2	0	0	0	0	0	0	0	0	0	0	0	0	
1168	2026-05-08 11:38:39.895	2026-05-08 11:39:56.897	2	0	0	0	0	0	0	0	0	0	0	0	0	
1168	2026-05-08 11:40:38.128	2026-05-08 11:40:38.144	2	0	0	0	0	0	0	0	0	0	0	0	0	
1168	2026-05-08 11:40:51.029	2026-05-08 11:47:53.010	2	0	0	0	0	0	0	0	0	0	0	0	0	
1168	2026-05-08 11:50:00.634	2026-05-08 11:55:49.794	2	0	0	0	0	0	0	0	0	0	0	0	0	
1168	2026-05-08 11:55:50.948	2026-05-08 12:04:52.877	2	0	0	0	0	0	0	0	0	0	0	0	0	
1168	2026-05-08 12:04:53.189	2026-05-08 12:04:53.470	2	0	0	0	0	0	0	0	0	0	0	0	0	
1168	2026-05-08 12:06:10.503	2026-05-08 12:06:10.612	1	0	0	0	0	0	0	0	0	0	0	0	0	
1168	2026-05-08 12:28:12.091	2026-05-08 12:28:14.041	2	0	0	0	0	0	0	0	0	0	0	0	0	
1168	2026-05-08 12:28:43.509	2026-05-08 12:28:43.774	1	0	0	0	0	0	0	0	0	0	0	0	0	
1168	2026-05-08 12:28:36.146	2026-05-08 12:28:48.907	2	0	0	0	0	0	0	0	0	0	0	0	0	
1168	2026-05-08 12:28:43.915	2026-05-08 12:28:49.406	1	0	0	0	0	8	0.112000003457069	1.7634033	0	0	0	0	0	2026-05-08 12:28:45.194
1168	2026-05-08 12:28:49.515	2026-05-08 12:28:50.170	1	0	0	0	0	0	0	0	0	0	0	0	0	
1168	2026-05-08 12:28:52.604	2026-05-08 12:28:52.791	2	0	0	0	0	0	0	0	0	0	0	0	0	
1168	2026-05-08 12:28:52.978	2026-05-08 12:28:53.056	2	0	0	0	0	0	0	0	0	0	0	0	0	
1168	2026-05-08 12:28:59.203	2026-05-08 12:29:03.040	1	0	0	0	0	0	0	0	0	0	0	0	0	
1168	2026-05-08 12:29:04.928	2026-05-08 12:29:10.185	2	0	0	0	0	7	0.112000003457069	1.4040025	0	0	0	0	0	2026-05-08 12:29:06.129
1168	2026-05-08 12:29:10.481	2026-05-08 12:29:10.622	2	0	0	0	0	0	0	0	0	0	0	0	0	
1168	2026-05-08 12:29:15.333	2026-05-08 12:29:15.458	2	0	0	0	0	0	0	0	0	0	0	0	0	
1168	2026-05-08 12:29:15.489	2026-05-08 12:29:15.598	2	0	0	0	0	0	0	0	0	0	0	0	0	
1177	2026-05-08 12:37:54.221	2026-05-08 12:38:07.731	2	0	0	0	0	19	0.294000009074807	3.7284063	0	0	0	0	0	2026-05-08 12:37:55.360
1177	2026-05-08 12:38:09.010	2026-05-08 12:38:11.943	2	0	0	0	0	0	0	0	0	0	0	0	0	
1177	2026-05-08 12:38:12.458	2026-05-08 12:38:12.614	2	0	0	0	0	0	0	0	0	0	0	0	0	
1177	2026-05-08 12:38:12.941	2026-05-08 12:38:13.191	2	0	0	0	0	0	0	0	0	0	0	0	0	
1177	2026-05-08 12:38:13.550	2026-05-08 12:38:13.690	2	0	0	0	0	0	0	0	0	0	0	0	0	
1177	2026-05-08 12:38:13.706	2026-05-08 12:38:13.815	2	0	0	0	0	0	0	0	0	0	0	0	0	
1177	2026-05-08 12:38:13.893	2026-05-08 12:38:13.955	2	0	0	0	0	0	0	0	0	0	0	0	0	
1177	2026-05-08 12:38:14.236	2026-05-08 12:38:14.470	2	0	0	0	0	0	0	0	0	0	0	0	0	
1177	2026-05-08 12:38:22.332	2026-05-08 12:38:24.298	2	0	0	0	0	0	0	0	0	0	0	0	0	
1176	2026-05-08 12:37:08.903	2026-05-08 12:37:08.950	6	0	0	0	0	0	0	0	0	0	0	0	0	
1176	2026-05-08 12:37:11.181	2026-05-08 12:37:16.921	6	0	0	0	0	0	0	0	0	0	0	0	0	
1176	2026-05-08 12:37:17.249	2026-05-08 12:37:23.239	6	0	0	0	0	0	0	0	0	0	0	0	0	
1176	2026-05-08 12:38:22.691	2026-05-08 12:38:22.863	6	0	0	0	0	0	0	0	0	0	0	0	0	
1176	2026-05-08 12:38:23.409	2026-05-08 12:38:23.596	6	0	0	0	0	0	0	0	0	0	0	0	0	
1176	2026-05-08 12:38:24.158	2026-05-08 12:38:25.094	6	0	0	0	0	0	0	0	0	0	0	0	0	
1176	2026-05-08 12:38:25.140	2026-05-08 12:38:25.265	6	0	0	0	0	0	0	0	0	0	0	0	0	
1176	2026-05-08 12:38:25.552	2026-05-08 12:38:25.640	6	0	0	0	0	0	0	0	0	0	0	0	0	
1176	2026-05-08 12:38:25.702	2026-05-08 12:38:26.123	6	0	0	0	0	0	0	0	0	0	0	0	0	
1176	2026-05-08 12:38:26.560	2026-05-08 12:38:26.638	6	0	0	0	0	0	0	0	0	0	0	0	0	
1176	2026-05-08 12:38:37.293	2026-05-08 12:38:38.962	6	0	0	0	0	1	0.0979999974370003	0.2808005	0	0	0	0	0	2026-05-08 12:38:38.634
1176	2026-05-08 12:38:49.719	2026-05-08 12:38:50.397	5	0	0	0	0	0	0	0	0	0	0	0	0	
1178	2026-05-08 12:38:46.263	2026-05-08 12:38:46.450	2	0	0	0	0	0	0	0	0	0	0	0	0	
1178	2026-05-08 12:38:48.837	2026-05-08 12:38:49.726	1	0	0	0	0	0	0	0	0	0	0	0	0	
1178	2026-05-08 12:41:21.452	2026-05-08 12:41:22.638	1	0	0	0	0	0	0	0	0	0	0	0	0	
1178	2026-05-08 12:41:23.308	2026-05-08 12:41:23.761	1	0	0	0	0	0	0	0	0	0	0	0	0	
1178	2026-05-08 12:42:44.694	2026-05-08 12:42:44.725	1	0	0	0	0	0	0	0	0	0	0	0	0	
1178	2026-05-08 12:42:44.772	2026-05-08 12:42:44.896	1	0	0	0	0	0	0	0	0	0	0	0	0	
1178	2026-05-08 12:44:40.789	2026-05-08 12:44:43.862	2	0	0	0	0	15	0.657999996095896	2.355604	0	0	0	0	0	2026-05-08 12:44:41.226
1178	2026-05-08 12:44:43.940	2026-05-08 12:44:46.811	2	0	0	0	0	0	0	0	0	0	0	0	0	
1178	2026-05-08 12:46:17.041	2026-05-08 12:46:19.054	2	0	0	0	0	0	0	0	0	0	0	0	0	
1178	2026-05-08 12:47:34.074	2026-05-08 12:47:34.230	2	0	0	0	0	0	0	0	0	0	0	0	0	
1178	2026-05-08 12:48:09.283	2026-05-08 12:48:09.315	2	0	0	0	0	0	0	0	0	0	0	0	0	
1180	2026-05-08 12:50:04.989	2026-05-08 12:50:05.504	1	0	0	0	0	0	0	0	0	0	0	0	0	
1180	2026-05-08 12:50:11.416	2026-05-08 12:50:11.541	2	0	0	0	0	0	0	0	0	0	0	0	0	
1180	2026-05-08 12:50:09.482	2026-05-08 12:50:11.634	1	0	0	0	0	0	0	0	0	0	0	0	0	
1180	2026-05-08 12:50:11.900	2026-05-08 12:50:12.212	1	0	0	0	0	0	0	0	0	0	0	0	0	
1180	2026-05-08 12:50:11.619	2026-05-08 12:50:12.352	2	0	0	0	0	0	0	0	0	0	0	0	0	
1175	2026-05-08 12:33:16.681	2026-05-08 12:33:49.644	3	0	0	0	0	0	0	0	0	0	0	0	0	
1175	2026-05-08 12:33:49.784	2026-05-08 12:33:50.798	3	0	0	0	0	0	0	0	0	0	0	0	0	
1175	2026-05-08 12:33:51.329	2026-05-08 12:33:52.093	4	0	0	0	0	0	0	0	0	0	0	0	0	
1175	2026-05-08 12:33:52.421	2026-05-08 12:37:58.137	4	0	0	0	0	0	0	0	0	0	0	0	0	
1175	2026-05-08 12:33:51.344	2026-05-08 12:40:41.391	3	0	0	0	0	0	0	0	0	0	0	0	0	
1175	2026-05-08 12:40:41.438	2026-05-08 12:40:41.485	3	0	0	0	0	0	0	0	0	0	0	0	0	
1175	2026-05-08 12:40:41.475	2026-05-08 12:40:41.641	4	0	0	0	0	0	0	0	0	0	0	0	0	
1175	2026-05-08 12:41:01.889	2026-05-08 12:41:23.402	3	0	0	0	0	0	0	0	0	0	0	0	0	
1175	2026-05-08 12:41:25.914	2026-05-08 12:41:26.226	4	0	0	0	0	0	0	0	0	0	0	0	0	
1182	2026-05-08 12:50:52.600	2026-05-08 12:50:55.081	4	0	0	0	0	0	0	0	0	0	0	0	0	
1182	2026-05-08 12:50:55.970	2026-05-08 12:51:33.691	4	0	0	0	0	0	0	0	0	0	0	0	0	
1172	2026-05-08 12:15:23.976	2026-05-08 12:15:27.611	8	0	0	0	0	1	0.0979999974370003	0.2808005	0	0	0	0	0	2026-05-08 12:15:24.647
1172	2026-05-08 12:15:28.360	2026-05-08 12:15:30.045	8	0	0	0	0	3	0.0980000011622906	0.7020012	0	0	0	0	0	2026-05-08 12:15:28.953
1172	2026-05-08 12:16:08.062	2026-05-08 12:16:08.312	7	0	0	0	0	0	0	0	0	0	0	0	0	
1172	2026-05-08 12:16:18.046	2026-05-08 12:16:21.010	8	0	0	0	0	0	0	0	0	0	0	0	0	
1172	2026-05-08 12:16:21.728	2026-05-08 12:16:24.676	8	0	0	0	0	0	0	0	0	0	0	0	0	
1172	2026-05-08 12:16:25.487	2026-05-08 12:16:27.468	8	0	0	0	0	0	0	0	0	0	0	0	0	
1172	2026-05-08 12:16:28.467	2026-05-08 12:16:29.122	8	0	0	0	0	0	0	0	0	0	0	0	0	
1172	2026-05-08 12:16:37.983	2026-05-08 12:16:38.045	7	0	0	0	0	0	0	0	0	0	0	0	0	
1172	2026-05-08 12:16:39.012	2026-05-08 12:16:39.044	7	0	0	0	0	0	0	0	0	0	0	0	0	
1172	2026-05-08 12:16:40.822	2026-05-08 12:16:40.963	7	0	0	0	0	0	0	0	0	0	0	0	0	
1172	2026-05-08 12:16:40.978	2026-05-08 12:16:41.087	7	0	0	0	0	0	0	0	0	0	0	0	0	
1172	2026-05-08 12:16:41.945	2026-05-08 12:16:42.335	7	0	0	0	0	0	0	0	0	0	0	0	0	
1172	2026-05-08 12:16:42.632	2026-05-08 12:16:43.006	7	0	0	0	0	0	0	0	0	0	0	0	0	
1172	2026-05-08 12:16:47.343	2026-05-08 12:16:47.421	7	0	0	0	0	0	0	0	0	0	0	0	0	
1172	2026-05-08 12:16:50.806	2026-05-08 12:16:50.900	8	0	0	0	0	0	0	0	0	0	0	0	0	
1172	2026-05-08 12:17:17.545	2026-05-08 12:17:17.701	8	0	0	0	0	0	0	0	0	0	0	0	0	
1172	2026-05-08 12:17:17.981	2026-05-08 12:17:18.293	8	0	0	0	0	0	0	0	0	0	0	0	0	
1172	2026-05-08 12:17:19.307	2026-05-08 12:17:19.635	8	0	0	0	0	0	0	0	0	0	0	0	0	
1172	2026-05-08 12:17:25.875	2026-05-08 12:17:26.889	8	0	0	0	0	0	0	0	0	0	0	0	0	
1172	2026-05-08 12:17:31.023	2026-05-08 12:17:31.195	8	0	0	0	0	0	0	0	0	0	0	0	0	
1172	2026-05-08 12:17:33.160	2026-05-08 12:17:34.065	8	0	0	0	0	0	0	0	0	0	0	0	0	
1172	2026-05-08 12:17:35.906	2026-05-08 12:17:37.294	8	0	0	0	0	0	0	0	0	0	0	0	0	
1172	2026-05-08 12:17:42.052	2026-05-08 12:17:42.427	8	0	0	0	0	0	0	0	0	0	0	0	0	
1172	2026-05-08 12:17:42.770	2026-05-08 12:17:43.175	8	0	0	0	0	0	0	0	0	0	0	0	0	
1172	2026-05-08 12:17:47.887	2026-05-08 12:17:51.116	8	0	0	0	0	0	0	0	0	0	0	0	0	
1172	2026-05-08 12:17:51.397	2026-05-08 12:17:51.911	8	0	0	0	0	0	0	0	0	0	0	0	0	
1172	2026-05-08 12:17:53.783	2026-05-08 12:17:54.314	8	0	0	0	0	0	0	0	0	0	0	0	0	
1172	2026-05-08 12:17:54.423	2026-05-08 12:17:54.532	8	0	0	0	0	0	0	0	0	0	0	0	0	
1172	2026-05-08 12:17:54.579	2026-05-08 12:17:55.468	8	0	0	0	0	0	0	0	0	0	0	0	0	
1172	2026-05-08 12:17:56.404	2026-05-08 12:17:56.685	8	0	0	0	0	0	0	0	0	0	0	0	0	
1172	2026-05-08 12:17:58.463	2026-05-08 12:17:58.838	8	0	0	0	0	0	0	0	0	0	0	0	0	
1172	2026-05-08 12:17:59.290	2026-05-08 12:18:02.675	8	0	0	0	0	0	0	0	0	0	0	0	0	
1172	2026-05-08 12:18:02.831	2026-05-08 12:18:05.187	8	0	0	0	0	0	0	0	0	0	0	0	0	
1172	2026-05-08 12:18:17.573	2026-05-08 12:18:17.745	8	0	0	0	0	0	0	0	0	0	0	0	0	
1172	2026-05-08 12:18:19.851	2026-05-08 12:18:19.991	7	0	0	0	0	0	0	0	0	0	0	0	0	
1172	2026-05-08 12:19:20.582	2026-05-08 12:19:21.284	8	0	0	0	0	0	0	0	0	0	0	0	0	
1172	2026-05-08 12:19:24.123	2026-05-08 12:19:27.306	8	0	0	0	0	0	0	0	0	0	0	0	0	
1172	2026-05-08 12:19:27.323	2026-05-08 12:19:27.337	8	0	0	0	0	0	0	0	0	0	0	0	0	
1172	2026-05-08 12:19:27.789	2026-05-08 12:19:28.164	8	0	0	0	0	0	0	0	0	0	0	0	0	
1172	2026-05-08 12:19:28.257	2026-05-08 12:19:28.710	8	0	0	0	0	0	0	0	0	0	0	0	0	
1172	2026-05-08 12:19:30.223	2026-05-08 12:19:31.003	8	0	0	0	0	0	0	0	0	0	0	0	0	
1172	2026-05-08 12:21:42.651	2026-05-08 12:21:42.792	7	0	0	0	0	0	0	0	0	0	0	0	0	
1172	2026-05-08 12:19:31.221	2026-05-08 12:21:43.385	8	0	0	0	0	0	0	0	0	0	0	0	0	
1172	2026-05-08 12:21:45.225	2026-05-08 12:21:45.319	8	0	0	0	0	0	0	0	0	0	0	0	0	
1172	2026-05-08 12:23:41.446	2026-05-08 12:23:41.492	8	0	0	0	0	0	0	0	0	0	0	0	0	
1172	2026-05-08 12:24:48.541	2026-05-08 12:24:49.602	7	0	0	0	0	0	0	0	0	0	0	0	0	
1172	2026-05-08 12:23:44.238	2026-05-08 12:27:17.802	8	0	0	0	0	0	0	0	0	0	0	0	0	
1172	2026-05-08 12:27:18.190	2026-05-08 12:27:19.331	8	0	0	0	0	0	0	0	0	0	0	0	0	
1172	2026-05-08 12:27:19.362	2026-05-08 12:27:19.378	8	0	0	0	0	0	0	0	0	0	0	0	0	
1172	2026-05-08 12:40:25.807	2026-05-08 12:40:26.337	7	0	0	0	0	0	0	0	0	0	0	0	0	
1172	2026-05-08 12:51:26.468	2026-05-08 12:51:26.624	7	0	0	0	0	0	0	0	0	0	0	0	0	
1183	2026-05-08 12:51:35.313	2026-05-08 12:51:49.571	7	0	0	0	0	86	2.81400002539158	11.0448192	0	0	0	0	0	2026-05-08 12:51:35.812
1183	2026-05-08 12:51:55.390	2026-05-08 12:51:58.339	8	0	0	0	0	0	0	0	0	0	0	0	0	
1183	2026-05-08 12:52:00.398	2026-05-08 12:52:06.466	7	0	0	0	0	9	0.126000002026558	1.7316029	0	0	0	0	0	2026-05-08 12:52:00.725
1183	2026-05-08 12:52:23.860	2026-05-08 12:52:24.547	7	0	0	0	0	0	0	0	0	0	0	0	0	
1183	2026-05-08 12:52:24.718	2026-05-08 12:52:26.497	7	0	0	0	0	0	0	0	0	0	0	0	0	
1183	2026-05-08 12:52:13.907	2026-05-08 12:52:28.509	8	0	0	0	0	0	0	0	0	0	0	0	0	
1183	2026-05-08 12:52:34.109	2026-05-08 12:52:34.780	8	0	0	0	0	0	0	0	0	0	0	0	0	
1183	2026-05-08 12:52:35.467	2026-05-08 12:52:36.761	8	0	0	0	0	0	0	0	0	0	0	0	0	
1183	2026-05-08 12:52:37.479	2026-05-08 12:52:39.725	8	0	0	0	0	0	0	0	0	0	0	0	0	
1183	2026-05-08 12:52:50.349	2026-05-08 12:52:50.458	7	0	0	0	0	0	0	0	0	0	0	0	0	
1183	2026-05-08 12:52:54.670	2026-05-08 12:52:54.811	8	0	0	0	0	0	0	0	0	0	0	0	0	
1181	2026-05-08 12:52:26.015	2026-05-08 12:52:26.029	1	0	0	0	0	0	0	0	0	0	0	0	0	
1181	2026-05-08 12:52:26.715	2026-05-08 12:52:26.793	1	0	0	0	0	0	0	0	0	0	0	0	0	
1181	2026-05-08 12:52:26.902	2026-05-08 12:52:26.980	1	0	0	0	0	0	0	0	0	0	0	0	0	
1181	2026-05-08 12:52:27.136	2026-05-08 12:52:27.167	1	0	0	0	0	0	0	0	0	0	0	0	0	
1181	2026-05-08 12:52:33.470	2026-05-08 12:52:33.813	1	0	0	0	0	0	0	0	0	0	0	0	0	
1181	2026-05-08 12:53:42.968	2026-05-08 12:53:43.030	1	0	0	0	0	0	0	0	0	0	0	0	0	
1181	2026-05-08 12:54:17.226	2026-05-08 12:54:17.428	2	0	0	0	0	0	0	0	0	0	0	0	0	
1181	2026-05-08 12:54:26.211	2026-05-08 12:54:27.334	1	0	0	0	0	0	0	0	0	0	0	0	0	
1184	2026-05-08 12:54:58.519	2026-05-08 12:54:58.581	8	0	0	0	0	0	0	0	0	0	0	0	0	
1184	2026-05-08 12:54:58.737	2026-05-08 12:54:59.361	8	0	0	0	0	0	0	0	0	0	0	0	0	
1184	2026-05-08 12:59:18.696	2026-05-08 12:59:50.037	8	0	0	0	0	0	0	0	0	0	0	0	0	
1184	2026-05-08 13:00:25.168	2026-05-08 13:00:27.118	8	0	0	0	0	0	0	0	0	0	0	0	0	
1184	2026-05-08 13:05:20.118	2026-05-08 13:05:20.133	8	0	0	0	0	0	0	0	0	0	0	0	0	
1184	2026-05-08 13:05:24.376	2026-05-08 13:05:24.423	8	0	0	0	0	0	0	0	0	0	0	0	0	
1184	2026-05-08 13:05:26.186	2026-05-08 13:05:31.443	8	0	0	0	0	0	0	0	0	0	0	0	0	
1184	2026-05-08 13:05:35.406	2026-05-08 13:05:35.811	8	0	0	0	0	0	0	0	0	0	0	0	0	
1184	2026-05-08 13:05:36.264	2026-05-08 13:05:36.966	8	0	0	0	0	0	0	0	0	0	0	0	0	
1184	2026-05-08 13:05:37.075	2026-05-08 13:11:25.033	8	0	0	0	0	0	0	0	0	0	0	0	0	
1184	2026-05-08 13:11:25.314	2026-05-08 13:11:26.203	8	0	0	0	0	0	0	0	0	0	0	0	0	
1184	2026-05-08 13:11:27.576	2026-05-08 13:11:27.732	8	0	0	0	0	0	0	0	0	0	0	0	0	
1184	2026-05-08 13:11:28.138	2026-05-08 13:11:29.245	8	0	0	0	0	0	0	0	0	0	0	0	0	
1184	2026-05-08 13:11:45.891	2026-05-08 13:11:46.281	8	0	0	0	0	0	0	0	0	0	0	0	0	
1184	2026-05-08 13:16:06.271	2026-05-08 13:16:06.645	8	0	0	0	0	0	0	0	0	0	0	0	0	
1187	2026-05-08 13:17:04.318	2026-05-08 13:17:04.864	8	0	0	0	0	0	0	0	0	0	0	0	0	
1187	2026-05-08 13:17:07.438	2026-05-08 13:17:08.499	7	0	0	0	0	0	0	0	0	0	0	0	0	
1187	2026-05-08 13:17:09.903	2026-05-08 13:17:11.510	8	0	0	0	0	3	0.0700000002980232	0.4318008	0	0	0	0	0	2026-05-08 13:17:10.792
1188	2026-05-08 13:23:37.143	2026-05-08 13:23:37.658	7	0	0	0	0	0	0	0	0	0	0	0	0	
1188	2026-05-08 13:23:38.032	2026-05-08 13:23:38.126	8	0	0	0	0	0	0	0	0	0	0	0	0	
1185	2026-05-08 12:58:35.671	2026-05-08 12:59:32.455	4	0	0	0	0	0	0	0	0	0	0	0	0	
1185	2026-05-08 12:59:44.046	2026-05-08 12:59:44.296	3	0	0	0	0	0	0	0	0	0	0	0	0	
1185	2026-05-08 12:59:44.670	2026-05-08 12:59:46.059	3	0	0	0	0	0	0	0	0	0	0	0	0	
1185	2026-05-08 12:59:54.389	2026-05-08 12:59:54.420	4	0	0	0	0	0	0	0	0	0	0	0	0	
1185	2026-05-08 12:59:57.821	2026-05-08 12:59:58.039	3	0	0	0	0	0	0	0	0	0	0	0	0	
1185	2026-05-08 13:00:00.582	2026-05-08 13:05:22.099	3	0	0	0	0	0	0	0	0	0	0	0	0	
1185	2026-05-08 13:05:23.830	2026-05-08 13:05:24.766	3	0	0	0	0	0	0	0	0	0	0	0	0	
1185	2026-05-08 13:05:24.439	2026-05-08 13:05:24.860	4	0	0	0	0	0	0	0	0	0	0	0	0	
1185	2026-05-08 13:05:24.922	2026-05-08 13:05:25.063	3	0	0	0	0	0	0	0	0	0	0	0	0	
1185	2026-05-08 13:07:10.238	2026-05-08 13:07:10.254	4	0	0	0	0	0	0	0	0	0	0	0	0	
1185	2026-05-08 13:07:10.285	2026-05-08 13:07:10.410	4	0	0	0	0	0	0	0	0	0	0	0	0	
1185	2026-05-08 13:30:03.587	2026-05-08 13:30:09.327	4	0	0	0	0	0	0	0	0	0	0	0	0	
1185	2026-05-08 13:30:27.158	2026-05-08 13:30:28.032	4	0	0	0	0	0	0	0	0	0	0	0	0	
1185	2026-05-08 13:30:45.769	2026-05-08 13:30:45.816	3	0	0	0	0	0	0	0	0	0	0	0	0	
1185	2026-05-08 13:32:14.268	2026-05-08 13:32:14.611	3	0	0	0	0	0	0	0	0	0	0	0	0	
1190	2026-05-08 13:39:21.615	2026-05-08 13:39:21.927	3	0	0	0	0	0	0	0	0	0	0	0	0	
1190	2026-05-08 13:39:32.644	2026-05-08 13:39:33.721	3	0	0	0	0	1	0.0560000017285347	0.2340004	0	0	0	0	0	2026-05-08 13:39:33.424
1190	2026-05-08 13:39:38.104	2026-05-08 13:39:38.354	3	0	0	0	0	0	0	0	0	0	0	0	0	
1190	2026-05-08 13:40:28.883	2026-05-08 13:40:32.190	3	0	0	0	0	8	0.182000000029802	1.154402	0	0	0	0	0	2026-05-08 13:40:29.507
1190	2026-05-08 13:42:10.222	2026-05-08 13:42:10.236	3	0	0	0	0	0	0	0	0	0	0	0	0	
1190	2026-05-08 13:45:25.782	2026-05-08 13:45:26.437	3	0	0	0	0	0	0	0	0	0	0	0	0	
1190	2026-05-08 13:45:26.578	2026-05-08 13:45:26.734	3	0	0	0	0	0	0	0	0	0	0	0	0	
1190	2026-05-08 13:45:29.745	2026-05-08 13:45:30.041	3	0	0	0	0	0	0	0	0	0	0	0	0	
1190	2026-05-08 13:46:30.756	2026-05-08 13:48:03.343	3	0	0	0	0	0	0	0	0	0	0	0	0	
1190	2026-05-08 13:48:06.260	2026-05-08 13:51:20.480	3	0	0	0	0	0	0	0	0	0	0	0	0	
1190	2026-05-08 13:51:20.589	2026-05-08 13:51:22.118	3	0	0	0	0	0	0	0	0	0	0	0	0	
1190	2026-05-08 13:51:26.736	2026-05-08 13:51:27.828	3	0	0	0	0	0	0	0	0	0	0	0	0	
1190	2026-05-08 13:51:29.138	2026-05-08 13:51:29.169	3	0	0	0	0	0	0	0	0	0	0	0	0	
1190	2026-05-08 13:51:29.421	2026-05-08 13:51:29.575	3	0	0	0	0	0	0	0	0	0	0	0	0	
1190	2026-05-08 13:51:33.600	2026-05-08 13:51:33.615	3	0	0	0	0	0	0	0	0	0	0	0	0	
1179	2026-05-08 12:38:57.963	2026-05-08 12:38:58.228	6	0	0	0	0	0	0	0	0	0	0	0	0	
1179	2026-05-08 12:38:58.509	2026-05-08 12:39:05.201	6	0	0	0	0	12	0.168000005185604	2.340004	0	0	0	0	0	2026-05-08 12:38:59.148
1179	2026-05-08 12:39:21.410	2026-05-08 12:39:21.488	6	0	0	0	0	0	0	0	0	0	0	0	0	
1179	2026-05-08 12:39:21.628	2026-05-08 12:39:21.675	6	0	0	0	0	0	0	0	0	0	0	0	0	
1179	2026-05-08 12:39:22.049	2026-05-08 12:39:22.174	6	0	0	0	0	0	0	0	0	0	0	0	0	
1179	2026-05-08 12:39:22.346	2026-05-08 12:39:22.486	6	0	0	0	0	0	0	0	0	0	0	0	0	
1179	2026-05-08 12:39:22.533	2026-05-08 12:39:24.124	6	0	0	0	0	0	0	0	0	0	0	0	0	
1179	2026-05-08 12:39:31.144	2026-05-08 12:39:32.018	6	0	0	0	0	0	0	0	0	0	0	0	0	
1179	2026-05-08 12:39:37.993	2026-05-08 12:39:38.351	6	0	0	0	0	0	0	0	0	0	0	0	0	
1179	2026-05-08 12:44:35.797	2026-05-08 12:44:35.859	6	0	0	0	0	0	0	0	0	0	0	0	0	
1179	2026-05-08 12:44:36.499	2026-05-08 12:48:21.576	6	0	0	0	0	0	0	0	0	0	0	0	0	
1179	2026-05-08 12:48:21.951	2026-05-08 12:48:22.450	6	0	0	0	0	0	0	0	0	0	0	0	0	
1179	2026-05-08 12:49:11.855	2026-05-08 13:00:27.321	6	0	0	0	0	0	0	0	0	0	0	0	0	
1179	2026-05-08 13:00:27.742	2026-05-08 13:03:55.581	6	0	0	0	0	0	0	0	0	0	0	0	0	
1179	2026-05-08 13:04:01.447	2026-05-08 13:04:25.736	6	0	0	0	0	0	0	0	0	0	0	0	0	
1179	2026-05-08 13:04:26.734	2026-05-08 13:14:33.263	6	0	0	0	0	0	0	0	0	0	0	0	0	
1179	2026-05-08 13:14:34.012	2026-05-08 13:14:35.401	6	0	0	0	0	0	0	0	0	0	0	0	0	
1179	2026-05-08 13:14:35.463	2026-05-08 13:14:35.494	6	0	0	0	0	0	0	0	0	0	0	0	0	
1179	2026-05-08 13:14:38.489	2026-05-08 13:14:41.750	5	0	0	0	0	1	0.0700000002980232	0.2808005	0	0	0	0	0	2026-05-08 13:14:40.081
1179	2026-05-08 13:14:41.828	2026-05-08 13:14:42.717	5	0	0	0	0	0	0	0	0	0	0	0	0	
1179	2026-05-08 13:14:45.853	2026-05-08 13:14:45.868	5	0	0	0	0	0	0	0	0	0	0	0	0	
1179	2026-05-08 13:14:54.823	2026-05-08 13:16:13.424	6	0	0	0	0	0	0	0	0	0	0	0	0	
1179	2026-05-08 13:19:52.284	2026-05-08 13:20:19.428	5	0	0	0	0	0	0	0	0	0	0	0	0	
1179	2026-05-08 13:21:18.552	2026-05-08 13:21:18.693	5	0	0	0	0	0	0	0	0	0	0	0	0	
1179	2026-05-08 13:21:20.159	2026-05-08 13:21:20.440	5	0	0	0	0	0	0	0	0	0	0	0	0	
1179	2026-05-08 13:21:21.875	2026-05-08 13:21:22.093	5	0	0	0	0	0	0	0	0	0	0	0	0	
1179	2026-05-08 13:21:22.156	2026-05-08 13:21:22.249	5	0	0	0	0	0	0	0	0	0	0	0	0	
1179	2026-05-08 13:21:22.577	2026-05-08 13:21:22.733	5	0	0	0	0	0	0	0	0	0	0	0	0	
1179	2026-05-08 13:21:22.749	2026-05-08 13:21:22.795	5	0	0	0	0	0	0	0	0	0	0	0	0	
1179	2026-05-08 13:21:22.858	2026-05-08 13:21:57.708	5	0	0	0	0	0	0	0	0	0	0	0	0	
1179	2026-05-08 13:21:57.739	2026-05-08 13:21:58.176	5	0	0	0	0	0	0	0	0	0	0	0	0	
1179	2026-05-08 13:21:59.128	2026-05-08 13:21:59.299	5	0	0	0	0	0	0	0	0	0	0	0	0	
1179	2026-05-08 13:21:59.674	2026-05-08 13:22:00.267	5	0	0	0	0	0	0	0	0	0	0	0	0	
1179	2026-05-08 13:22:00.813	2026-05-08 13:22:01.047	5	0	0	0	0	0	0	0	0	0	0	0	0	
1179	2026-05-08 13:26:18.743	2026-05-08 13:26:19.882	5	0	0	0	0	0	0	0	0	0	0	0	0	
1179	2026-05-08 13:26:20.038	2026-05-08 13:26:22.331	5	0	0	0	0	0	0	0	0	0	0	0	0	
1179	2026-05-08 13:27:33.327	2026-05-08 13:27:35.184	5	0	0	0	0	0	0	0	0	0	0	0	0	
1179	2026-05-08 13:27:35.449	2026-05-08 13:27:35.792	5	0	0	0	0	0	0	0	0	0	0	0	0	
1179	2026-05-08 13:27:35.854	2026-05-08 13:40:11.161	5	0	0	0	0	0	0	0	0	0	0	0	0	
1179	2026-05-08 13:40:54.872	2026-05-08 13:40:56.167	5	0	0	0	0	0	0	0	0	0	0	0	0	
1179	2026-05-08 13:40:56.448	2026-05-08 13:40:57.727	5	0	0	0	0	0	0	0	0	0	0	0	0	
1179	2026-05-08 13:45:04.129	2026-05-08 13:45:07.249	6	0	0	0	0	0	0	0	0	0	0	0	0	
1179	2026-05-08 13:45:13.567	2026-05-08 13:45:14.644	5	0	0	0	0	0	0	0	0	0	0	0	0	
1179	2026-05-08 13:46:08.558	2026-05-08 13:46:08.636	5	0	0	0	0	0	0	0	0	0	0	0	0	
1179	2026-05-08 13:46:15.141	2026-05-08 13:46:15.266	5	0	0	0	0	0	0	0	0	0	0	0	0	
1179	2026-05-08 13:46:16.763	2026-05-08 13:46:17.060	5	0	0	0	0	0	0	0	0	0	0	0	0	
1179	2026-05-08 13:46:17.106	2026-05-08 13:46:17.652	5	0	0	0	0	0	0	0	0	0	0	0	0	
1179	2026-05-08 13:46:17.840	2026-05-08 13:46:18.620	5	0	0	0	0	0	0	0	0	0	0	0	0	
1179	2026-05-08 13:46:39.383	2026-05-08 13:46:39.461	5	0	0	0	0	0	0	0	0	0	0	0	0	
1179	2026-05-08 13:46:41.193	2026-05-08 13:46:41.754	5	0	0	0	0	0	0	0	0	0	0	0	0	
1179	2026-05-08 13:47:10.864	2026-05-08 13:47:12.736	5	0	0	0	0	0	0	0	0	0	0	0	0	
1179	2026-05-08 13:47:21.020	2026-05-08 13:47:22.548	5	0	0	0	0	0	0	0	0	0	0	0	0	
1179	2026-05-08 13:47:22.595	2026-05-08 13:47:22.642	5	0	0	0	0	0	0	0	0	0	0	0	0	
1179	2026-05-08 13:47:22.704	2026-05-08 13:47:22.751	5	0	0	0	0	0	0	0	0	0	0	0	0	
1179	2026-05-08 13:47:23.266	2026-05-08 13:47:23.375	5	0	0	0	0	0	0	0	0	0	0	0	0	
1179	2026-05-08 13:47:36.339	2026-05-08 13:47:36.370	5	0	0	0	0	0	0	0	0	0	0	0	0	
1179	2026-05-08 13:47:36.526	2026-05-08 13:47:37.290	5	0	0	0	0	0	0	0	0	0	0	0	0	
1179	2026-05-08 13:48:11.096	2026-05-08 13:48:11.111	5	0	0	0	0	0	0	0	0	0	0	0	0	
1179	2026-05-08 13:48:34.745	2026-05-08 13:48:34.855	5	0	0	0	0	0	0	0	0	0	0	0	0	
1179	2026-05-08 13:48:37.304	2026-05-08 13:48:37.397	5	0	0	0	0	0	0	0	0	0	0	0	0	
1179	2026-05-08 13:48:37.475	2026-05-08 13:48:38.115	5	0	0	0	0	0	0	0	0	0	0	0	0	
1179	2026-05-08 13:48:51.375	2026-05-08 13:48:51.391	5	0	0	0	0	0	0	0	0	0	0	0	0	
1179	2026-05-08 13:48:54.542	2026-05-08 13:48:55.821	5	0	0	0	0	1	0.0560000017285347	0.2340004	0	0	0	0	0	2026-05-08 13:48:55.244
1179	2026-05-08 13:48:57.225	2026-05-08 13:48:57.256	5	0	0	0	0	0	0	0	0	0	0	0	0	
1179	2026-05-08 13:48:57.412	2026-05-08 13:48:57.475	5	0	0	0	0	0	0	0	0	0	0	0	0	
1179	2026-05-08 13:48:57.599	2026-05-08 13:48:57.662	5	0	0	0	0	0	0	0	0	0	0	0	0	
1179	2026-05-08 13:48:57.818	2026-05-08 13:48:57.880	5	0	0	0	0	0	0	0	0	0	0	0	0	
1179	2026-05-08 13:49:12.997	2026-05-08 13:49:13.028	5	0	0	0	0	0	0	0	0	0	0	0	0	
1179	2026-05-08 13:49:57.472	2026-05-08 13:50:04.383	6	0	0	0	0	33	1.46999999694526	5.179209	0	0	0	0	0	2026-05-08 13:49:58.830
1179	2026-05-08 13:50:04.617	2026-05-08 13:50:06.255	6	0	0	0	0	0	0	0	0	0	0	0	0	
1179	2026-05-08 13:50:31.839	2026-05-08 13:50:31.902	6	0	0	0	0	0	0	0	0	0	0	0	0	
1179	2026-05-08 13:50:32.385	2026-05-08 13:50:32.416	6	0	0	0	0	0	0	0	0	0	0	0	0	
1179	2026-05-08 13:50:53.804	2026-05-08 13:50:53.835	6	0	0	0	0	0	0	0	0	0	0	0	0	
1179	2026-05-08 13:50:54.054	2026-05-08 13:50:54.085	6	0	0	0	0	0	0	0	0	0	0	0	0	
1179	2026-05-08 13:50:54.381	2026-05-08 13:50:54.428	6	0	0	0	0	0	0	0	0	0	0	0	0	
1179	2026-05-08 13:50:54.584	2026-05-08 13:50:55.676	6	0	0	0	0	0	0	0	0	0	0	0	0	
1179	2026-05-08 13:50:59.280	2026-05-08 13:50:59.311	6	0	0	0	0	0	0	0	0	0	0	0	0	
1179	2026-05-08 13:50:59.841	2026-05-08 13:50:59.935	6	0	0	0	0	0	0	0	0	0	0	0	0	
1179	2026-05-08 13:50:59.982	2026-05-08 13:51:00.075	6	0	0	0	0	0	0	0	0	0	0	0	0	
1179	2026-05-08 13:51:02.821	2026-05-08 13:51:04.896	6	0	0	0	0	0	0	0	0	0	0	0	0	
1179	2026-05-08 13:51:05.176	2026-05-08 13:51:05.473	6	0	0	0	0	0	0	0	0	0	0	0	0	
1179	2026-05-08 13:51:05.598	2026-05-08 13:51:05.660	6	0	0	0	0	0	0	0	0	0	0	0	0	
1179	2026-05-08 13:51:05.754	2026-05-08 13:51:05.816	6	0	0	0	0	0	0	0	0	0	0	0	0	
1179	2026-05-08 13:51:06.050	2026-05-08 13:51:06.081	6	0	0	0	0	0	0	0	0	0	0	0	0	
1179	2026-05-08 13:51:06.456	2026-05-08 13:51:06.549	6	0	0	0	0	0	0	0	0	0	0	0	0	
1179	2026-05-08 13:51:06.658	2026-05-08 13:51:08.031	6	0	0	0	0	0	0	0	0	0	0	0	0	
1179	2026-05-08 13:51:08.593	2026-05-08 13:51:08.686	6	0	0	0	0	0	0	0	0	0	0	0	0	
1179	2026-05-08 13:51:16.736	2026-05-08 13:51:19.575	6	0	0	0	0	0	0	0	0	0	0	0	0	
1192	2026-05-08 13:52:36.265	2026-05-08 13:52:36.671	6	0	0	0	0	0	0	0	0	0	0	0	0	
1192	2026-05-08 13:52:37.232	2026-05-08 13:52:42.911	5	0	0	0	0	12	0.461999997496605	2.5740044	0	0	0	0	0	2026-05-08 13:52:37.965
1192	2026-05-08 13:53:00.305	2026-05-08 13:53:03.128	5	0	0	0	0	12	0.419999990612268	1.4820026	0	0	0	0	0	2026-05-08 13:53:00.804
1192	2026-05-08 13:53:06.061	2026-05-08 13:53:06.155	5	0	0	0	0	0	0	0	0	0	0	0	0	
1192	2026-05-08 13:53:13.767	2026-05-08 13:53:13.877	6	0	0	0	0	0	0	0	0	0	0	0	0	
1191	2026-05-08 13:52:16.859	2026-05-08 13:52:17.233	4	0	0	0	0	0	0	0	0	0	0	0	0	
1191	2026-05-08 13:52:17.639	2026-05-08 13:52:18.107	4	0	0	0	0	0	0	0	0	0	0	0	0	
1191	2026-05-08 13:52:23.348	2026-05-08 13:52:23.723	3	0	0	0	0	0	0	0	0	0	0	0	0	
1191	2026-05-08 13:52:25.797	2026-05-08 13:52:26.016	3	0	0	0	0	0	0	0	0	0	0	0	0	
1191	2026-05-08 13:52:33.863	2026-05-08 13:52:36.359	4	0	0	0	0	1	0.0839999988675117	0.2652004	0	0	0	0	0	2026-05-08 13:52:35.267
1191	2026-05-08 13:52:36.577	2026-05-08 13:52:36.811	4	0	0	0	0	0	0	0	0	0	0	0	0	
1191	2026-05-08 13:52:37.045	2026-05-08 13:52:42.115	4	0	0	0	0	20	0.532000008970499	3.0108053	0	0	0	0	0	2026-05-08 13:52:38.184
1191	2026-05-08 13:54:29.490	2026-05-08 13:54:29.552	4	0	0	0	0	0	0	0	0	0	0	0	0	
1191	2026-05-08 13:54:30.738	2026-05-08 13:54:31.471	4	0	0	0	0	0	0	0	0	0	0	0	0	
1191	2026-05-08 13:54:32.142	2026-05-08 13:54:32.173	4	0	0	0	0	0	0	0	0	0	0	0	0	
1191	2026-05-08 13:54:32.672	2026-05-08 13:54:32.766	4	0	0	0	0	0	0	0	0	0	0	0	0	
1191	2026-05-08 13:54:32.860	2026-05-08 13:54:33.920	4	0	0	0	0	0	0	0	0	0	0	0	0	
1191	2026-05-08 13:54:33.998	2026-05-08 13:54:34.076	4	0	0	0	0	0	0	0	0	0	0	0	0	
1191	2026-05-08 13:54:36.962	2026-05-08 13:54:37.103	4	0	0	0	0	0	0	0	0	0	0	0	0	
1191	2026-05-08 13:54:37.165	2026-05-08 13:54:37.274	4	0	0	0	0	0	0	0	0	0	0	0	0	
1191	2026-05-08 13:54:37.321	2026-05-08 13:54:39.256	4	0	0	0	0	0	0	0	0	0	0	0	0	
1191	2026-05-08 13:54:49.817	2026-05-08 13:54:49.957	4	0	0	0	0	0	0	0	0	0	0	0	0	
1198	2026-05-08 13:55:10.081	2026-05-08 13:55:10.580	4	0	0	0	0	0	0	0	0	0	0	0	0	
1189	2026-05-08 13:24:02.889	2026-05-08 13:24:03.148	8	0	0	0	0	0	0	0	0	0	0	0	0	
1189	2026-05-08 13:24:09.248	2026-05-08 13:24:17.188	8	0	0	0	0	29	0.602000005543232	5.116809	0	0	0	0	0	2026-05-08 13:24:09.591
1189	2026-05-08 13:24:18.077	2026-05-08 13:24:18.374	7	0	0	0	0	0	0	0	0	0	0	0	0	
1189	2026-05-08 13:24:30.464	2026-05-08 13:24:31.150	7	0	0	0	0	0	0	0	0	0	0	0	0	
1189	2026-05-08 13:24:39.231	2026-05-08 13:24:43.755	8	0	0	0	0	30	1.10600002668798	3.8346067	0	0	0	0	0	2026-05-08 13:24:39.590
1189	2026-05-08 13:24:45.346	2026-05-08 13:24:45.408	8	0	0	0	0	0	0	0	0	0	0	0	0	
1189	2026-05-08 13:24:46.204	2026-05-08 13:24:46.313	8	0	0	0	0	0	0	0	0	0	0	0	0	
1189	2026-05-08 13:24:47.421	2026-05-08 13:24:49.262	8	0	0	0	0	0	0	0	0	0	0	0	0	
1189	2026-05-08 13:24:52.678	2026-05-08 13:24:54.425	8	0	0	0	0	0	0	0	0	0	0	0	0	
1189	2026-05-08 13:25:02.132	2026-05-08 13:25:02.475	7	0	0	0	0	0	0	0	0	0	0	0	0	
1189	2026-05-08 13:25:02.740	2026-05-08 13:25:03.473	7	0	0	0	0	0	0	0	0	0	0	0	0	
1189	2026-05-08 13:25:04.519	2026-05-08 13:25:04.628	7	0	0	0	0	0	0	0	0	0	0	0	0	
1189	2026-05-08 13:25:04.706	2026-05-08 13:25:05.423	7	0	0	0	0	0	0	0	0	0	0	0	0	
1189	2026-05-08 13:25:05.876	2026-05-08 13:25:05.907	7	0	0	0	0	0	0	0	0	0	0	0	0	
1189	2026-05-08 13:25:19.042	2026-05-08 13:25:19.323	8	0	0	0	0	0	0	0	0	0	0	0	0	
1189	2026-05-08 13:25:19.744	2026-05-08 13:25:19.853	8	0	0	0	0	0	0	0	0	0	0	0	0	
1189	2026-05-08 13:25:19.931	2026-05-08 13:25:30.914	8	0	0	0	0	0	0	0	0	0	0	0	0	
1189	2026-05-08 13:25:31.007	2026-05-08 13:25:36.811	8	0	0	0	0	0	0	0	0	0	0	0	0	
1189	2026-05-08 13:25:37.232	2026-05-08 13:25:37.279	8	0	0	0	0	0	0	0	0	0	0	0	0	
1189	2026-05-08 13:25:37.372	2026-05-08 13:25:37.981	8	0	0	0	0	0	0	0	0	0	0	0	0	
1189	2026-05-08 13:25:38.636	2026-05-08 13:25:38.714	8	0	0	0	0	0	0	0	0	0	0	0	0	
1189	2026-05-08 13:25:40.601	2026-05-08 13:25:41.257	8	0	0	0	0	0	0	0	0	0	0	0	0	
1189	2026-05-08 13:25:41.569	2026-05-08 13:25:41.834	8	0	0	0	0	0	0	0	0	0	0	0	0	
1189	2026-05-08 13:26:00.944	2026-05-08 13:26:02.441	8	0	0	0	0	0	0	0	0	0	0	0	0	
1189	2026-05-08 13:26:03.377	2026-05-08 13:26:22.955	8	0	0	0	0	0	0	0	0	0	0	0	0	
1189	2026-05-08 13:26:26.231	2026-05-08 13:26:26.543	8	0	0	0	0	0	0	0	0	0	0	0	0	
1189	2026-05-08 13:26:35.342	2026-05-08 13:26:35.825	8	0	0	0	0	0	0	0	0	0	0	0	0	
1189	2026-05-08 13:26:51.441	2026-05-08 13:26:51.535	8	0	0	0	0	0	0	0	0	0	0	0	0	
1189	2026-05-08 13:26:58.227	2026-05-08 13:26:58.274	8	0	0	0	0	0	0	0	0	0	0	0	0	
1189	2026-05-08 13:27:05.044	2026-05-08 13:27:05.278	8	0	0	0	0	0	0	0	0	0	0	0	0	
1189	2026-05-08 13:27:17.665	2026-05-08 13:27:19.412	8	0	0	0	0	0	0	0	0	0	0	0	0	
1189	2026-05-08 13:27:23.718	2026-05-08 13:27:24.295	8	0	0	0	0	0	0	0	0	0	0	0	0	
1189	2026-05-08 13:27:26.307	2026-05-08 13:27:30.504	8	0	0	0	0	0	0	0	0	0	0	0	0	
1189	2026-05-08 13:27:30.628	2026-05-08 13:27:30.800	8	0	0	0	0	0	0	0	0	0	0	0	0	
1189	2026-05-08 13:27:34.294	2026-05-08 13:27:35.293	7	0	0	0	0	0	0	0	0	0	0	0	0	
1189	2026-05-08 13:27:35.870	2026-05-08 13:27:37.227	7	0	0	0	0	0	0	0	0	0	0	0	0	
1189	2026-05-08 13:27:40.316	2026-05-08 13:27:40.441	7	0	0	0	0	0	0	0	0	0	0	0	0	
1189	2026-05-08 13:27:44.668	2026-05-08 13:27:44.746	8	0	0	0	0	0	0	0	0	0	0	0	0	
1189	2026-05-08 13:27:44.887	2026-05-08 13:27:45.511	8	0	0	0	0	0	0	0	0	0	0	0	0	
1189	2026-05-08 13:27:51.891	2026-05-08 13:27:53.826	8	0	0	0	0	0	0	0	0	0	0	0	0	
1189	2026-05-08 13:27:54.153	2026-05-08 13:27:54.621	8	0	0	0	0	0	0	0	0	0	0	0	0	
1189	2026-05-08 13:27:54.652	2026-05-08 13:27:54.824	8	0	0	0	0	0	0	0	0	0	0	0	0	
1189	2026-05-08 13:27:54.949	2026-05-08 13:27:56.758	8	0	0	0	0	0	0	0	0	0	0	0	0	
1189	2026-05-08 13:27:57.211	2026-05-08 13:28:05.229	8	0	0	0	0	0	0	0	0	0	0	0	0	
1189	2026-05-08 13:28:05.744	2026-05-08 13:28:05.791	8	0	0	0	0	0	0	0	0	0	0	0	0	
1189	2026-05-08 13:28:05.994	2026-05-08 13:28:10.377	8	0	0	0	0	0	0	0	0	0	0	0	0	
1189	2026-05-08 13:28:10.471	2026-05-08 13:28:10.518	8	0	0	0	0	0	0	0	0	0	0	0	0	
1189	2026-05-08 13:28:12.982	2026-05-08 13:28:13.107	8	0	0	0	0	0	0	0	0	0	0	0	0	
1189	2026-05-08 13:28:13.903	2026-05-08 13:28:17.304	8	0	0	0	0	0	0	0	0	0	0	0	0	
1189	2026-05-08 13:28:17.475	2026-05-08 13:28:20.299	8	0	0	0	0	0	0	0	0	0	0	0	0	
1189	2026-05-08 13:28:22.498	2026-05-08 13:28:22.561	8	0	0	0	0	0	0	0	0	0	0	0	0	
1189	2026-05-08 13:28:22.966	2026-05-08 13:28:32.420	8	0	0	0	0	0	0	0	0	0	0	0	0	
1189	2026-05-08 13:28:32.451	2026-05-08 13:28:32.623	8	0	0	0	0	0	0	0	0	0	0	0	0	
1189	2026-05-08 13:28:33.855	2026-05-08 13:28:33.918	8	0	0	0	0	0	0	0	0	0	0	0	0	
1189	2026-05-08 13:28:34.058	2026-05-08 13:28:34.994	8	0	0	0	0	0	0	0	0	0	0	0	0	
1189	2026-05-08 13:28:35.072	2026-05-08 13:28:35.368	8	0	0	0	0	0	0	0	0	0	0	0	0	
1189	2026-05-08 13:28:37.053	2026-05-08 13:28:37.225	8	0	0	0	0	0	0	0	0	0	0	0	0	
1189	2026-05-08 13:29:03.620	2026-05-08 13:29:03.854	8	0	0	0	0	0	0	0	0	0	0	0	0	
1189	2026-05-08 13:29:13.916	2026-05-08 13:29:14.119	8	0	0	0	0	0	0	0	0	0	0	0	0	
1189	2026-05-08 13:29:14.213	2026-05-08 13:32:27.824	8	0	0	0	0	0	0	0	0	0	0	0	0	
1189	2026-05-08 13:32:28.495	2026-05-08 13:32:28.573	8	0	0	0	0	0	0	0	0	0	0	0	0	
1189	2026-05-08 13:32:28.838	2026-05-08 13:35:34.354	8	0	0	0	0	0	0	0	0	0	0	0	0	
1189	2026-05-08 13:35:38.987	2026-05-08 13:44:19.529	8	0	0	0	0	0	0	0	0	0	0	0	0	
1189	2026-05-08 13:44:19.685	2026-05-08 13:44:19.763	8	0	0	0	0	0	0	0	0	0	0	0	0	
1189	2026-05-08 13:44:19.935	2026-05-08 13:44:20.886	8	0	0	0	0	0	0	0	0	0	0	0	0	
1189	2026-05-08 13:44:21.339	2026-05-08 13:44:21.432	8	0	0	0	0	0	0	0	0	0	0	0	0	
1189	2026-05-08 13:44:21.463	2026-05-08 13:44:25.644	8	0	0	0	0	0	0	0	0	0	0	0	0	
1189	2026-05-08 13:44:25.707	2026-05-08 13:44:25.738	8	0	0	0	0	0	0	0	0	0	0	0	0	
1189	2026-05-08 13:44:25.753	2026-05-08 13:44:28.281	8	0	0	0	0	0	0	0	0	0	0	0	0	
1189	2026-05-08 13:44:30.839	2026-05-08 13:44:30.886	8	0	0	0	0	0	0	0	0	0	0	0	0	
1189	2026-05-08 13:44:30.917	2026-05-08 13:44:31.603	8	0	0	0	0	0	0	0	0	0	0	0	0	
1189	2026-05-08 13:44:31.666	2026-05-08 13:44:31.713	8	0	0	0	0	0	0	0	0	0	0	0	0	
1189	2026-05-08 13:44:38.717	2026-05-08 13:44:39.435	8	0	0	0	0	0	0	0	0	0	0	0	0	
1189	2026-05-08 13:45:11.134	2026-05-08 13:45:49.369	7	0	0	0	0	0	0	0	0	0	0	0	0	
1189	2026-05-08 13:48:00.987	2026-05-08 13:48:04.123	7	0	0	0	0	0	0	0	0	0	0	0	0	
1189	2026-05-08 13:48:43.123	2026-05-08 13:48:43.201	7	0	0	0	0	0	0	0	0	0	0	0	0	
1189	2026-05-08 13:49:14.541	2026-05-08 13:50:37.315	7	0	0	0	0	0	0	0	0	0	0	0	0	
1189	2026-05-08 13:51:27.219	2026-05-08 13:51:27.266	7	0	0	0	0	0	0	0	0	0	0	0	0	
1189	2026-05-08 13:51:27.375	2026-05-08 13:51:27.609	7	0	0	0	0	0	0	0	0	0	0	0	0	
1189	2026-05-08 13:51:27.640	2026-05-08 13:53:24.032	7	0	0	0	0	0	0	0	0	0	0	0	0	
1200	2026-05-08 13:57:00.311	2026-05-08 13:57:01.185	8	0	0	0	0	0	0	0	0	0	0	0	0	
1200	2026-05-08 13:57:05.038	2026-05-08 13:57:05.287	7	0	0	0	0	0	0	0	0	0	0	0	0	
1200	2026-05-08 13:57:07.783	2026-05-08 13:57:07.799	8	0	0	0	0	0	0	0	0	0	0	0	0	
1199	2026-05-08 13:55:47.974	2026-05-08 13:55:48.239	4	0	0	0	0	0	0	0	0	0	0	0	0	
1199	2026-05-08 13:55:48.348	2026-05-08 13:55:48.364	4	0	0	0	0	0	0	0	0	0	0	0	0	
1199	2026-05-08 13:55:48.489	2026-05-08 13:55:50.657	4	0	0	0	0	0	0	0	0	0	0	0	0	
1199	2026-05-08 13:55:50.704	2026-05-08 13:55:50.782	4	0	0	0	0	0	0	0	0	0	0	0	0	
1199	2026-05-08 13:55:50.875	2026-05-08 13:55:58.753	4	0	0	0	0	0	0	0	0	0	0	0	0	
1199	2026-05-08 13:55:58.956	2026-05-08 13:56:00.469	4	0	0	0	0	0	0	0	0	0	0	0	0	
1199	2026-05-08 13:56:01.109	2026-05-08 13:56:03.277	4	0	0	0	0	0	0	0	0	0	0	0	0	
1199	2026-05-08 13:56:03.636	2026-05-08 13:56:04.073	4	0	0	0	0	0	0	0	0	0	0	0	0	
1199	2026-05-08 13:56:05.461	2026-05-08 13:56:06.803	4	0	0	0	0	0	0	0	0	0	0	0	0	
1199	2026-05-08 13:56:07.349	2026-05-08 13:56:07.630	4	0	0	0	0	0	0	0	0	0	0	0	0	
1199	2026-05-08 13:56:07.926	2026-05-08 13:56:08.035	4	0	0	0	0	0	0	0	0	0	0	0	0	
1199	2026-05-08 13:56:09.377	2026-05-08 13:56:09.627	4	0	0	0	0	0	0	0	0	0	0	0	0	
1199	2026-05-08 13:56:10.953	2026-05-08 13:56:10.999	4	0	0	0	0	0	0	0	0	0	0	0	0	
1199	2026-05-08 13:56:48.939	2026-05-08 13:56:49.266	3	0	0	0	0	0	0	0	0	0	0	0	0	
1199	2026-05-08 13:56:49.329	2026-05-08 13:56:49.422	3	0	0	0	0	0	0	0	0	0	0	0	0	
1199	2026-05-08 13:56:50.358	2026-05-08 13:56:51.263	3	0	0	0	0	0	0	0	0	0	0	0	0	
1199	2026-05-08 13:56:51.528	2026-05-08 13:56:59.359	3	0	0	0	0	23	0.82599999755621	4.0560071	0	0	0	0	0	2026-05-08 13:56:51.653
1199	2026-05-08 13:57:09.515	2026-05-08 13:57:09.546	3	0	0	0	0	0	0	0	0	0	0	0	0	
1199	2026-05-08 13:57:20.342	2026-05-08 13:57:20.388	3	0	0	0	0	0	0	0	0	0	0	0	0	
1199	2026-05-08 13:57:20.498	2026-05-08 13:57:20.544	3	0	0	0	0	0	0	0	0	0	0	0	0	
1199	2026-05-08 13:57:22.307	2026-05-08 13:57:22.385	3	0	0	0	0	0	0	0	0	0	0	0	0	
1199	2026-05-08 13:57:22.666	2026-05-08 13:57:22.760	3	0	0	0	0	0	0	0	0	0	0	0	0	
1199	2026-05-08 13:57:22.806	2026-05-08 13:57:22.838	3	0	0	0	0	0	0	0	0	0	0	0	0	
1199	2026-05-08 13:57:23.181	2026-05-08 13:57:23.290	3	0	0	0	0	0	0	0	0	0	0	0	0	
1199	2026-05-08 13:57:23.321	2026-05-08 13:57:23.352	3	0	0	0	0	0	0	0	0	0	0	0	0	
1199	2026-05-08 13:57:23.571	2026-05-08 13:57:23.649	3	0	0	0	0	0	0	0	0	0	0	0	0	
1199	2026-05-08 13:57:24.023	2026-05-08 13:57:24.117	3	0	0	0	0	0	0	0	0	0	0	0	0	
1199	2026-05-08 13:57:24.382	2026-05-08 13:57:27.580	3	0	0	0	0	0	0	0	0	0	0	0	0	
1199	2026-05-08 13:57:27.705	2026-05-08 13:57:27.767	3	0	0	0	0	0	0	0	0	0	0	0	0	
1199	2026-05-08 13:57:28.968	2026-05-08 13:57:31.714	3	0	0	0	0	0	0	0	0	0	0	0	0	
1199	2026-05-08 13:57:31.776	2026-05-08 13:57:31.901	3	0	0	0	0	0	0	0	0	0	0	0	0	
1199	2026-05-08 13:57:31.979	2026-05-08 13:57:32.307	3	0	0	0	0	0	0	0	0	0	0	0	0	
1199	2026-05-08 13:57:32.400	2026-05-08 13:57:32.541	3	0	0	0	0	0	0	0	0	0	0	0	0	
1199	2026-05-08 13:57:32.650	2026-05-08 13:57:32.728	3	0	0	0	0	0	0	0	0	0	0	0	0	
1199	2026-05-08 13:57:32.822	2026-05-08 13:57:32.931	3	0	0	0	0	0	0	0	0	0	0	0	0	
1199	2026-05-08 13:57:33.040	2026-05-08 13:57:33.087	3	0	0	0	0	0	0	0	0	0	0	0	0	
1199	2026-05-08 13:57:33.243	2026-05-08 13:57:33.321	3	0	0	0	0	0	0	0	0	0	0	0	0	
1199	2026-05-08 13:57:33.633	2026-05-08 13:57:33.648	3	0	0	0	0	0	0	0	0	0	0	0	0	
1199	2026-05-08 13:57:37.704	2026-05-08 13:57:40.715	3	0	0	0	0	0	0	0	0	0	0	0	0	
1199	2026-05-08 13:57:40.809	2026-05-08 13:57:40.871	3	0	0	0	0	0	0	0	0	0	0	0	0	
1199	2026-05-08 13:57:40.918	2026-05-08 13:57:41.230	3	0	0	0	0	0	0	0	0	0	0	0	0	
1199	2026-05-08 13:57:41.402	2026-05-08 13:57:46.550	3	0	0	0	0	0	0	0	0	0	0	0	0	
1199	2026-05-08 13:57:46.596	2026-05-08 13:57:46.706	3	0	0	0	0	0	0	0	0	0	0	0	0	
1199	2026-05-08 13:57:46.815	2026-05-08 13:57:46.877	3	0	0	0	0	0	0	0	0	0	0	0	0	
1199	2026-05-08 13:57:47.064	2026-05-08 13:57:47.111	3	0	0	0	0	0	0	0	0	0	0	0	0	
1199	2026-05-08 13:57:48.562	2026-05-08 13:57:49.514	3	0	0	0	0	0	0	0	0	0	0	0	0	
1199	2026-05-08 13:57:49.623	2026-05-08 13:58:04.443	3	0	0	0	0	0	0	0	0	0	0	0	0	
1199	2026-05-08 13:58:04.474	2026-05-08 13:58:04.630	3	0	0	0	0	0	0	0	0	0	0	0	0	
1199	2026-05-08 13:58:04.677	2026-05-08 13:58:04.833	3	0	0	0	0	0	0	0	0	0	0	0	0	
1199	2026-05-08 13:58:04.880	2026-05-08 13:58:04.989	3	0	0	0	0	0	0	0	0	0	0	0	0	
1199	2026-05-08 13:58:05.082	2026-05-08 13:58:05.223	3	0	0	0	0	0	0	0	0	0	0	0	0	
1199	2026-05-08 13:58:05.270	2026-05-08 13:58:07.766	3	0	0	0	0	0	0	0	0	0	0	0	0	
1199	2026-05-08 13:58:07.797	2026-05-08 13:58:14.879	3	0	0	0	0	0	0	0	0	0	0	0	0	
1199	2026-05-08 13:58:32.211	2026-05-08 13:58:32.273	3	0	0	0	0	0	0	0	0	0	0	0	0	
1199	2026-05-08 13:58:32.616	2026-05-08 13:58:32.694	3	0	0	0	0	0	0	0	0	0	0	0	0	
1199	2026-05-08 13:58:33.131	2026-05-08 13:58:33.194	3	0	0	0	0	0	0	0	0	0	0	0	0	
1199	2026-05-08 13:58:33.490	2026-05-08 13:58:33.630	3	0	0	0	0	0	0	0	0	0	0	0	0	
1199	2026-05-08 13:58:33.693	2026-05-08 13:58:33.849	3	0	0	0	0	0	0	0	0	0	0	0	0	
1199	2026-05-08 13:58:34.067	2026-05-08 13:58:34.208	3	0	0	0	0	0	0	0	0	0	0	0	0	
1199	2026-05-08 13:58:34.270	2026-05-08 13:58:34.364	3	0	0	0	0	0	0	0	0	0	0	0	0	
1199	2026-05-08 13:58:34.379	2026-05-08 13:58:34.426	3	0	0	0	0	0	0	0	0	0	0	0	0	
1199	2026-05-08 13:58:34.707	2026-05-08 13:58:34.941	3	0	0	0	0	0	0	0	0	0	0	0	0	
1199	2026-05-08 13:58:34.988	2026-05-08 13:58:39.075	3	0	0	0	0	0	0	0	0	0	0	0	0	
1199	2026-05-08 13:58:39.122	2026-05-08 13:58:39.215	3	0	0	0	0	0	0	0	0	0	0	0	0	
1199	2026-05-08 13:58:39.309	2026-05-08 13:58:39.418	3	0	0	0	0	0	0	0	0	0	0	0	0	
1199	2026-05-08 13:58:39.527	2026-05-08 13:58:39.574	3	0	0	0	0	0	0	0	0	0	0	0	0	
1199	2026-05-08 13:58:39.699	2026-05-08 13:58:39.777	3	0	0	0	0	0	0	0	0	0	0	0	0	
1199	2026-05-08 13:58:39.948	2026-05-08 13:58:40.104	3	0	0	0	0	0	0	0	0	0	0	0	0	
1199	2026-05-08 13:58:40.167	2026-05-08 13:58:40.323	3	0	0	0	0	0	0	0	0	0	0	0	0	
1199	2026-05-08 13:58:40.385	2026-05-08 13:58:40.541	3	0	0	0	0	0	0	0	0	0	0	0	0	
1199	2026-05-08 13:58:40.572	2026-05-08 13:58:40.947	3	0	0	0	0	0	0	0	0	0	0	0	0	
1199	2026-05-08 13:58:40.994	2026-05-08 13:58:41.196	3	0	0	0	0	0	0	0	0	0	0	0	0	
1199	2026-05-08 13:58:41.243	2026-05-08 13:58:41.399	3	0	0	0	0	0	0	0	0	0	0	0	0	
1199	2026-05-08 13:58:41.462	2026-05-08 13:58:41.649	3	0	0	0	0	0	0	0	0	0	0	0	0	
1199	2026-05-08 13:58:44.504	2026-05-08 13:58:44.566	3	0	0	0	0	0	0	0	0	0	0	0	0	
1199	2026-05-08 13:58:51.617	2026-05-08 13:58:54.753	3	0	0	0	0	0	0	0	0	0	0	0	0	
1199	2026-05-08 13:58:55.314	2026-05-08 13:58:55.689	3	0	0	0	0	0	0	0	0	0	0	0	0	
1199	2026-05-08 13:58:55.736	2026-05-08 13:58:56.079	3	0	0	0	0	0	0	0	0	0	0	0	0	
1199	2026-05-08 13:58:56.172	2026-05-08 13:58:56.360	3	0	0	0	0	0	0	0	0	0	0	0	0	
1199	2026-05-08 13:58:56.562	2026-05-08 13:58:56.687	3	0	0	0	0	0	0	0	0	0	0	0	0	
1199	2026-05-08 13:58:57.732	2026-05-08 13:58:57.748	3	0	0	0	0	0	0	0	0	0	0	0	0	
1199	2026-05-08 13:59:01.570	2026-05-08 13:59:02.225	3	0	0	0	0	0	0	0	0	0	0	0	0	
1199	2026-05-08 14:00:07.371	2026-05-08 14:00:07.402	3	0	0	0	0	0	0	0	0	0	0	0	0	
1199	2026-05-08 14:00:13.642	2026-05-08 14:00:13.673	3	0	0	0	0	0	0	0	0	0	0	0	0	
1199	2026-05-08 14:00:28.852	2026-05-08 14:00:28.868	3	0	0	0	0	0	0	0	0	0	0	0	0	
1199	2026-05-08 14:00:28.899	2026-05-08 14:00:28.930	3	0	0	0	0	0	0	0	0	0	0	0	0	
1199	2026-05-08 14:00:28.961	2026-05-08 14:00:28.977	3	0	0	0	0	0	0	0	0	0	0	0	0	
1199	2026-05-08 14:00:51.035	2026-05-08 14:00:51.082	3	0	0	0	0	0	0	0	0	0	0	0	0	
1199	2026-05-08 14:01:14.685	2026-05-08 14:01:14.732	3	0	0	0	0	0	0	0	0	0	0	0	0	
1199	2026-05-08 14:01:14.826	2026-05-08 14:01:14.857	3	0	0	0	0	0	0	0	0	0	0	0	0	
1199	2026-05-08 14:01:14.872	2026-05-08 14:01:15.325	3	0	0	0	0	0	0	0	0	0	0	0	0	
1199	2026-05-08 14:01:47.804	2026-05-08 14:01:47.835	3	0	0	0	0	0	0	0	0	0	0	0	0	
1199	2026-05-08 14:02:01.579	2026-05-08 14:02:01.938	3	0	0	0	0	0	0	0	0	0	0	0	0	
1199	2026-05-08 14:02:09.472	2026-05-08 14:02:09.784	3	0	0	0	0	0	0	0	0	0	0	0	0	
1199	2026-05-08 14:02:15.042	2026-05-08 14:02:15.135	3	0	0	0	0	0	0	0	0	0	0	0	0	
1199	2026-05-08 14:02:15.728	2026-05-08 14:02:17.101	3	0	0	0	0	0	0	0	0	0	0	0	0	
1199	2026-05-08 14:02:25.915	2026-05-08 14:02:26.523	3	0	0	0	0	0	0	0	0	0	0	0	0	
1199	2026-05-08 14:02:26.882	2026-05-08 14:02:27.054	3	0	0	0	0	0	0	0	0	0	0	0	0	
1199	2026-05-08 14:02:28.099	2026-05-08 14:02:30.376	3	0	0	0	0	0	0	0	0	0	0	0	0	
1199	2026-05-08 14:02:30.517	2026-05-08 14:02:30.844	3	0	0	0	0	0	0	0	0	0	0	0	0	
1199	2026-05-08 14:02:45.774	2026-05-08 14:02:46.179	3	0	0	0	0	0	0	0	0	0	0	0	0	
1199	2026-05-08 14:03:14.805	2026-05-08 14:03:15.273	3	0	0	0	0	0	0	0	0	0	0	0	0	
1199	2026-05-08 14:03:15.320	2026-05-08 14:03:15.414	3	0	0	0	0	0	0	0	0	0	0	0	0	
1199	2026-05-08 14:03:20.952	2026-05-08 14:03:23.729	4	0	0	0	0	0	0	0	0	0	0	0	0	
1199	2026-05-08 14:03:45.834	2026-05-08 14:03:46.005	4	0	0	0	0	0	0	0	0	0	0	0	0	
1199	2026-05-08 14:03:47.409	2026-05-08 14:03:47.456	4	0	0	0	0	0	0	0	0	0	0	0	0	
1199	2026-05-08 14:03:47.581	2026-05-08 14:03:47.612	4	0	0	0	0	0	0	0	0	0	0	0	0	
1201	2026-05-08 14:04:41.916	2026-05-08 14:04:44.630	4	0	0	0	0	0	0	0	0	0	0	0	0	
1201	2026-05-08 14:04:45.083	2026-05-08 14:04:45.410	4	0	0	0	0	0	0	0	0	0	0	0	0	
1201	2026-05-08 14:04:45.941	2026-05-08 14:04:46.206	4	0	0	0	0	0	0	0	0	0	0	0	0	
1201	2026-05-08 14:04:47.376	2026-05-08 14:04:48.078	3	0	0	0	0	0	0	0	0	0	0	0	0	
1201	2026-05-08 14:04:48.140	2026-05-08 14:04:48.234	4	0	0	0	0	0	0	0	0	0	0	0	0	
1203	2026-05-08 14:05:05.066	2026-05-08 14:05:05.519	3	0	0	0	0	0	0	0	0	0	0	0	0	
1203	2026-05-08 14:05:08.639	2026-05-08 14:05:08.748	3	0	0	0	0	0	0	0	0	0	0	0	0	
1203	2026-05-08 14:05:23.599	2026-05-08 14:05:24.629	4	0	0	0	0	2	0.0280000008642673	0.2652005	0	0	0	0	0	2026-05-08 14:05:24.254
1203	2026-05-08 14:05:28.654	2026-05-08 14:05:29.028	3	0	0	0	0	0	0	0	0	0	0	0	0	
1205	2026-05-08 14:05:54.050	2026-05-08 14:05:54.581	4	0	0	0	0	0	0	0	0	0	0	0	0	
1205	2026-05-08 14:05:59.994	2026-05-08 14:06:07.170	3	0	0	0	0	60	2.22599996626377	6.5520115	0	0	0	0	0	2026-05-08 14:06:00.493
1205	2026-05-08 14:06:09.416	2026-05-08 14:06:09.884	3	0	0	0	0	0	0	0	0	0	0	0	0	
1206	2026-05-08 14:06:14.892	2026-05-08 14:06:16.343	3	0	0	0	0	0	0	0	0	0	0	0	0	
1206	2026-05-08 14:06:16.624	2026-05-08 14:06:16.811	3	0	0	0	0	0	0	0	0	0	0	0	0	
1206	2026-05-08 14:06:16.842	2026-05-08 14:06:25.547	3	0	0	0	0	59	3.34599995613098	7.4256131	0	0	0	0	0	2026-05-08 14:06:17.045
1206	2026-05-08 14:06:30.508	2026-05-08 14:06:34.595	3	0	0	0	0	0	0	0	0	0	0	0	0	
1206	2026-05-08 14:06:34.907	2026-05-08 14:06:40.882	3	0	0	0	0	0	0	0	0	0	0	0	0	
1206	2026-05-08 14:06:41.194	2026-05-08 14:06:44.704	3	0	0	0	0	0	0	0	0	0	0	0	0	
1206	2026-05-08 14:06:56.700	2026-05-08 14:07:03.876	3	0	0	0	0	56	3.28999996185303	6.9264122	0	0	0	0	0	2026-05-08 14:06:56.950
1206	2026-05-08 14:07:14.344	2026-05-08 14:07:14.422	3	0	0	0	0	0	0	0	0	0	0	0	0	
1206	2026-05-08 14:07:14.515	2026-05-08 14:07:26.278	3	0	0	0	0	0	0	0	0	0	0	0	0	
1206	2026-05-08 14:07:26.309	2026-05-08 14:07:30.256	3	0	0	0	0	0	0	0	0	0	0	0	0	
1206	2026-05-08 14:07:32.206	2026-05-08 14:07:32.237	3	0	0	0	0	0	0	0	0	0	0	0	0	
1206	2026-05-08 14:07:32.487	2026-05-08 14:07:32.830	3	0	0	0	0	0	0	0	0	0	0	0	0	
1206	2026-05-08 14:07:32.955	2026-05-08 14:07:33.407	3	0	0	0	0	0	0	0	0	0	0	0	0	
1206	2026-05-08 14:07:33.516	2026-05-08 14:07:33.563	3	0	0	0	0	0	0	0	0	0	0	0	0	
1206	2026-05-08 14:07:35.560	2026-05-08 14:07:35.622	3	0	0	0	0	0	0	0	0	0	0	0	0	
1206	2026-05-08 14:07:36.387	2026-05-08 14:07:36.433	3	0	0	0	0	0	0	0	0	0	0	0	0	
1206	2026-05-08 14:07:36.558	2026-05-08 14:07:36.792	3	0	0	0	0	0	0	0	0	0	0	0	0	
1206	2026-05-08 14:07:36.995	2026-05-08 14:07:37.104	3	0	0	0	0	0	0	0	0	0	0	0	0	
1206	2026-05-08 14:07:44.077	2026-05-08 14:07:44.124	3	0	0	0	0	0	0	0	0	0	0	0	0	
1206	2026-05-08 14:08:31.345	2026-05-08 14:08:31.423	3	0	0	0	0	0	0	0	0	0	0	0	0	
1206	2026-05-08 14:08:37.632	2026-05-08 14:08:37.726	3	0	0	0	0	0	0	0	0	0	0	0	0	
1206	2026-05-08 14:08:39.052	2026-05-08 14:08:39.130	3	0	0	0	0	0	0	0	0	0	0	0	0	
1206	2026-05-08 14:08:39.239	2026-05-08 14:08:45.027	3	0	0	0	0	42	2.24000000953674	5.3352093	0	0	0	0	0	2026-05-08 14:08:39.676
1186	2026-05-08 13:00:28.772	2026-05-08 13:00:28.896	1	0	0	0	0	0	0	0	0	0	0	0	0	
1186	2026-05-08 13:00:33.888	2026-05-08 13:00:34.871	2	0	0	0	0	0	0	0	0	0	0	0	0	
1186	2026-05-08 13:00:42.780	2026-05-08 13:00:43.014	1	0	0	0	0	0	0	0	0	0	0	0	0	
1186	2026-05-08 13:02:19.282	2026-05-08 13:02:23.432	2	0	0	0	0	0	0	0	0	0	0	0	0	
1186	2026-05-08 13:02:24.337	2026-05-08 13:02:27.784	2	0	0	0	0	0	0	0	0	0	0	0	0	
1186	2026-05-08 13:02:48.111	2026-05-08 13:02:48.641	2	0	0	0	0	0	0	0	0	0	0	0	0	
1186	2026-05-08 13:02:48.860	2026-05-08 13:02:48.969	2	0	0	0	0	0	0	0	0	0	0	0	0	
1186	2026-05-08 13:02:49.031	2026-05-08 13:02:49.094	2	0	0	0	0	0	0	0	0	0	0	0	0	
1186	2026-05-08 13:02:50.482	2026-05-08 13:02:55.537	2	0	0	0	0	0	0	0	0	0	0	0	0	
1186	2026-05-08 13:03:02.931	2026-05-08 13:03:03.165	2	0	0	0	0	0	0	0	0	0	0	0	0	
1186	2026-05-08 13:03:07.377	2026-05-08 13:03:07.471	2	0	0	0	0	0	0	0	0	0	0	0	0	
1186	2026-05-08 13:03:07.533	2026-05-08 13:03:07.829	2	0	0	0	0	0	0	0	0	0	0	0	0	
1186	2026-05-08 13:03:07.892	2026-05-08 13:03:09.311	2	0	0	0	0	0	0	0	0	0	0	0	0	
1186	2026-05-08 13:03:09.701	2026-05-08 13:03:09.764	2	0	0	0	0	0	0	0	0	0	0	0	0	
1186	2026-05-08 13:03:09.795	2026-05-08 13:03:10.575	2	0	0	0	0	0	0	0	0	0	0	0	0	
1186	2026-05-08 13:03:10.637	2026-05-08 13:03:10.949	2	0	0	0	0	0	0	0	0	0	0	0	0	
1186	2026-05-08 13:03:11.043	2026-05-08 13:03:16.784	2	0	0	0	0	0	0	0	0	0	0	0	0	
1186	2026-05-08 13:03:16.893	2026-05-08 13:03:26.331	2	0	0	0	0	0	0	0	0	0	0	0	0	
1186	2026-05-08 13:03:26.409	2026-05-08 13:03:27.641	2	0	0	0	0	0	0	0	0	0	0	0	0	
1186	2026-05-08 13:03:29.638	2026-05-08 13:03:29.779	2	0	0	0	0	0	0	0	0	0	0	0	0	
1186	2026-05-08 13:03:29.857	2026-05-08 13:03:30.247	2	0	0	0	0	0	0	0	0	0	0	0	0	
1186	2026-05-08 13:03:34.552	2026-05-08 13:03:34.677	2	0	0	0	0	0	0	0	0	0	0	0	0	
1186	2026-05-08 13:08:15.665	2026-05-08 13:08:24.619	2	0	0	0	0	10	0.462000001221895	2.2464039	0	0	0	0	0	2026-05-08 13:08:20.594
1186	2026-05-08 13:08:36.350	2026-05-08 13:08:54.977	2	0	0	0	0	0	0	0	0	0	0	0	0	
1186	2026-05-08 13:08:56.303	2026-05-08 13:09:14.212	2	0	0	0	0	0	0	0	0	0	0	0	0	
1186	2026-05-08 13:09:14.321	2026-05-08 13:09:39.156	2	0	0	0	0	0	0	0	0	0	0	0	0	
1186	2026-05-08 13:18:35.579	2026-05-08 13:18:36.327	2	0	0	0	0	0	0	0	0	0	0	0	0	
1186	2026-05-08 13:18:37.841	2026-05-08 13:22:46.770	2	0	0	0	0	0	0	0	0	0	0	0	0	
1186	2026-05-08 13:22:49.734	2026-05-08 13:22:49.890	2	0	0	0	0	0	0	0	0	0	0	0	0	
1186	2026-05-08 13:25:54.579	2026-05-08 13:26:14.453	1	0	0	0	0	0	0	0	0	0	0	0	0	
1186	2026-05-08 13:29:34.415	2026-05-08 13:29:34.961	1	0	0	0	0	0	0	0	0	0	0	0	0	
1186	2026-05-08 13:29:35.179	2026-05-08 13:29:40.951	1	0	0	0	0	0	0	0	0	0	0	0	0	
1186	2026-05-08 13:31:13.678	2026-05-08 13:31:16.829	1	0	0	0	0	0	0	0	0	0	0	0	0	
1186	2026-05-08 13:31:16.891	2026-05-08 13:35:03.872	1	0	0	0	0	0	0	0	0	0	0	0	0	
1186	2026-05-08 13:44:34.068	2026-05-08 13:44:35.519	2	0	0	0	0	0	0	0	0	0	0	0	0	
1186	2026-05-08 14:01:38.709	2026-05-08 14:01:38.912	2	0	0	0	0	0	0	0	0	0	0	0	0	
1186	2026-05-08 14:13:42.270	2026-05-08 14:13:42.285	2	0	0	0	0	0	0	0	0	0	0	0	0	
1208	2026-05-08 14:15:15.199	2026-05-08 14:15:15.449	2	0	0	0	0	0	0	0	0	0	0	0	0	
1208	2026-05-08 14:15:15.511	2026-05-08 14:15:15.901	2	0	0	0	0	0	0	0	0	0	0	0	0	
1208	2026-05-08 14:15:22.921	2026-05-08 14:15:22.952	2	0	0	0	0	0	0	0	0	0	0	0	0	
1194	2026-05-08 13:54:32.345	2026-05-08 13:54:44.638	5	0	0	0	0	91	4.57800021767616	11.6844206	0	0	0	0	0	2026-05-08 13:54:32.813
1194	2026-05-08 13:54:48.272	2026-05-08 13:54:53.592	5	0	0	0	0	37	1.97399997711182	4.9140086	0	0	0	0	0	2026-05-08 13:54:48.506
1194	2026-05-08 13:58:13.304	2026-05-08 13:58:13.491	5	0	0	0	0	0	0	0	0	0	0	0	0	
1194	2026-05-08 13:58:14.224	2026-05-08 13:58:14.364	5	0	0	0	0	0	0	0	0	0	0	0	0	
1194	2026-05-08 14:02:41.577	2026-05-08 14:02:47.505	5	0	0	0	0	0	0	0	0	0	0	0	0	
1194	2026-05-08 14:02:57.817	2026-05-08 14:02:58.160	6	0	0	0	0	0	0	0	0	0	0	0	0	
1194	2026-05-08 14:04:10.763	2026-05-08 14:04:10.794	5	0	0	0	0	0	0	0	0	0	0	0	0	
1194	2026-05-08 14:04:10.934	2026-05-08 14:04:10.981	5	0	0	0	0	0	0	0	0	0	0	0	0	
1194	2026-05-08 14:04:11.075	2026-05-08 14:04:11.137	5	0	0	0	0	0	0	0	0	0	0	0	0	
1194	2026-05-08 14:04:11.262	2026-05-08 14:04:11.309	5	0	0	0	0	0	0	0	0	0	0	0	0	
1194	2026-05-08 14:04:11.402	2026-05-08 14:04:11.449	5	0	0	0	0	0	0	0	0	0	0	0	0	
1194	2026-05-08 14:04:11.558	2026-05-08 14:04:11.621	5	0	0	0	0	0	0	0	0	0	0	0	0	
1194	2026-05-08 14:04:11.808	2026-05-08 14:04:11.917	5	0	0	0	0	0	0	0	0	0	0	0	0	
1194	2026-05-08 14:04:11.995	2026-05-08 14:04:12.026	5	0	0	0	0	0	0	0	0	0	0	0	0	
1194	2026-05-08 14:04:12.744	2026-05-08 14:04:13.025	5	0	0	0	0	0	0	0	0	0	0	0	0	
1194	2026-05-08 14:04:13.118	2026-05-08 14:04:13.149	5	0	0	0	0	0	0	0	0	0	0	0	0	
1194	2026-05-08 14:04:27.954	2026-05-08 14:04:28.016	5	0	0	0	0	0	0	0	0	0	0	0	0	
1194	2026-05-08 14:17:50.341	2026-05-08 14:17:50.357	5	0	0	0	0	0	0	0	0	0	0	0	0	
1194	2026-05-08 14:19:07.203	2026-05-08 14:23:03.980	6	0	0	0	0	0	0	0	0	0	0	0	0	
1194	2026-05-08 14:23:21.826	2026-05-08 14:24:29.998	6	0	0	0	0	0	0	0	0	0	0	0	0	
1194	2026-05-08 14:24:54.631	2026-05-08 14:24:55.333	6	0	0	0	0	0	0	0	0	0	0	0	0	
1194	2026-05-08 14:24:55.972	2026-05-08 14:25:00.496	6	0	0	0	0	0	0	0	0	0	0	0	0	
1207	2026-05-08 14:08:58.599	2026-05-08 14:08:58.646	4	0	0	0	0	0	0	0	0	0	0	0	0	
1207	2026-05-08 14:08:58.817	2026-05-08 14:08:58.880	4	0	0	0	0	0	0	0	0	0	0	0	0	
1207	2026-05-08 14:08:59.036	2026-05-08 14:08:59.114	4	0	0	0	0	0	0	0	0	0	0	0	0	
1207	2026-05-08 14:08:59.394	2026-05-08 14:08:59.550	4	0	0	0	0	0	0	0	0	0	0	0	0	
1207	2026-05-08 14:08:59.753	2026-05-08 14:09:01.422	4	0	0	0	0	0	0	0	0	0	0	0	0	
1207	2026-05-08 14:09:05.322	2026-05-08 14:09:05.369	4	0	0	0	0	0	0	0	0	0	0	0	0	
1207	2026-05-08 14:09:05.463	2026-05-08 14:09:05.510	4	0	0	0	0	0	0	0	0	0	0	0	0	
1207	2026-05-08 14:09:05.619	2026-05-08 14:09:05.728	4	0	0	0	0	0	0	0	0	0	0	0	0	
1207	2026-05-08 14:09:05.822	2026-05-08 14:09:05.900	4	0	0	0	0	0	0	0	0	0	0	0	0	
1207	2026-05-08 14:09:05.993	2026-05-08 14:09:06.040	4	0	0	0	0	0	0	0	0	0	0	0	0	
1207	2026-05-08 14:09:06.680	2026-05-08 14:09:06.758	4	0	0	0	0	0	0	0	0	0	0	0	0	
1207	2026-05-08 14:09:06.898	2026-05-08 14:09:06.960	4	0	0	0	0	0	0	0	0	0	0	0	0	
1207	2026-05-08 14:09:07.288	2026-05-08 14:09:07.335	4	0	0	0	0	0	0	0	0	0	0	0	0	
1207	2026-05-08 14:09:07.974	2026-05-08 14:09:08.037	4	0	0	0	0	0	0	0	0	0	0	0	0	
1207	2026-05-08 14:09:08.536	2026-05-08 14:09:12.561	4	0	0	0	0	0	0	0	0	0	0	0	0	
1207	2026-05-08 14:09:12.888	2026-05-08 14:09:12.920	4	0	0	0	0	0	0	0	0	0	0	0	0	
1207	2026-05-08 14:09:12.982	2026-05-08 14:09:13.076	4	0	0	0	0	0	0	0	0	0	0	0	0	
1207	2026-05-08 14:09:13.107	2026-05-08 14:09:13.668	4	0	0	0	0	0	0	0	0	0	0	0	0	
1207	2026-05-08 14:09:13.746	2026-05-08 14:09:14.854	4	0	0	0	0	0	0	0	0	0	0	0	0	
1207	2026-05-08 14:09:14.948	2026-05-08 14:09:15.057	4	0	0	0	0	0	0	0	0	0	0	0	0	
1207	2026-05-08 14:09:15.182	2026-05-08 14:09:15.244	4	0	0	0	0	0	0	0	0	0	0	0	0	
1207	2026-05-08 14:09:15.306	2026-05-08 14:09:15.478	4	0	0	0	0	0	0	0	0	0	0	0	0	
1207	2026-05-08 14:09:15.572	2026-05-08 14:09:15.665	4	0	0	0	0	0	0	0	0	0	0	0	0	
1207	2026-05-08 14:09:15.821	2026-05-08 14:09:15.868	4	0	0	0	0	0	0	0	0	0	0	0	0	
1207	2026-05-08 14:09:16.008	2026-05-08 14:09:16.055	4	0	0	0	0	0	0	0	0	0	0	0	0	
1207	2026-05-08 14:09:16.211	2026-05-08 14:09:34.510	4	0	0	0	0	0	0	0	0	0	0	0	0	
1207	2026-05-08 14:09:34.806	2026-05-08 14:09:35.477	4	0	0	0	0	0	0	0	0	0	0	0	0	
1207	2026-05-08 14:09:39.783	2026-05-08 14:09:44.354	4	0	0	0	0	0	0	0	0	0	0	0	0	
1207	2026-05-08 14:09:45.321	2026-05-08 14:09:46.241	4	0	0	0	0	0	0	0	0	0	0	0	0	
1207	2026-05-08 14:09:46.397	2026-05-08 14:09:47.364	4	0	0	0	0	0	0	0	0	0	0	0	0	
1207	2026-05-08 14:09:47.895	2026-05-08 14:09:48.020	4	0	0	0	0	0	0	0	0	0	0	0	0	
1207	2026-05-08 14:09:48.129	2026-05-08 14:09:49.548	4	0	0	0	0	0	0	0	0	0	0	0	0	
1207	2026-05-08 14:09:49.907	2026-05-08 14:09:49.985	4	0	0	0	0	0	0	0	0	0	0	0	0	
1207	2026-05-08 14:09:50.609	2026-05-08 14:09:51.342	4	0	0	0	0	0	0	0	0	0	0	0	0	
1207	2026-05-08 14:09:51.436	2026-05-08 14:09:51.795	4	0	0	0	0	0	0	0	0	0	0	0	0	
1207	2026-05-08 14:09:52.013	2026-05-08 14:09:53.386	4	0	0	0	0	0	0	0	0	0	0	0	0	
1207	2026-05-08 14:09:53.542	2026-05-08 14:09:53.885	4	0	0	0	0	0	0	0	0	0	0	0	0	
1207	2026-05-08 14:09:54.743	2026-05-08 14:09:54.930	4	0	0	0	0	0	0	0	0	0	0	0	0	
1207	2026-05-08 14:09:55.632	2026-05-08 14:09:56.147	4	0	0	0	0	0	0	0	0	0	0	0	0	
1207	2026-05-08 14:10:02.762	2026-05-08 14:10:06.178	4	0	0	0	0	0	0	0	0	0	0	0	0	
1207	2026-05-08 14:11:05.333	2026-05-08 14:11:05.708	4	0	0	0	0	0	0	0	0	0	0	0	0	
1207	2026-05-08 14:11:06.082	2026-05-08 14:11:11.792	4	0	0	0	0	0	0	0	0	0	0	0	0	
1207	2026-05-08 14:11:13.040	2026-05-08 14:11:19.904	4	0	0	0	0	0	0	0	0	0	0	0	0	
1207	2026-05-08 14:11:30.200	2026-05-08 14:11:31.791	4	0	0	0	0	0	0	0	0	0	0	0	0	
1207	2026-05-08 14:11:31.931	2026-05-08 14:11:37.875	4	0	0	0	0	0	0	0	0	0	0	0	0	
1207	2026-05-08 14:11:38.515	2026-05-08 14:11:39.513	4	0	0	0	0	0	0	0	0	0	0	0	0	
1207	2026-05-08 14:11:39.794	2026-05-08 14:11:41.104	4	0	0	0	0	0	0	0	0	0	0	0	0	
1207	2026-05-08 14:11:49.965	2026-05-08 14:11:51.478	4	0	0	0	0	0	0	0	0	0	0	0	0	
1207	2026-05-08 14:12:14.566	2026-05-08 14:12:18.653	4	0	0	0	0	0	0	0	0	0	0	0	0	
1207	2026-05-08 14:12:18.763	2026-05-08 14:12:18.841	4	0	0	0	0	0	0	0	0	0	0	0	0	
1207	2026-05-08 14:12:18.872	2026-05-08 14:12:21.352	4	0	0	0	0	0	0	0	0	0	0	0	0	
1207	2026-05-08 14:12:21.727	2026-05-08 14:12:22.912	4	0	0	0	0	0	0	0	0	0	0	0	0	
1207	2026-05-08 14:12:43.333	2026-05-08 14:12:44.768	4	0	0	0	0	0	0	0	0	0	0	0	0	
1207	2026-05-08 14:12:46.297	2026-05-08 14:14:51.596	4	0	0	0	0	0	0	0	0	0	0	0	0	
1207	2026-05-08 14:14:52.938	2026-05-08 14:17:00.047	4	0	0	0	0	0	0	0	0	0	0	0	0	
1207	2026-05-08 14:17:00.250	2026-05-08 14:17:00.920	4	0	0	0	0	0	0	0	0	0	0	0	0	
1207	2026-05-08 14:17:01.357	2026-05-08 14:17:01.716	4	0	0	0	0	0	0	0	0	0	0	0	0	
1207	2026-05-08 14:17:00.109	2026-05-08 14:17:02.246	3	0	0	0	0	0	0	0	0	0	0	0	0	
1207	2026-05-08 14:17:02.278	2026-05-08 14:17:02.496	4	0	0	0	0	0	0	0	0	0	0	0	0	
1207	2026-05-08 14:17:23.166	2026-05-08 14:17:23.213	4	0	0	0	0	0	0	0	0	0	0	0	0	
1207	2026-05-08 14:20:01.085	2026-05-08 14:20:01.163	4	0	0	0	0	0	0	0	0	0	0	0	0	
1207	2026-05-08 14:20:02.380	2026-05-08 14:20:02.910	4	0	0	0	0	0	0	0	0	0	0	0	0	
1207	2026-05-08 14:21:22.158	2026-05-08 14:22:43.388	4	0	0	0	0	0	0	0	0	0	0	0	0	
1207	2026-05-08 14:23:47.613	2026-05-08 14:23:47.785	4	0	0	0	0	0	0	0	0	0	0	0	0	
1207	2026-05-08 14:25:36.080	2026-05-08 14:25:36.096	3	0	0	0	0	0	0	0	0	0	0	0	0	
1207	2026-05-08 14:23:47.847	2026-05-08 14:26:03.240	4	0	0	0	0	0	0	0	0	0	0	0	0	
1209	2026-05-08 14:17:17.519	2026-05-08 14:17:17.550	2	0	0	0	0	0	0	0	0	0	0	0	0	
1209	2026-05-08 14:17:20.982	2026-05-08 14:17:21.122	2	0	0	0	0	0	0	0	0	0	0	0	0	
1209	2026-05-08 14:18:34.411	2026-05-08 14:18:34.755	2	0	0	0	0	0	0	0	0	0	0	0	0	
1209	2026-05-08 14:24:15.990	2026-05-08 14:24:16.192	2	0	0	0	0	0	0	0	0	0	0	0	0	
1209	2026-05-08 14:26:29.229	2026-05-08 14:26:29.323	2	0	0	0	0	0	0	0	0	0	0	0	0	
1210	2026-05-08 14:21:49.318	2026-05-08 14:21:49.692	7	0	0	0	0	0	0	0	0	0	0	0	0	
1210	2026-05-08 14:21:52.781	2026-05-08 14:21:53.187	7	0	0	0	0	0	0	0	0	0	0	0	0	
1210	2026-05-08 14:22:08.335	2026-05-08 14:23:08.582	7	0	0	0	0	0	0	0	0	0	0	0	0	
1210	2026-05-08 14:23:36.272	2026-05-08 14:24:15.303	7	0	0	0	0	0	0	0	0	0	0	0	0	
1210	2026-05-08 14:24:15.865	2026-05-08 14:24:15.912	7	0	0	0	0	0	0	0	0	0	0	0	0	
1210	2026-05-08 14:24:16.317	2026-05-08 14:24:16.551	7	0	0	0	0	0	0	0	0	0	0	0	0	
1210	2026-05-08 14:24:16.660	2026-05-08 14:25:03.523	7	0	0	0	0	0	0	0	0	0	0	0	0	
1210	2026-05-08 14:25:10.434	2026-05-08 14:25:12.306	7	0	0	0	0	0	0	0	0	0	0	0	0	
1210	2026-05-08 14:25:14.302	2026-05-08 14:25:14.349	7	0	0	0	0	0	0	0	0	0	0	0	0	
1210	2026-05-08 14:26:53.066	2026-05-08 14:26:53.160	7	0	0	0	0	0	0	0	0	0	0	0	0	
1211	2026-05-08 14:25:38.560	2026-05-08 14:25:38.888	5	0	0	0	0	0	0	0	0	0	0	0	0	
1211	2026-05-08 14:25:41.368	2026-05-08 14:25:41.415	5	0	0	0	0	0	0	0	0	0	0	0	0	
1211	2026-05-08 14:25:41.540	2026-05-08 14:25:41.696	5	0	0	0	0	0	0	0	0	0	0	0	0	
1211	2026-05-08 14:25:45.378	2026-05-08 14:25:45.409	6	0	0	0	0	0	0	0	0	0	0	0	0	
1211	2026-05-08 14:25:45.440	2026-05-08 14:25:46.236	6	0	0	0	0	0	0	0	0	0	0	0	0	
1211	2026-05-08 14:25:49.184	2026-05-08 14:25:50.588	6	0	0	0	0	4	0.30800000205636	0.8736016	0	0	0	0	0	2026-05-08 14:25:49.496
1211	2026-05-08 14:26:47.450	2026-05-08 14:26:47.591	6	0	0	0	0	0	0	0	0	0	0	0	0	
1211	2026-05-08 14:27:19.181	2026-05-08 14:27:21.162	6	0	0	0	0	0	0	0	0	0	0	0	0	
1211	2026-05-08 14:27:21.240	2026-05-08 14:27:22.285	6	0	0	0	0	0	0	0	0	0	0	0	0	
1211	2026-05-08 14:27:22.940	2026-05-08 14:27:23.393	6	0	0	0	0	0	0	0	0	0	0	0	0	
1211	2026-05-08 14:25:41.961	2026-05-08 14:27:26.544	5	0	0	0	0	0	0	0	0	0	0	0	0	
1212	2026-05-08 14:27:49.585	2026-05-08 14:27:49.850	7	0	0	0	0	0	0	0	0	0	0	0	0	
1212	2026-05-08 14:27:51.535	2026-05-08 14:27:51.566	7	0	0	0	0	0	0	0	0	0	0	0	0	
