VisitID	AnimalTag	Start	End	ModuleName	Cage	Corner	CornerCondition	PlaceError	AntennaNumber	AntennaDuration	PresenceNumber	PresenceDuration	VisitSolution	LickNumber	LickContactTime	LickDuration
0	263000247234	2026-05-07 15:05:59.011	2026-05-07 15:06:05.017	Default	1	1	0	0	2	2.8860051	1	6.0060105	0	0	0	0
1	263000247234	2026-05-07 15:06:14.861	2026-05-07 15:06:17.637	Default	1	2	0	0	1	1.3572024	1	2.6520046	0	0	0	0
2	263000247234	2026-05-07 15:06:25.625	2026-05-07 15:06:26.841	Default	1	3	0	0	1	1.2168021	1	4.4304078	0	0	0	0
3	263000247234	2026-05-07 15:06:59.679	2026-05-07 15:07:09.570	Default	1	4	0	0	2	3.0732054	1	10.1868179	0	0	0	0
4	263000247234	2026-05-07 15:07:19.008	2026-05-07 15:07:24.094	Default	1	1	0	0	2	2.2152039	1	4.8516085	0	0	0	0
5	263000247234	2026-05-07 15:10:17.769	2026-05-07 15:10:26.739	Default	1	2	0	0	3	5.0544089	1	8.7984155	0	1	0.0419999994337559	0.2184004
6	263000247234	2026-05-07 15:10:47.237	2026-05-07 15:10:54.850	Default	1	3	0	0	2	2.3244041	1	13.0416229	0	1	0.0419999994337559	0.2184003
7	263000247234	2026-05-07 15:11:03.414	2026-05-07 15:11:16.019	Default	1	4	0	0	2	2.3556042	1	12.6048221	0	4	0.0560000017285347	0.4680008
8	263000247234	2026-05-07 15:11:22.571	2026-05-07 15:11:38.436	Default	1	1	0	0	5	7.9730138	1	15.8652278	0	0	0	0
9	263000247234	2026-05-07 15:15:15.620	2026-05-07 15:15:21.018	Default	1	2	0	0	2	2.7300049	1	5.0232088	0	0	0	0
10	263000247234	2026-05-07 15:15:25.776	2026-05-07 15:21:00.552	Default	1	1	0	0	14	33.025258	1	334.776588	0	72	3.03799993731081	9.3330164
11	263000247234	2026-05-07 15:21:58.740	2026-05-07 15:22:10.971	Default	1	1	0	0	2	4.492808	1	12.2304215	0	0	0	0
12	263000247234	2026-05-07 15:22:36.492	2026-05-07 15:23:04.588	Default	1	3	0	0	2	2.2308039	1	41.2620725	0	0	0	0
13	263000247234	2026-05-07 15:24:05.303	2026-05-07 15:24:06.614	Default	1	4	0	0	1	1.2012021	1	8.2056144	0	0	0	0
14	263000247234	2026-05-07 15:24:21.730	2026-05-07 15:24:41.137	Default	1	1	0	0	4	8.1120143	1	19.4220342	0	3	0.042000001296401	0.6552012
15	263000247234	2026-05-07 15:24:47.096	2026-05-07 15:24:55.785	Default	1	1	0	0	2	3.4944061	1	8.6892153	0	0	0	0
16	263000247234	2026-05-07 15:26:06.406	2026-05-07 15:26:25.704	Default	1	4	0	0	1	1.3884025	1	19.2972339	0	1	0.0140000004321337	0.2184004
17	263000247234	2026-05-07 15:26:32.224	2026-05-07 15:26:50.866	Default	1	3	0	0	2	2.0124035	1	18.6576327	0	0	0	0
19	263000247290	2026-05-07 15:27:33.688	2026-05-07 15:27:36.044	Default	1	1	0	0	1	2.3556042	1	1.4160025	0	0	0	0
18	263000247234	2026-05-07 15:27:21.817	2026-05-07 15:27:51.301	Default	1	3	0	0	6	9.594017	1	32.994058	0	0	0	0
20	263000247290	2026-05-07 15:27:54.530	2026-05-07 15:27:57.962	Default	1	3	0	0	3	3.4320061	3	2.6520046	0	0	0	0
22	263000247290	2026-05-07 15:28:09.069	2026-05-07 15:28:11.051	Default	1	4	0	0	1	2.1996039	1	1.1232019	0	0	0	0
21	263000247234	2026-05-07 15:27:58.134	2026-05-07 15:28:19.802	Default	1	3	0	0	4	5.8968103	1	21.6840381	0	0	0	0
23	263000247290	2026-05-07 15:28:18.804	2026-05-07 15:28:24.170	Default	1	2	0	0	1	6.286811	1	4.6644082	0	0	0	0
24	263000247234	2026-05-07 15:28:25.434	2026-05-07 15:28:42.594	Default	1	4	0	0	1	1.716003	1	19.4844343	0	0	0	0
25	263000247290	2026-05-07 15:28:45.293	2026-05-07 15:28:49.271	Default	1	4	0	0	2	3.8844068	1	3.416406	0	0	0	0
26	263000247290	2026-05-07 15:28:52.874	2026-05-07 15:28:56.478	Default	1	3	0	0	2	3.3384059	2	2.8392049	0	0	0	0
27	263000247290	2026-05-07 15:29:07.242	2026-05-07 15:29:11.111	Default	1	1	0	0	2	3.4164059	2	3.3384059	0	0	0	0
28	263000247234	2026-05-07 15:29:11.984	2026-05-07 15:29:20.049	Default	1	1	0	0	2	3.0576053	1	8.0964142	0	0	0	0
29	263000247290	2026-05-07 15:29:26.009	2026-05-07 15:29:27.943	Default	1	4	0	0	1	1.9454034	1	1.0452018	0	0	0	0
30	263000247234	2026-05-07 15:29:28.458	2026-05-07 15:29:41.234	Default	1	2	0	0	2	2.1216037	1	12.7764225	0	0	0	0
31	263000247234	2026-05-07 15:29:57.677	2026-05-07 15:29:59.767	Default	1	1	0	0	1	1.5600028	1	4.8048084	0	0	0	0
32	263000247290	2026-05-07 15:30:33.806	2026-05-07 15:30:43.416	Default	1	2	0	0	3	7.5660133	1	9.2664163	0	0	0	0
33	263000247290	2026-05-07 15:30:58.907	2026-05-07 15:31:08.844	Default	1	1	0	0	2	7.0824123	1	9.5160167	0	0	0	0
34	263000247234	2026-05-07 15:31:10.154	2026-05-07 15:31:15.365	Default	1	1	0	0	2	2.1528038	1	4.8048085	0	0	0	0
35	263000247290	2026-05-07 15:31:25.988	2026-05-07 15:31:32.338	Default	1	4	0	0	2	2.9172051	1	5.9592105	0	0	0	0
36	263000247234	2026-05-07 15:31:53.335	2026-05-07 15:31:55.083	Default	1	2	0	0	1	1.747203	1	4.1184072	0	0	0	0
37	263000247290	2026-05-07 15:31:54.209	2026-05-07 15:32:17.515	Default	1	3	0	0	5	8.5800152	1	23.1816407	0	0	0	0
38	263000247234	2026-05-07 15:32:11.447	2026-05-07 15:32:19.153	Default	1	4	0	0	3	3.416406	1	7.7064135	0	0	0	0
39	263000247290	2026-05-07 15:32:28.201	2026-05-07 15:32:30.869	Default	1	2	0	0	2	2.6052046	1	2.0436036	0	0	0	0
40	263000247234	2026-05-07 15:34:10.647	2026-05-07 15:34:18.962	Default	1	3	0	0	2	5.70961	1	20.1552354	0	0	0	0
41	263000247290	2026-05-07 15:34:19.679	2026-05-07 15:34:41.176	Default	1	3	0	0	3	6.0528107	1	21.5592379	0	1	0.0419999994337559	0.2184004
42	263000247290	2026-05-07 15:34:45.107	2026-05-07 15:34:52.782	Default	1	4	0	0	2	4.9764087	1	7.5816133	0	0	0	0
43	263000247290	2026-05-07 15:35:08.398	2026-05-07 15:35:15.449	Default	1	1	0	0	2	4.8048084	1	6.8796121	0	0	0	0
44	263000247290	2026-05-07 15:36:36.788	2026-05-07 15:36:48.254	Default	1	2	0	0	2	7.7064135	1	11.2164197	0	0	0	0
46	263000247234	2026-05-07 15:37:27.238	2026-05-07 15:37:29.344	Default	1	1	0	0	1	2.1060037	1	11.2944198	0	0	0	0
47	263000247234	2026-05-07 15:37:35.928	2026-05-07 15:37:43.166	Default	1	4	0	0	2	2.5584045	1	7.2228127	0	0	0	0
45	263000247290	2026-05-07 15:36:50.235	2026-05-07 15:40:46.544	Default	1	2	0	0	13	30.0300531	1	236.309215	0	26	1.13399997353554	3.2136056
49	263000247290	2026-05-07 15:41:00.709	2026-05-07 15:41:10.693	Default	1	3	0	0	2	3.0732053	1	9.9996176	0	0	0	0
50	263000247290	2026-05-07 15:41:15.467	2026-05-07 15:41:20.646	Default	1	4	0	0	2	3.6394065	1	5.1792091	0	0	0	0
51	263000247290	2026-05-07 15:42:12.220	2026-05-07 15:42:26.946	Default	1	2	0	0	2	6.5520116	1	14.7264259	0	0	0	0
52	263000247290	2026-05-07 15:42:48.287	2026-05-07 15:42:54.262	Default	1	4	0	0	2	5.5224097	1	5.69401	0	0	0	0
53	263000247290	2026-05-07 15:44:35.896	2026-05-07 15:45:03.539	Default	1	2	0	0	5	11.1384196	1	27.6432486	0	18	0.811999976634979	2.0592036
48	263000247234	2026-05-07 15:38:34.162	2026-05-07 15:47:02.817	Default	1	1	0	0	22	67.5169187	1	511.244098	0	38	1.63800002261996	4.9920088
55	263000247234	2026-05-07 15:50:10.360	2026-05-07 15:50:16.398	Default	1	3	0	0	2	2.4336043	1	6.0996107	0	0	0	0
54	263000247290	2026-05-07 15:45:05.910	2026-05-07 15:59:07.376	Default	1	2	0	0	9	21.1068369	1	841.4654779	0	16	0.727999985218048	1.7940031
56	263000247234	2026-05-07 15:53:32.178	2026-05-07 15:59:29.263	Default	1	1	0	0	6	9.2076161	1	357.0846272	0	13	0.196000002324581	2.1312038
57	263000247290	2026-05-07 15:59:12.009	2026-05-07 15:59:31.930	Default	1	2	0	0	3	7.4412131	1	19.9212349	0	0	0	0
59	263000247275	2026-05-07 15:59:52.163	2026-05-07 15:59:55.283	Default	1	3	0	0	1	1.2324021	1	3.6896065	0	0	0	0
58	263000247234	2026-05-07 15:59:50.463	2026-05-07 16:00:01.133	Default	1	2	0	0	2	2.0124035	1	10.6704187	0	0	0	0
60	263000247275	2026-05-07 16:00:13.192	2026-05-07 16:00:18.637	Default	1	1	0	0	3	3.6816065	1	5.2572092	0	0	0	0
61	263000247290	2026-05-07 16:00:19.947	2026-05-07 16:00:36.530	Default	1	1	0	0	3	8.8452154	1	16.6140292	0	0	0	0
62	263000247290	2026-05-07 16:00:39.650	2026-05-07 16:00:46.420	Default	1	4	0	0	2	3.3072058	1	6.7704119	0	0	0	0
63	263000247234	2026-05-07 16:00:46.608	2026-05-07 16:00:47.949	Default	1	1	0	0	1	1.3416024	1	10.1712179	0	0	0	0
64	263000247275	2026-05-07 16:00:49.852	2026-05-07 16:00:50.866	Default	1	3	0	0	1	1.0140018	1	2.5428044	0	0	0	0
66	263000247275	2026-05-07 16:01:05.094	2026-05-07 16:01:06.108	Default	1	4	0	0	1	1.0140018	1	4.1652073	0	0	0	0
67	263000247234	2026-05-07 16:01:25.966	2026-05-07 16:01:26.980	Default	1	4	0	0	1	1.0140018	1	4.0404071	0	0	0	0
68	263000247275	2026-05-07 16:01:32.425	2026-05-07 16:01:35.545	Default	1	2	0	0	2	2.4336043	1	7.2540128	0	0	0	0
69	263000247275	2026-05-07 16:02:27.899	2026-05-07 16:02:31.658	Default	1	1	0	0	2	2.9328051	1	3.3228059	0	0	0	0
65	263000247290	2026-05-07 16:00:54.002	2026-05-07 16:02:45.246	Default	1	3	0	0	5	11.1696196	1	111.3685956	0	2	0.084000002592802	0.4836009
71	263000247275	2026-05-07 16:02:49.926	2026-05-07 16:02:54.325	Default	1	2	0	0	2	2.9062051	1	4.0872072	0	0	0	0
72	263000247290	2026-05-07 16:03:08.474	2026-05-07 16:03:13.638	Default	1	3	0	0	2	2.8080049	1	5.2260092	0	0	0	0
74	263000247290	2026-05-07 16:04:22.918	2026-05-07 16:04:27.036	Default	1	4	0	0	2	3.8376067	1	3.5568063	0	0	0	0
73	263000247275	2026-05-07 16:03:29.893	2026-05-07 16:05:33.757	Default	1	3	0	0	7	8.8296155	0	0	3	90	6.21600001677871	14.1024246
75	263000247290	2026-05-07 16:05:33.757	2026-05-07 16:05:36.019	Default	1	3	0	0	1	1.8720033	0	0	3	0	0	0
77	263000247290	2026-05-07 16:06:02.820	2026-05-07 16:06:13.194	Default	1	2	0	0	2	6.8328119	1	10.1400178	0	0	0	0
78	263000247290	2026-05-07 16:08:28.400	2026-05-07 16:10:04.917	Default	1	4	0	0	6	21.0132369	1	96.5173695	0	50	1.90400004573166	6.5818117
76	263000247275	2026-05-07 16:05:36.019	2026-05-07 16:10:18.115	Default	1	3	0	0	9	14.086825	1	417.2071328	0	26	1.23199997842312	3.1130055
79	263000247290	2026-05-07 16:10:07.741	2026-05-07 16:10:38.660	Default	1	4	0	0	3	5.6316098	1	30.763254	0	0	0	0
81	263000247275	2026-05-07 16:11:59.000	2026-05-07 16:12:12.276	Default	1	4	0	0	4	5.2808093	1	13.4940237	0	15	0.629999995231628	1.669203
82	263000247275	2026-05-07 16:12:42.306	2026-05-07 16:13:03.194	Default	1	3	0	0	4	6.1308106	1	20.8884367	0	0	0	0
83	263000247275	2026-05-07 16:13:55.517	2026-05-07 16:14:00.228	Default	1	3	0	0	1	0.9984017	1	4.7232082	0	0	0	0
84	263000247275	2026-05-07 16:14:49.883	2026-05-07 16:19:42.633	Default	1	3	0	0	9	18.6264328	1	297.5861226	0	29	1.18999998643994	3.8220068
85	263000247275	2026-05-07 16:20:44.955	2026-05-07 16:20:49.728	Default	1	4	0	0	2	2.4336042	1	6.9108122	0	0	0	0
86	263000247275	2026-05-07 16:20:55.922	2026-05-07 16:21:07.169	Default	1	3	0	0	3	3.463206	1	13.8216243	0	2	0.0839999988675117	0.3588006
88	263000247298	2026-05-07 16:22:15.685	2026-05-07 16:22:19.195	Default	1	3	0	0	2	2.9016051	1	3.0264053	0	0	0	0
87	263000247275	2026-05-07 16:22:03.485	2026-05-07 16:22:31.191	Default	1	4	0	0	2	3.6816065	1	28.3920499	0	0	0	0
89	263000247298	2026-05-07 16:23:06.276	2026-05-07 16:23:11.564	Default	1	4	0	0	2	3.7128065	1	5.0544089	0	0	0	0
90	263000247298	2026-05-07 16:23:43.482	2026-05-07 16:23:48.910	Default	1	3	0	0	2	3.416406	1	4.9764088	0	0	0	0
91	263000247275	2026-05-07 16:24:11.359	2026-05-07 16:24:23.839	Default	1	4	0	0	4	5.3196094	1	14.7108258	0	0	0	0
93	263000247298	2026-05-07 16:27:12.288	2026-05-07 16:27:16.796	Default	1	4	0	0	2	2.277604	1	4.0248071	0	0	0	0
94	263000247298	2026-05-07 16:28:36.934	2026-05-07 16:28:49.539	Default	1	4	0	0	2	6.5364114	1	12.6048221	0	13	0.182000003755093	2.1010037
95	263000247298	2026-05-07 16:29:52.781	2026-05-07 16:29:56.338	Default	1	4	0	0	2	3.0264053	1	3.5256062	0	0	0	0
96	263000247298	2026-05-07 16:30:37.054	2026-05-07 16:30:45.759	Default	1	4	0	0	2	6.8952121	1	8.6736152	0	12	0.168000001460314	1.6848027
97	263000247298	2026-05-07 16:32:07.862	2026-05-07 16:33:53.879	Default	1	4	0	0	6	23.2284407	1	106.0177862	0	66	2.82799994945526	7.5816133
92	263000247275	2026-05-07 16:26:08.936	2026-05-07 16:34:16.780	Default	1	3	0	0	17	26.832047	0	0	3	37	1.24600002169609	4.0872072
99	263000247209	2026-05-07 16:34:25.797	2026-05-07 16:34:32.022	Default	1	4	0	0	2	4.2900076	1	5.7720102	0	0	0	0
98	263000247298	2026-05-07 16:34:16.780	2026-05-07 16:34:39.260	Default	1	3	0	0	4	17.3316303	0	0	1	0	0	0
100	263000247298	2026-05-07 16:34:39.322	2026-05-07 16:34:46.420	Default	1	4	0	0	2	3.1044055	1	7.0980125	0	0	0	0
101	263000247298	2026-05-07 16:34:59.602	2026-05-07 16:35:17.418	Default	1	4	0	0	3	4.6800082	1	17.8152313	0	21	0.895999971777201	2.6364046
102	263000247209	2026-05-07 16:36:22.158	2026-05-07 16:37:35.915	Default	1	4	0	0	5	10.3428181	1	73.7569296	0	51	3.0239999294281	6.1932109
103	263000247298	2026-05-07 16:37:10.284	2026-05-07 16:37:47.349	Default	1	3	0	0	2	5.8968104	0	0	1	0	0	0
70	263000247234	2026-05-07 16:02:39.926	2026-05-07 16:37:53.574	Default	1	1	0	0	39	99.9025749	0	0	3	25	1.35800004005432	3.1200054
104	263000247209	2026-05-07 16:37:53.574	2026-05-07 16:38:05.991	Default	1	1	0	0	1	5.8188102	0	0	1	0	0	0
105	263000247298	2026-05-07 16:38:01.514	2026-05-07 16:38:38.221	Default	1	4	0	0	4	8.9076158	1	36.7068645	0	0	0	0
107	263000247298	2026-05-07 16:39:33.414	2026-05-07 16:39:57.797	Default	1	3	0	0	2	8.2992147	0	0	1	0	0	0
106	263000247209	2026-05-07 16:39:09.468	2026-05-07 16:40:07.547	Default	1	4	0	0	3	9.157216	0	0	3	56	2.87000010348856	7.1046126
108	263000247298	2026-05-07 16:40:07.547	2026-05-07 16:40:40.245	Default	1	4	0	0	1	4.009207	0	0	1	53	2.89800000190735	6.4584114
109	263000247298	2026-05-07 16:40:40.245	2026-05-07 16:41:23.862	Default	1	1	0	0	1	6.5364115	0	0	1	0	0	0
110	263000247209	2026-05-07 16:40:43.755	2026-05-07 16:41:39.634	Default	1	4	0	0	4	7.9560139	1	150.1658637	0	0	0	0
80	263000247290	2026-05-07 16:10:42.076	2026-05-07 16:42:00.538	Default	1	2	0	0	20	58.2157021	0	0	3	13	0.461999986320734	1.5288027
112	263000247298	2026-05-07 16:42:00.538	2026-05-07 16:42:03.003	Default	1	2	0	0	1	1.7316031	0	0	3	0	0	0
113	263000247290	2026-05-07 16:42:03.003	2026-05-07 16:44:25.837	Default	1	2	0	0	2	15.8964278	0	0	3	0	0	0
116	263000247209	2026-05-07 16:44:25.837	2026-05-07 16:44:35.337	Default	1	2	0	0	2	8.7360154	0	0	3	0	0	0
117	263000247290	2026-05-07 16:44:35.337	2026-05-07 16:47:12.866	Default	1	2	0	0	4	24.8196436	1	2190.7898479	0	0	0	0
111	263000247275	2026-05-07 16:41:41.100	2026-05-07 16:48:16.670	Default	1	3	0	0	3	9.0948161	0	0	3	0	0	0
119	263000247209	2026-05-07 16:48:16.670	2026-05-07 16:48:52.223	Default	1	3	0	0	1	6.0372106	0	0	1	0	0	0
118	263000247219	2026-05-07 16:47:37.639	2026-05-07 16:49:11.301	Default	1	2	0	0	19	35.9398631	0	0	3	53	2.81400009989738	6.3648112
120	263000247209	2026-05-07 16:49:11.301	2026-05-07 16:49:20.115	Default	1	2	0	0	1	2.7924049	0	0	1	0	0	0
122	263000247290	2026-05-07 16:49:32.689	2026-05-07 16:50:03.047	Default	1	2	0	0	5	14.5080255	0	0	3	0	0	0
121	263000247209	2026-05-07 16:49:20.115	2026-05-07 16:50:09.178	Default	1	3	0	0	2	13.7124241	0	0	1	14	0.504000008106232	1.7472031
123	263000247219	2026-05-07 16:50:03.047	2026-05-07 16:50:09.178	Default	1	2	0	0	1	1.2168022	0	0	3	0	0	0
124	263000247209	2026-05-07 16:50:09.178	2026-05-07 16:50:18.850	Default	1	2	0	0	2	2.839205	0	0	3	0	0	0
126	263000247209	2026-05-07 16:50:55.681	2026-05-07 16:51:18.722	Default	1	3	0	0	3	7.7220135	0	0	1	0	0	0
114	263000247298	2026-05-07 16:42:31.878	2026-05-07 16:51:18.722	Default	1	4	0	0	11	59.3893044	0	0	3	15	0.629999995231628	1.7940031
125	263000247219	2026-05-07 16:50:18.850	2026-05-07 16:51:36.663	Default	1	2	0	0	7	18.3768325	1	253.5160452	0	19	0.825999975204468	2.2308039
127	263000247209	2026-05-07 16:51:18.722	2026-05-07 16:51:40.765	Default	1	4	0	0	3	3.6816065	0	0	3	0	0	0
129	263000247241	2026-05-07 16:51:37.427	2026-05-07 16:51:42.013	Default	1	2	0	0	2	3.6036063	1	4.586408	0	0	0	0
131	263000247209	2026-05-07 16:51:45.851	2026-05-07 16:51:59.953	Default	1	2	0	0	3	5.2884093	1	14.1024248	0	0	0	0
128	263000247290	2026-05-07 16:51:19.175	2026-05-07 16:52:02.543	Default	1	3	0	0	2	3.8376067	0	0	3	0	0	0
132	263000247219	2026-05-07 16:52:02.543	2026-05-07 16:52:13.042	Default	1	3	0	0	2	2.1216037	0	0	3	0	0	0
133	263000247209	2026-05-07 16:52:06.459	2026-05-07 16:52:17.223	Default	1	2	0	0	3	4.4616078	1	10.7640189	0	0	0	0
135	263000247290	2026-05-07 16:52:22.215	2026-05-07 16:52:41.465	Default	1	2	0	0	5	15.3192268	1	18.5952326	0	72	2.43600010871887	6.864012
134	263000247275	2026-05-07 16:52:13.042	2026-05-07 16:52:53.898	Default	1	3	0	0	4	5.3820095	1	1606.2724213	0	0	0	0
130	263000247298	2026-05-07 16:51:40.765	2026-05-07 16:52:56.301	Default	1	4	0	0	5	25.2564444	0	0	3	0	0	0
137	263000247241	2026-05-07 16:52:56.301	2026-05-07 16:53:25.691	Default	1	4	0	0	4	10.9276192	0	0	1	0	0	0
138	263000247219	2026-05-07 16:53:06.082	2026-05-07 16:53:25.691	Default	1	3	0	0	2	2.277604	0	0	3	0	0	0
139	263000247241	2026-05-07 16:53:25.691	2026-05-07 16:56:03.205	Default	1	3	0	0	8	30.124653	1	187.2627289	0	52	2.57499994337559	6.4740115
136	263000247209	2026-05-07 16:52:43.852	2026-05-07 16:56:03.345	Default	1	2	0	0	7	9.5698168	0	0	3	22	1.25999999046326	2.5896045
141	263000247241	2026-05-07 16:56:03.345	2026-05-07 16:56:12.409	Default	1	2	0	0	2	2.5740045	0	0	3	0	0	0
143	263000247209	2026-05-07 16:56:12.409	2026-05-07 16:56:29.397	Default	1	2	0	0	6	13.2600231	0	0	3	0	0	0
142	263000247290	2026-05-07 16:56:07.401	2026-05-07 16:58:29.361	Default	1	3	0	0	9	13.2288233	0	0	3	46	2.26800001785159	5.6940102
144	263000247241	2026-05-07 16:56:29.397	2026-05-07 16:58:35.242	Default	1	2	0	0	15	33.555659	0	0	3	56	2.75800003856421	7.4256131
145	263000247275	2026-05-07 16:58:29.361	2026-05-07 16:59:02.761	Default	1	3	0	0	2	2.1528037	0	0	3	1	0.293999999761581	0.4836009
146	263000247209	2026-05-07 16:58:35.242	2026-05-07 16:59:04.836	Default	1	2	0	0	2	2.6520047	0	0	3	1	0.266000002622604	0.4680008
147	263000247290	2026-05-07 16:59:02.761	2026-05-07 16:59:06.131	Default	1	3	0	0	1	1.8564032	0	0	3	0	0	0
148	263000247241	2026-05-07 16:59:04.836	2026-05-07 17:00:19.435	Default	1	2	0	0	3	8.8764156	0	0	3	23	0.672000013291836	2.9912052
115	263000247234	2026-05-07 16:42:46.402	2026-05-07 17:00:20.168	Default	1	1	0	0	16	59.1085037	0	0	3	6	0.084000002592802	1.2636021
150	263000247219	2026-05-07 17:00:19.435	2026-05-07 17:00:27.719	Default	1	2	0	0	2	5.4756095	0	0	3	0	0	0
151	263000247209	2026-05-07 17:00:20.168	2026-05-07 17:00:35.425	Default	1	1	0	0	2	5.5848098	0	0	3	7	0.0980000011622906	1.2480022
152	263000247290	2026-05-07 17:00:27.719	2026-05-07 17:01:22.584	Default	1	2	0	0	4	13.9308243	0	0	3	0	0	0
154	263000247209	2026-05-07 17:01:22.584	2026-05-07 17:02:10.398	Default	1	2	0	0	3	11.4504201	0	0	3	19	0.979999974370003	2.5428045
155	263000247241	2026-05-07 17:02:10.398	2026-05-07 17:02:37.854	Default	1	2	0	0	1	1.7160031	0	0	3	0	0	0
156	263000247209	2026-05-07 17:02:37.854	2026-05-07 17:03:53.452	Default	1	2	0	0	8	29.7492523	0	0	1	2	0.0979999974370003	0.2964005
149	263000247275	2026-05-07 16:59:06.131	2026-05-07 17:03:53.452	Default	1	3	0	0	13	18.0492315	0	0	3	70	3.79899997264147	9.5558169
153	263000247234	2026-05-07 17:00:35.425	2026-05-07 17:04:04.419	Default	1	1	0	0	7	14.829026	0	0	3	0	0	0
159	263000247284	2026-05-07 17:04:04.419	2026-05-07 17:04:17.179	Default	1	1	0	0	2	5.4444096	0	0	3	0	0	0
158	263000247290	2026-05-07 17:03:59.973	2026-05-07 17:04:35.665	Default	1	2	0	0	3	5.9904106	0	0	3	0	0	0
160	263000247234	2026-05-07 17:04:17.179	2026-05-07 17:04:44.807	Default	1	1	0	0	3	6.9108122	1	3724.8809425	0	0	0	0
161	263000247241	2026-05-07 17:04:35.665	2026-05-07 17:05:17.848	Default	1	2	0	0	1	3.2760057	0	0	3	0	0	0
157	263000247209	2026-05-07 17:03:53.452	2026-05-07 17:05:44.243	Default	1	3	0	0	10	29.3436516	0	0	3	58	3.27599990367889	6.8952121
164	263000247284	2026-05-07 17:05:44.243	2026-05-07 17:05:47.285	Default	1	3	0	0	1	1.0608019	0	0	3	0	0	0
165	263000247238	2026-05-07 17:05:47.285	2026-05-07 17:06:23.415	Default	1	3	0	0	8	25.615245	0	0	3	79	4.83000004291534	10.0620176
162	263000247290	2026-05-07 17:04:46.726	2026-05-07 17:06:37.549	Default	1	1	0	0	2	9.4224165	0	0	3	79	3.75200005993247	9.9066174
166	263000247284	2026-05-07 17:06:23.415	2026-05-07 17:07:05.644	Default	1	3	0	0	3	4.4928079	0	0	3	9	0.532000005245209	1.2480022
168	263000247275	2026-05-07 17:07:05.644	2026-05-07 17:07:12.009	Default	1	3	0	0	2	3.2292057	0	0	3	0	0	0
169	263000247209	2026-05-07 17:07:12.009	2026-05-07 17:07:42.320	Default	1	3	0	0	1	1.8408032	0	0	1	0	0	0
163	263000247234	2026-05-07 17:05:17.848	2026-05-07 17:07:42.320	Default	1	2	0	0	2	3.6504063	0	0	3	0	0	0
170	263000247209	2026-05-07 17:07:42.320	2026-05-07 17:07:55.642	Default	1	2	0	0	1	1.4508026	0	0	1	0	0	0
167	263000247238	2026-05-07 17:06:37.549	2026-05-07 17:08:37.310	Default	1	1	0	0	4	29.8272525	0	0	3	0	0	0
172	263000247275	2026-05-07 17:08:51.896	2026-05-07 17:09:17.059	Default	1	3	0	0	3	6.9732122	1	789.704587	0	0	0	0
173	263000247208	2026-05-07 17:09:17.854	2026-05-07 17:09:20.912	Default	1	3	0	0	1	1.7316031	1	3.2292057	0	0	0	0
140	263000247298	2026-05-07 16:53:28.811	2026-05-07 17:09:23.751	Default	1	4	0	0	7	113.271799	0	0	3	0	0	0
174	263000247208	2026-05-07 17:09:23.751	2026-05-07 17:09:41.239	Default	1	4	0	0	1	2.6052046	1	1629.3604618	0	0	0	0
175	263000247254	2026-05-07 17:10:08.695	2026-05-07 17:10:14.202	Default	1	4	0	0	2	2.7300048	1	5.5536098	0	0	0	0
171	263000247290	2026-05-07 17:08:37.310	2026-05-07 17:10:40.831	Default	1	1	0	0	3	17.8464314	1	354.1518221	0	10	0.377999991178513	1.123202
177	263000247234	2026-05-07 17:10:44.856	2026-05-07 17:10:50.955	Default	1	4	0	0	1	1.0140017	1	6.0996108	0	0	0	0
176	263000247219	2026-05-07 17:10:11.721	2026-05-07 17:11:05.292	Default	1	3	0	0	2	2.1372038	0	0	3	0	0	0
179	263000247208	2026-05-07 17:11:04.044	2026-05-07 17:11:08.115	Default	1	1	0	0	2	2.7612049	1	4.0872072	0	0	0	0
181	263000247231	2026-05-07 17:11:18.599	2026-05-07 17:11:24.277	Default	1	1	0	0	2	2.277604	1	5.4756096	0	0	0	0
178	263000247254	2026-05-07 17:10:53.873	2026-05-07 17:11:28.926	Default	1	4	0	0	4	14.6640257	0	0	3	62	3.20599994063377	7.0044123
182	263000247298	2026-05-07 17:11:28.926	2026-05-07 17:11:34.386	Default	1	4	0	0	1	1.4040025	0	0	3	0	0	0
183	263000247254	2026-05-07 17:11:34.386	2026-05-07 17:11:41.702	Default	1	4	0	0	1	3.7284066	1	47.839684	0	0	0	0
184	263000247254	2026-05-07 17:11:43.699	2026-05-07 17:11:59.003	Default	1	2	0	0	2	5.7564102	0	0	1	0	0	0
185	263000247254	2026-05-07 17:11:59.003	2026-05-07 17:13:14.928	Default	1	1	0	0	6	16.7232294	1	75.9409334	0	32	1.59599995613098	3.5604063
187	263000247208	2026-05-07 17:12:43.993	2026-05-07 17:13:20.248	Default	1	4	0	0	3	4.9920088	1	36.2700637	0	23	1.21799999848008	2.6052045
188	263000247254	2026-05-07 17:13:34.178	2026-05-07 17:13:42.992	Default	1	4	0	0	3	6.7438118	1	8.8296155	0	0	0	0
186	263000247284	2026-05-07 17:12:42.652	2026-05-07 17:13:59.622	Default	1	2	0	0	1	0.9984018	0	0	3	0	0	0
189	263000247234	2026-05-07 17:13:54.365	2026-05-07 17:14:08.530	Default	1	1	0	0	2	2.4648044	1	14.1648249	0	0	0	0
191	263000247298	2026-05-07 17:15:19.541	2026-05-07 17:17:25.636	Default	1	4	0	0	6	20.5140361	1	126.0950215	0	51	2.39399999380112	6.3804113
193	263000247231	2026-05-07 17:17:38.693	2026-05-07 17:17:40.893	Default	1	4	0	0	1	1.138802	1	10.0152176	0	0	0	0
194	263000247290	2026-05-07 17:18:02.608	2026-05-07 17:18:06.056	Default	1	4	0	0	2	3.1356055	1	3.3384059	0	0	0	0
192	263000247254	2026-05-07 17:16:31.301	2026-05-07 17:19:23.900	Default	1	1	0	0	9	20.0772351	1	172.6923033	0	53	2.95399990677834	6.3336112
195	263000247234	2026-05-07 17:19:25.007	2026-05-07 17:19:56.754	Default	1	1	0	0	5	8.3928145	1	31.7616558	0	13	0.224000001326203	1.7004029
196	263000247231	2026-05-07 17:20:37.594	2026-05-07 17:20:56.252	Default	1	1	0	0	3	12.5112219	1	18.6732328	0	67	2.64599997550249	7.0498125
180	263000247275	2026-05-07 17:11:05.292	2026-05-07 17:20:57.188	Default	1	3	0	0	4	4.8490085	0	0	3	0	0	0
198	263000247254	2026-05-07 17:20:57.188	2026-05-07 17:21:05.550	Default	1	3	0	0	1	6.240011	0	0	3	0	0	0
199	263000247275	2026-05-07 17:21:05.550	2026-05-07 17:21:56.640	Default	1	3	0	0	9	11.4348201	0	0	3	0	0	0
200	263000247208	2026-05-07 17:21:55.376	2026-05-07 17:22:19.541	Default	1	1	0	0	4	6.5676115	1	24.2892427	0	25	1.06400001049042	2.7768049
201	263000247298	2026-05-07 17:21:56.640	2026-05-07 17:23:31.285	Default	1	3	0	0	1	2.1684038	0	0	3	0	0	0
203	263000247234	2026-05-07 17:24:53.903	2026-05-07 17:26:07.769	Default	1	1	0	0	6	7.0824125	1	73.8661298	0	72	2.81400004588068	8.9700157
202	263000247275	2026-05-07 17:23:31.285	2026-05-07 17:26:50.926	Default	1	3	0	0	36	53.7420948	0	0	3	0	0	0
197	263000247238	2026-05-07 17:20:51.478	2026-05-07 17:28:00.323	Default	1	4	0	0	39	182.2707198	0	0	3	171	6.45400004461408	22.0736384
206	263000247284	2026-05-07 17:28:00.323	2026-05-07 17:28:04.847	Default	1	4	0	0	1	1.3416024	0	0	3	0	0	0
204	263000247208	2026-05-07 17:26:21.653	2026-05-07 17:29:03.082	Default	1	1	0	0	8	17.6592312	1	161.4446836	0	84	2.60400003939867	10.9356191
205	263000247254	2026-05-07 17:26:50.926	2026-05-07 17:29:40.647	Default	1	3	0	0	2	2.5820045	0	0	3	0	0	0
207	263000247238	2026-05-07 17:28:04.847	2026-05-07 17:37:05.887	Default	1	4	0	0	6	16.3176287	0	0	3	0	0	0
210	263000247209	2026-05-07 17:37:05.887	2026-05-07 17:43:21.973	Default	1	4	0	0	4	51.6984907	0	0	3	62	0.924000022932887	11.5204197
209	263000247254	2026-05-07 17:30:01.754	2026-05-07 17:44:29.178	Default	1	1	0	0	34	169.1738969	0	0	3	151	6.62200007401407	17.2184303
212	263000247234	2026-05-07 17:44:29.178	2026-05-07 17:45:07.725	Default	1	1	0	0	3	6.7704118	0	0	3	5	0.0700000002980232	0.7176012
208	263000247275	2026-05-07 17:29:40.647	2026-05-07 19:05:04.266	Default	1	3	0	0	91	151.6010667	0	0	3	13	0.727999992668629	2.4804044
214	263000247231	2026-05-07 19:05:04.266	2026-05-07 19:05:22.752	Default	1	3	0	0	1	7.5036131	0	0	1	0	0	0
215	263000247275	2026-05-07 19:11:37.870	2026-05-07 19:22:35.068	Default	1	3	0	0	2	2.5116044	1	7969.102397	0	0	0	0
211	263000247238	2026-05-07 17:43:21.973	2026-05-07 19:37:23.724	Default	1	4	0	0	167	1033.7284156	0	0	3	21	1.35800004005432	3.3696059
190	263000247241	2026-05-07 17:13:59.622	2026-05-07 19:42:40.857	Default	1	2	0	0	294	847.681889599999	0	0	3	38	2.1139999050647	5.1012089
217	263000247284	2026-05-07 19:37:23.724	2026-05-07 19:44:15.611	Default	1	4	0	0	1	1.3416024	0	0	3	0	0	0
218	263000247290	2026-05-07 19:42:40.857	2026-05-07 19:44:50.930	Default	1	2	0	0	1	2.870405	0	0	1	0	0	0
216	263000247275	2026-05-07 19:29:49.092	2026-05-07 19:44:50.930	Default	1	3	0	0	69	99.0651741	0	0	3	40	2.30999997258186	5.5692098
220	263000247290	2026-05-07 19:44:50.930	2026-05-07 19:47:05.324	Default	1	3	0	0	1	2.9484052	0	0	1	0	0	0
213	263000247254	2026-05-07 17:45:07.725	2026-05-07 19:47:05.324	Default	1	1	0	0	36	164.2204883	0	0	3	364	12.222000092268	45.1490789
221	263000247290	2026-05-07 19:47:05.324	2026-05-07 19:47:39.815	Default	1	1	0	0	1	16.1148283	0	0	1	76	1.62400004640222	8.3304148
222	263000247290	2026-05-07 19:47:39.815	2026-05-07 19:49:19.500	Default	1	2	0	0	1	1.5444028	0	0	3	0	0	0
224	263000247254	2026-05-07 19:49:28.017	2026-05-07 19:55:53.120	Default	1	1	0	0	21	96.9697702	0	0	3	0	0	0
226	263000247208	2026-05-07 19:55:53.120	2026-05-07 19:55:57.971	Default	1	1	0	0	1	1.8564033	0	0	3	0	0	0
223	263000247284	2026-05-07 19:49:19.500	2026-05-07 19:56:04.492	Default	1	2	0	0	18	37.5180659	0	0	3	166	9.89800026826561	23.4156412
227	263000247254	2026-05-07 19:55:57.971	2026-05-07 19:56:11.762	Default	1	1	0	0	1	10.3116181	1	8770.0234037	0	0	0	0
229	263000247298	2026-05-07 19:56:22.104	2026-05-07 19:56:51.526	Default	1	1	0	0	3	18.8292331	0	0	3	59	2.77100002765656	7.1604125
228	263000247208	2026-05-07 19:56:04.492	2026-05-07 19:59:28.572	Default	1	2	0	0	1	3.8376067	0	0	1	0	0	0
230	263000247234	2026-05-07 19:56:51.526	2026-05-07 19:59:28.572	Default	1	1	0	0	2	8.002814	0	0	3	35	1.75	4.2744075
231	263000247208	2026-05-07 19:59:28.572	2026-05-07 20:00:28.522	Default	1	1	0	0	3	3.9000069	0	0	3	6	0.084000002592802	1.2480023
219	263000247238	2026-05-07 19:44:15.611	2026-05-07 20:03:45.566	Default	1	4	0	0	15	34.5852605	0	0	3	0	0	0
234	263000247234	2026-05-07 20:03:45.566	2026-05-07 20:03:59.076	Default	1	4	0	0	5	5.8812104	0	0	3	19	0.266000000759959	3.1784055
235	263000247238	2026-05-07 20:03:59.076	2026-05-07 20:04:09.622	Default	1	4	0	0	1	3.6036064	0	0	3	0	0	0
236	263000247234	2026-05-07 20:04:09.622	2026-05-07 20:04:35.471	Default	1	4	0	0	3	4.7424082	0	0	3	32	1.66600003838539	4.9926088
237	263000247238	2026-05-07 20:04:35.471	2026-05-07 20:05:10.353	Default	1	4	0	0	4	22.6668397	0	0	3	0	0	0
238	263000247290	2026-05-07 20:05:10.353	2026-05-07 20:06:17.167	Default	1	4	0	0	1	1.7628031	0	0	3	0	0	0
239	263000247238	2026-05-07 20:06:17.167	2026-05-07 20:06:20.022	Default	1	4	0	0	1	1.3260023	1	9928.5438386	0	0	0	0
240	263000247231	2026-05-07 20:06:23.485	2026-05-07 20:06:32.549	Default	1	4	0	0	2	2.4492043	0	0	3	9	0.406000003218651	1.3260023
225	263000247275	2026-05-07 19:52:01.428	2026-05-07 20:06:37.853	Default	1	3	0	0	7	7.1760126	0	0	3	0	0	0
242	263000247234	2026-05-07 20:06:37.853	2026-05-07 20:07:17.711	Default	1	3	0	0	1	1.5912028	0	0	3	0	0	0
232	263000247284	2026-05-07 19:59:41.395	2026-05-07 20:08:43.730	Default	1	2	0	0	2	2.2932041	1	11759.8778551	0	3	0.042000001296401	0.6396011
244	263000247238	2026-05-07 20:09:30.951	2026-05-07 20:09:45.631	Default	1	2	0	0	2	5.4756095	1	14.6796258	0	0	0	0
241	263000247290	2026-05-07 20:06:32.549	2026-05-07 20:11:46.796	Default	1	4	0	0	5	34.8504613	0	0	1	184	10.4429997466505	25.2876442
245	263000247254	2026-05-07 20:10:19.139	2026-05-07 20:11:46.796	Default	1	2	0	0	10	31.2936549	0	0	3	106	5.71199989318848	12.2304215
246	263000247290	2026-05-07 20:11:46.796	2026-05-07 20:11:56.343	Default	1	2	0	0	1	8.2212145	0	0	3	0	0	0
247	263000247254	2026-05-07 20:11:56.343	2026-05-07 20:14:42.827	Default	1	2	0	0	4	11.1696196	1	263.6872631	0	0	0	0
248	263000247290	2026-05-07 20:14:53.700	2026-05-07 20:15:48.004	Default	1	2	0	0	6	36.4728641	1	54.3036954	0	237	9.2679998241365	26.9568474
233	263000247298	2026-05-07 20:00:28.522	2026-05-07 20:15:50.437	Default	1	1	0	0	12	35.1744617	1	1168.0208515	0	12	0.182000003755093	2.5740044
250	263000247290	2026-05-07 20:16:54.366	2026-05-07 20:17:06.659	Default	1	2	0	0	2	4.8204084	0	0	3	0	0	0
243	263000247275	2026-05-07 20:07:17.711	2026-05-07 20:17:53.428	Default	1	3	0	0	9	22.9788404	1	2896.2074869	0	0	0	0
252	263000247231	2026-05-07 20:18:25.970	2026-05-07 20:18:48.293	Default	1	4	0	0	1	4.2588075	1	744.8077082	0	7	0.0980000030249357	1.4014024
253	263000247208	2026-05-07 20:19:05.500	2026-05-07 20:20:03.360	Default	1	3	0	0	2	2.1528038	1	57.8917017	0	101	5.41800012625754	13.4940237
255	263000247219	2026-05-07 20:20:43.343	2026-05-07 20:20:57.477	Default	1	3	0	0	3	3.5568063	0	0	3	39	1.75	4.9764087
256	263000247254	2026-05-07 20:20:57.477	2026-05-07 20:21:02.625	Default	1	3	0	0	1	2.3556041	1	33.8988595	0	0	0	0
254	263000247209	2026-05-07 20:19:58.259	2026-05-07 20:21:05.745	Default	1	4	0	0	3	11.2320198	0	0	3	190	10.1499996483326	22.7292399
258	263000247298	2026-05-07 20:21:05.745	2026-05-07 20:21:12.484	Default	1	4	0	0	2	6.7080118	0	0	3	0	0	0
259	263000247209	2026-05-07 20:21:12.484	2026-05-07 20:21:27.320	Default	1	4	0	0	1	1.2480022	1	89.0761565	0	0	0	0
249	263000247234	2026-05-07 20:15:50.936	2026-05-07 20:23:03.478	Default	1	1	0	0	18	53.3052935	1	432.5419598	0	74	1.80600004643202	12.2018211
260	263000247298	2026-05-07 20:21:31.891	2026-05-07 20:23:06.396	Default	1	4	0	0	8	23.6808416	1	94.504966	0	46	2.00200009346008	5.2884092
261	263000247290	2026-05-07 20:23:07.534	2026-05-07 20:23:26.005	Default	1	4	0	0	3	15.2100267	1	18.5484325	0	91	1.37199999392033	9.690217
262	263000247275	2026-05-07 20:23:28.126	2026-05-07 20:23:51.136	Default	1	1	0	0	2	4.8984085	1	23.0412405	0	0	0	0
263	263000247208	2026-05-07 20:23:43.851	2026-05-07 20:24:08.983	Default	1	4	0	0	3	4.1808074	1	25.1472442	0	60	1.73599995672703	8.0964143
264	263000247208	2026-05-07 20:24:16.721	2026-05-07 20:24:22.633	Default	1	1	0	0	2	2.4492043	1	5.9904105	0	0	0	0
265	263000247234	2026-05-07 20:24:23.351	2026-05-07 20:24:43.740	Default	1	1	0	0	4	4.7424083	0	0	3	7	0.0980000030249357	1.5600028
266	263000247290	2026-05-07 20:24:43.740	2026-05-07 20:25:14.877	Default	1	1	0	0	1	1.9656034	1	51.5736906	0	0	0	0
251	263000247284	2026-05-07 20:17:06.659	2026-05-07 20:25:38.106	Default	1	2	0	0	13	19.0476335	1	538.3881457	0	101	5.01199989393353	13.8750244
267	263000247219	2026-05-07 20:24:55.034	2026-05-07 20:25:48.651	Default	1	4	0	0	9	19.8044346	0	0	3	0	0	0
268	263000247241	2026-05-07 20:25:48.651	2026-05-07 20:25:56.342	Default	1	4	0	0	1	3.6660064	0	0	3	0	0	0
257	263000247254	2026-05-07 20:21:03.077	2026-05-07 20:27:19.802	Default	1	3	0	0	22	31.8552561	1	376.7562618	0	84	4.45200002193451	10.2080179
272	263000247208	2026-05-07 20:27:27.134	2026-05-07 20:27:46.104	Default	1	3	0	0	1	2.9328051	1	19.2504338	0	18	0.252000005915761	3.1044055
270	263000247219	2026-05-07 20:25:56.342	2026-05-07 20:27:57.009	Default	1	4	0	0	3	5.0856088	1	201.8799546	0	0	0	0
271	263000247241	2026-05-07 20:26:08.776	2026-05-07 20:29:56.910	Default	1	2	0	0	8	34.1484601	1	228.1348007	0	143	6.84599988348782	18.9762332
273	263000247208	2026-05-07 20:27:47.305	2026-05-07 20:30:11.777	Default	1	3	0	0	5	7.6284134	1	144.5186538	0	4	0.167999997735023	0.5304009
269	263000247298	2026-05-07 20:25:55.890	2026-05-07 20:30:30.248	Default	1	1	0	0	20	190.0551338	1	274.4512821	0	0	0	0
276	263000247275	2026-05-07 20:30:18.298	2026-05-07 20:30:45.894	Default	1	2	0	0	5	8.1588144	1	27.5964485	0	25	0.378000002354383	3.1824055
275	263000247290	2026-05-07 20:30:13.181	2026-05-07 20:30:54.022	Default	1	3	0	0	5	22.1988389	1	40.9500719	0	89	4.75999999791384	10.7484188
278	263000247234	2026-05-07 20:31:39.247	2026-05-07 20:31:41.165	Default	1	1	0	0	1	1.0764019	1	4.3680076	0	0	0	0
277	263000247238	2026-05-07 20:30:46.924	2026-05-07 20:31:49.153	Default	1	2	0	0	1	1.2012021	0	0	3	53	3.06599994376302	7.2696128
274	263000247209	2026-05-07 20:28:25.993	2026-05-07 20:31:53.645	Default	1	4	0	0	11	20.927237	1	207.6519648	0	119	6.17400002852082	14.227225
279	263000247234	2026-05-07 20:31:49.153	2026-05-07 20:32:14.347	Default	1	2	0	0	1	1.9188033	0	0	1	0	0	0
282	263000247219	2026-05-07 20:33:03.143	2026-05-07 20:33:22.129	Default	1	1	0	0	5	8.0808142	1	18.9952334	0	15	0.406000010669231	1.9500035
283	263000247290	2026-05-07 20:33:23.033	2026-05-07 20:33:42.424	Default	1	1	0	0	3	7.987214	1	19.4844342	0	0	0	0
280	263000247234	2026-05-07 20:32:14.347	2026-05-07 20:33:53.282	Default	1	3	0	0	3	3.8376068	1	108.0769898	0	38	1.94600003957748	4.7424083
284	263000247254	2026-05-07 20:33:51.566	2026-05-07 20:34:07.135	Default	1	4	0	0	3	11.5440202	1	15.5688273	0	18	0.252000004053116	3.2604058
286	263000247254	2026-05-07 20:34:12.033	2026-05-07 20:34:32.173	Default	1	4	0	0	5	12.6828222	1	20.1396354	0	0	0	0
288	263000247219	2026-05-07 20:34:42.547	2026-05-07 20:34:44.731	Default	1	1	0	0	1	1.2984023	1	7.987214	0	0	0	0
285	263000247275	2026-05-07 20:34:10.208	2026-05-07 20:35:51.811	Default	1	3	0	0	5	5.6784098	1	103.9273826	0	0	0	0
289	263000247298	2026-05-07 20:34:45.324	2026-05-07 20:36:51.590	Default	1	1	0	0	15	36.2076636	1	126.3134219	0	28	1.27400004863739	3.2604058
287	263000247231	2026-05-07 20:34:33.140	2026-05-07 20:37:47.906	Default	1	4	0	0	5	5.3508092	1	194.7663421	0	35	0.644000012427568	3.8376067
291	263000247209	2026-05-07 20:38:02.180	2026-05-07 20:38:10.074	Default	1	3	0	0	3	4.1652072	1	7.7376136	0	0	0	0
292	263000247234	2026-05-07 20:38:26.470	2026-05-07 20:38:39.215	Default	1	4	0	0	2	2.1060036	1	16.5672291	0	9	0.167999997735023	0.9672017
290	263000247208	2026-05-07 20:36:54.258	2026-05-07 20:38:47.748	Default	1	1	0	0	2	3.1200054	1	113.5525995	0	25	0.350000007078052	4.7354084
293	263000247219	2026-05-07 20:39:20.290	2026-05-07 20:39:30.336	Default	1	3	0	0	1	1.2480022	1	32.0112562	0	0	0	0
281	263000247238	2026-05-07 20:32:25.407	2026-05-07 20:40:26.949	Default	1	2	0	0	22	418.0963343	0	0	3	41	1.18999999761581	5.3976095
297	263000247275	2026-05-07 20:40:35.107	2026-05-07 20:40:47.416	Default	1	4	0	0	1	1.6848029	1	16.9572298	0	0	0	0
296	263000247209	2026-05-07 20:40:26.949	2026-05-07 20:40:57.961	Default	1	2	0	0	2	2.4180043	0	0	1	0	0	0
294	263000247298	2026-05-07 20:39:49.914	2026-05-07 20:41:07.010	Default	1	3	0	0	5	11.3412199	1	77.1109355	0	95	4.50800001434982	12.0432212
299	263000247234	2026-05-07 20:41:12.782	2026-05-07 20:41:13.983	Default	1	3	0	0	1	0.9984018	1	4.4772078	0	0	0	0
300	263000247254	2026-05-07 20:41:42.172	2026-05-07 20:42:11.921	Default	1	3	0	0	7	16.0368281	0	0	3	59	3.05200004577637	6.7392118
301	263000247290	2026-05-07 20:42:11.921	2026-05-07 20:42:21.468	Default	1	3	0	0	2	4.3056076	0	0	3	0	0	0
302	263000247254	2026-05-07 20:42:21.468	2026-05-07 20:42:36.429	Default	1	3	0	0	1	1.2636022	1	54.2880953	0	0	0	0
295	263000247231	2026-05-07 20:40:11.723	2026-05-07 20:42:41.904	Default	1	1	0	0	4	12.1992214	0	0	3	43	0.783999998122454	5.74081
303	263000247254	2026-05-07 20:42:41.904	2026-05-07 20:42:51.249	Default	1	1	0	0	1	8.6268151	0	0	3	0	0	0
304	263000247231	2026-05-07 20:42:51.249	2026-05-07 20:42:53.027	Default	1	1	0	0	1	1.731603	1	161.4758836	0	0	0	0
307	263000247208	2026-05-07 20:43:11.669	2026-05-07 20:45:06.033	Default	1	2	0	0	2	4.5084079	0	0	3	0	0	0
305	263000247254	2026-05-07 20:42:53.714	2026-05-07 20:46:07.638	Default	1	1	0	0	7	23.0256405	1	194.0019407	0	0	0	0
308	263000247298	2026-05-07 20:45:06.033	2026-05-07 20:46:10.539	Default	1	2	0	0	2	4.0560071	0	0	3	0	0	0
309	263000247238	2026-05-07 20:46:10.539	2026-05-07 20:46:18.620	Default	1	2	0	0	1	2.6052046	1	931.6960364	0	0	0	0
298	263000247209	2026-05-07 20:40:58.008	2026-05-07 20:46:43.658	Default	1	4	0	0	10	21.4968378	1	345.6498071	0	174	9.74399995803833	20.7168364
311	263000247275	2026-05-07 20:46:32.629	2026-05-07 20:46:54.360	Default	1	2	0	0	5	9.3912164	0	0	3	23	0.336000004783273	4.1386073
312	263000247234	2026-05-07 20:46:54.360	2026-05-07 20:46:55.717	Default	1	2	0	0	1	1.3572024	0	0	3	0	0	0
313	263000247275	2026-05-07 20:46:55.717	2026-05-07 20:46:58.010	Default	1	2	0	0	1	1.0140017	0	0	3	0	0	0
314	263000247234	2026-05-07 20:46:58.010	2026-05-07 20:47:12.300	Default	1	2	0	0	2	3.4788062	0	0	3	0	0	0
315	263000247275	2026-05-07 20:47:12.300	2026-05-07 20:47:27.822	Default	1	2	0	0	1	2.7612048	1	55.1928969	0	0	0	0
310	263000247298	2026-05-07 20:46:11.038	2026-05-07 20:48:48.131	Default	1	1	0	0	9	19.9680351	1	157.2014761	0	70	2.47799990698695	8.1654143
317	263000247254	2026-05-07 20:49:18.395	2026-05-07 20:49:39.985	Default	1	2	0	0	3	10.9618193	1	21.5124377	0	0	0	0
306	263000247241	2026-05-07 20:43:05.164	2026-05-07 20:49:49.298	Default	1	3	0	0	13	29.9676524	1	404.1343098	0	171	6.32799992337823	19.5920346
316	263000247275	2026-05-07 20:48:48.630	2026-05-07 20:53:39.867	Default	1	1	0	0	7	12.7452224	1	291.2681116	0	22	0.308000007644296	3.6972064
318	263000247208	2026-05-07 20:51:12.259	2026-05-07 20:54:31.409	Default	1	4	0	0	8	39.6396695	1	199.1811498	0	150	6.4959999602288	19.0160334
321	263000247234	2026-05-07 20:54:27.790	2026-05-07 20:55:38.021	Default	1	1	0	0	6	8.8452155	1	71.9473263	0	82	1.62300003878772	11.0876193
319	263000247298	2026-05-07 20:51:33.881	2026-05-07 20:56:28.410	Default	1	2	0	0	15	39.4836694	1	294.5285173	0	3	0.196000004187226	0.7488013
323	263000247254	2026-05-07 20:55:53.497	2026-05-07 20:57:49.530	Default	1	1	0	0	4	14.8788261	1	116.1266039	0	16	0.224000005051494	2.9640053
324	263000247290	2026-05-07 20:56:58.689	2026-05-07 20:58:10.091	Default	1	2	0	0	5	18.7512331	0	0	3	190	8.87499979697168	22.0242384
325	263000247234	2026-05-07 20:58:10.091	2026-05-07 21:00:04.876	Default	1	2	0	0	1	2.5740046	0	0	3	0	0	0
327	263000247290	2026-05-07 21:00:04.876	2026-05-07 21:00:10.039	Default	1	2	0	0	1	1.3260024	0	0	3	0	0	0
326	263000247219	2026-05-07 20:59:09.137	2026-05-07 21:00:35.264	Default	1	1	0	0	7	10.8576191	1	97.2037707	0	113	4.66200018674135	14.6258258
328	263000247209	2026-05-07 21:00:10.039	2026-05-07 21:00:58.867	Default	1	2	0	0	6	15.4908273	0	0	3	3	0.112000003457069	0.4056007
329	263000247254	2026-05-07 21:00:58.867	2026-05-07 21:01:22.751	Default	1	2	0	0	3	8.9700156	1	264.0616638	0	0	0	0
331	263000247275	2026-05-07 21:02:13.326	2026-05-07 21:02:46.039	Default	1	1	0	0	3	5.5536097	1	36.0360633	0	7	0.0980000030249357	1.3884025
330	263000247231	2026-05-07 21:01:54.965	2026-05-07 21:04:41.838	Default	1	2	0	0	14	29.2968514	1	166.8734931	0	95	4.63400009647012	11.6688207
320	263000247238	2026-05-07 20:53:13.347	2026-05-07 21:04:51.167	Default	1	3	0	0	17	92.6157629	0	0	3	47	2.51199992001057	5.8812103
334	263000247241	2026-05-07 21:04:51.167	2026-05-07 21:05:03.366	Default	1	3	0	0	2	4.6488081	0	0	3	0	0	0
335	263000247238	2026-05-07 21:05:03.366	2026-05-07 21:05:05.316	Default	1	3	0	0	1	1.2636022	1	711.9696505	0	0	0	0
333	263000247208	2026-05-07 21:04:42.026	2026-05-07 21:05:10.714	Default	1	2	0	0	5	10.743819	1	28.6884504	0	23	0.419999994337559	2.6520047
322	263000247284	2026-05-07 20:55:23.935	2026-05-07 21:05:39.792	Default	1	4	0	0	9	13.8996244	0	0	3	140	7.85700006783009	17.4308308
337	263000247234	2026-05-07 21:05:25.596	2026-05-07 21:05:42.320	Default	1	2	0	0	1	1.2636022	1	25.4436447	0	0	0	0
339	263000247234	2026-05-07 21:05:43.037	2026-05-07 21:06:09.277	Default	1	2	0	0	5	10.2960182	1	26.2392461	0	23	0.560000002384186	2.4648043
340	263000247208	2026-05-07 21:06:21.601	2026-05-07 21:07:02.223	Default	1	2	0	0	6	11.6532204	1	40.6324714	0	73	3.76599991321564	8.7984155
336	263000247241	2026-05-07 21:05:06.362	2026-05-07 21:07:03.596	Default	1	3	0	0	4	6.3804112	1	117.3590061	0	86	3.94800003804266	10.790219
338	263000247254	2026-05-07 21:05:39.792	2026-05-07 21:08:23.203	Default	1	4	0	0	1	4.586408	0	0	3	29	1.46999993920326	3.5906063
342	263000247284	2026-05-07 21:08:23.203	2026-05-07 21:09:43.434	Default	1	4	0	0	1	1.138802	1	869.9199279	0	12	0.546000003814697	1.3104023
343	263000247209	2026-05-07 21:08:38.928	2026-05-07 21:10:04.509	Default	1	3	0	0	4	10.6392187	1	85.6285504	0	74	3.59800010919571	8.6706152
345	263000247275	2026-05-07 21:10:31.295	2026-05-07 21:10:38.892	Default	1	4	0	0	1	1.0140018	1	18.0492317	0	0	0	0
346	263000247275	2026-05-07 21:10:51.699	2026-05-07 21:11:10.373	Default	1	4	0	0	4	4.1340074	1	18.6732328	0	15	0.224000005051494	2.1996039
341	263000247231	2026-05-07 21:07:07.418	2026-05-07 21:11:26.753	Default	1	2	0	0	4	6.786012	1	259.3348555	0	0	0	0
344	263000247254	2026-05-07 21:10:05.508	2026-05-07 21:11:39.623	Default	1	3	0	0	3	18.3612322	1	94.1773654	0	100	5.37599992752075	12.0744212
348	263000247219	2026-05-07 21:11:54.864	2026-05-07 21:12:12.866	Default	1	2	0	0	3	4.1028073	1	43.3680762	0	16	0.251999996602535	1.9500034
349	263000247219	2026-05-07 21:12:28.825	2026-05-07 21:12:33.848	Default	1	2	0	0	1	1.0764019	1	15.2412267	0	0	0	0
350	263000247275	2026-05-07 21:12:52.787	2026-05-07 21:13:02.833	Default	1	2	0	0	3	3.8532066	1	10.0464177	0	0	0	0
351	263000247219	2026-05-07 21:13:27.138	2026-05-07 21:13:54.547	Default	1	2	0	0	1	1.3572024	1	41.1528723	0	0	0	0
352	263000247254	2026-05-07 21:13:50.944	2026-05-07 21:14:01.583	Default	1	3	0	0	3	3.8688068	1	10.6860187	0	0	0	0
347	263000247290	2026-05-07 21:11:33.149	2026-05-07 21:14:18.103	Default	1	4	0	0	7	25.5604449	0	0	3	119	4.57800018973649	14.355025
332	263000247298	2026-05-07 21:03:01.858	2026-05-07 21:14:32.596	Default	1	1	0	0	29	135.2412375	1	690.7536132	0	31	1.06400003284216	4.3212079
354	263000247231	2026-05-07 21:14:21.114	2026-05-07 21:16:11.297	Default	1	2	0	0	7	10.0152177	0	0	3	7	0.223999993875623	1.0140018
356	263000247208	2026-05-07 21:15:01.035	2026-05-07 21:16:59.688	Default	1	1	0	0	4	4.8672086	0	0	3	38	0.630000006407499	5.7564101
358	263000247234	2026-05-07 21:16:59.688	2026-05-07 21:17:35.522	Default	1	1	0	0	1	2.6208046	0	0	3	8	0.112000003457069	1.4976025
353	263000247238	2026-05-07 21:14:18.103	2026-05-07 21:17:48.563	Default	1	4	0	0	5	17.5032307	0	0	3	48	1.90399998612702	6.874212
360	263000247298	2026-05-07 21:17:48.563	2026-05-07 21:18:02.744	Default	1	4	0	0	1	1.5444027	0	0	3	0	0	0
359	263000247208	2026-05-07 21:17:35.522	2026-05-07 21:18:58.015	Default	1	1	0	0	20	30.2328532	1	237.6352174	0	0	0	0
362	263000247284	2026-05-07 21:19:25.440	2026-05-07 21:20:07.029	Default	1	1	0	0	7	7.9248138	0	0	3	66	3.36000001803041	8.2368144
361	263000247238	2026-05-07 21:18:02.744	2026-05-07 21:20:34.017	Default	1	4	0	0	2	6.240011	0	0	3	0	0	0
363	263000247234	2026-05-07 21:20:07.029	2026-05-07 21:21:03.314	Default	1	1	0	0	7	18.9696333	1	124.8938194	0	26	0.657999997958541	3.4476059
357	263000247254	2026-05-07 21:16:11.297	2026-05-07 21:21:03.455	Default	1	2	0	0	1	1.1856021	0	0	3	0	0	0
365	263000247231	2026-05-07 21:21:03.455	2026-05-07 21:21:59.193	Default	1	2	0	0	1	1.4196025	1	458.0792046	0	0	0	0
366	263000247254	2026-05-07 21:22:22.671	2026-05-07 21:23:15.353	Default	1	2	0	0	5	24.3048427	1	52.6812925	0	45	0.658000016584992	7.9248138
368	263000247209	2026-05-07 21:23:46.880	2026-05-07 21:24:19.547	Default	1	1	0	0	5	15.7560276	1	32.6820574	0	20	0.280000001192093	3.0486054
364	263000247219	2026-05-07 21:20:34.017	2026-05-07 21:24:42.245	Default	1	4	0	0	2	2.5896045	0	0	1	0	0	0
367	263000247298	2026-05-07 21:23:27.568	2026-05-07 21:24:50.934	Default	1	2	0	0	8	70.9177246	1	83.3665465	0	3	0.042000001296401	0.5304009
369	263000247219	2026-05-07 21:24:42.245	2026-05-07 21:25:00.279	Default	1	1	0	0	1	0.9984018	1	18.189632	0	19	0.61599999666214	2.1372037
371	263000247219	2026-05-07 21:25:05.583	2026-05-07 21:28:12.923	Default	1	2	0	0	1	1.0140018	1	187.340729	0	0	0	0
355	263000247275	2026-05-07 21:14:26.169	2026-05-07 21:29:08.537	Default	1	3	0	0	12	21.4656377	0	0	3	17	0.238000003620982	2.5896045
370	263000247298	2026-05-07 21:25:00.700	2026-05-07 21:29:43.372	Default	1	1	0	0	7	22.8228401	1	282.7348966	0	34	0.476000007241964	5.0036088
374	263000247241	2026-05-07 21:29:08.537	2026-05-07 21:33:34.674	Default	1	3	0	0	3	20.9196367	0	0	3	32	0.490000011399388	5.8606104
373	263000247234	2026-05-07 21:28:13.750	2026-05-07 21:33:36.093	Default	1	2	0	0	7	15.1008265	1	322.3433662	0	60	2.50599989667535	8.4708148
375	263000247275	2026-05-07 21:33:34.674	2026-05-07 21:34:27.137	Default	1	3	0	0	1	1.0140017	1	1203.8853145	0	0	0	0
376	263000247254	2026-05-07 21:34:30.740	2026-05-07 21:35:19.896	Default	1	3	0	0	10	24.1130422	1	49.2874866	0	93	5.43199977278709	11.40062
372	263000247238	2026-05-07 21:26:18.684	2026-05-07 21:39:07.079	Default	1	4	0	0	35	305.8893372	1	1653.930505	0	59	3.42999994754791	8.1432143
380	263000247254	2026-05-07 21:39:17.952	2026-05-07 21:39:34.972	Default	1	4	0	0	3	7.4568132	1	17.0352299	0	0	0	0
379	263000247231	2026-05-07 21:35:21.191	2026-05-07 21:40:30.243	Default	1	3	0	0	7	17.4720306	1	309.161343	0	22	0.392000008374453	3.8220068
378	263000247284	2026-05-07 21:35:01.925	2026-05-07 21:42:22.095	Default	1	2	0	0	11	14.7108257	1	441.3559752	0	25	0.350000007078052	4.3368075
382	263000247254	2026-05-07 21:40:46.061	2026-05-07 21:42:47.773	Default	1	3	0	0	8	30.3264532	1	121.7270138	0	72	3.86400008201599	8.4396149
383	263000247209	2026-05-07 21:43:27.927	2026-05-07 21:43:59.611	Default	1	2	0	0	3	10.8420191	1	31.6836556	0	15	0.21000000089407	2.6988049
385	263000247209	2026-05-07 21:44:17.270	2026-05-07 21:44:21.779	Default	1	3	0	0	2	2.8860051	0	0	3	0	0	0
386	263000247284	2026-05-07 21:44:21.779	2026-05-07 21:44:23.588	Default	1	3	0	0	1	1.0140018	1	13.9464245	0	0	0	0
384	263000247298	2026-05-07 21:44:00.095	2026-05-07 21:44:32.761	Default	1	2	0	0	2	4.1964073	1	32.6664573	0	0	0	0
387	263000247209	2026-05-07 21:44:24.103	2026-05-07 21:44:52.713	Default	1	3	0	0	4	11.5596204	1	28.6416503	0	11	0.15400000475347	2.2932041
388	263000247238	2026-05-07 21:44:34.149	2026-05-07 21:45:09.359	Default	1	2	0	0	5	13.4628236	1	35.2092618	0	41	1.97400002926588	5.3040094
381	263000247208	2026-05-07 21:39:35.128	2026-05-07 21:45:35.660	Default	1	4	0	0	2	2.8236049	0	0	3	66	2.82800000719726	8.626815
391	263000247254	2026-05-07 21:46:32.990	2026-05-07 21:46:43.567	Default	1	2	0	0	3	7.5504132	1	10.5768186	0	0	0	0
390	263000247284	2026-05-07 21:45:35.660	2026-05-07 21:46:50.743	Default	1	4	0	0	1	1.0140018	1	435.6463652	0	0	0	0
393	263000247275	2026-05-07 21:48:03.939	2026-05-07 21:48:31.114	Default	1	4	0	0	4	4.8672085	1	29.1720513	0	9	0.126000003889203	1.8096032
392	263000247284	2026-05-07 21:46:50.759	2026-05-07 21:49:31.018	Default	1	2	0	0	9	16.1304283	1	165.8438913	0	112	6.46800002455711	14.2640251
394	263000247254	2026-05-07 21:49:48.927	2026-05-07 21:50:02.826	Default	1	4	0	0	3	9.8516174	1	13.8684243	0	10	0.140000004321337	2.0396037
377	263000247219	2026-05-07 21:34:31.676	2026-05-07 21:50:10.736	Default	1	1	0	0	112	401.6565049	1	955.5796784	0	13	0.182000001892447	2.1810038
397	263000247290	2026-05-07 21:50:15.525	2026-05-07 21:50:23.138	Default	1	2	0	0	3	4.9758088	1	7.6128133	0	0	0	0
389	263000247231	2026-05-07 21:45:19.577	2026-05-07 21:50:38.332	Default	1	3	0	0	6	10.842019	0	0	3	12	0.182000003755093	2.3400041
395	263000247298	2026-05-07 21:50:03.341	2026-05-07 21:50:50.578	Default	1	4	0	0	6	15.1008265	1	47.268083	0	75	4.04600001126528	8.7984154
398	263000247238	2026-05-07 21:50:38.332	2026-05-07 21:50:51.171	Default	1	3	0	0	2	2.246404	0	0	1	0	0	0
399	263000247238	2026-05-07 21:50:51.389	2026-05-07 21:50:58.924	Default	1	2	0	0	2	2.6520046	1	7.3320128	0	0	0	0
400	263000247298	2026-05-07 21:51:01.077	2026-05-07 21:51:04.056	Default	1	2	0	0	2	3.1200055	1	2.8236049	0	0	0	0
396	263000247254	2026-05-07 21:50:11.765	2026-05-07 21:51:42.760	Default	1	1	0	0	11	22.0896388	1	91.0261599	0	23	1.21800005435944	2.8860051
403	263000247209	2026-05-07 21:51:58.033	2026-05-07 21:54:37.356	Default	1	4	0	0	2	3.7128065	1	159.3230798	0	91	5.08199992775917	11.3568201
405	263000247234	2026-05-07 21:54:48.775	2026-05-07 21:54:58.244	Default	1	4	0	0	3	3.5256061	0	0	3	27	0.434000005945563	3.7496066
401	263000247298	2026-05-07 21:51:20.327	2026-05-07 21:55:17.027	Default	1	3	0	0	3	9.1416161	1	597.4598493	0	21	1.07199999690056	2.9444052
407	263000247298	2026-05-07 21:55:20.349	2026-05-07 21:55:53.094	Default	1	3	0	0	3	5.0856089	1	32.8848578	0	0	0	0
406	263000247290	2026-05-07 21:54:58.244	2026-05-07 21:56:34.777	Default	1	4	0	0	1	1.4196025	0	0	3	0	0	0
409	263000247234	2026-05-07 21:56:34.777	2026-05-07 21:56:38.786	Default	1	4	0	0	1	1.0140018	1	112.9285983	0	0	0	0
404	263000247238	2026-05-07 21:52:42.149	2026-05-07 21:56:54.480	Default	1	1	0	0	20	136.8378405	1	252.3304432	0	97	5.29200000688434	12.7296223
411	263000247234	2026-05-07 21:56:55.463	2026-05-07 21:57:48.191	Default	1	1	0	0	4	9.8904175	1	52.7748927	0	25	0.587999988347292	3.4476061
408	263000247208	2026-05-07 21:55:54.404	2026-05-07 21:58:29.531	Default	1	3	0	0	5	6.6144116	1	155.2514726	0	104	5.23599988222122	12.9838228
410	263000247290	2026-05-07 21:56:49.129	2026-05-07 21:58:40.388	Default	1	4	0	0	6	24.6636434	1	111.2905955	0	69	2.67399995215237	10.0932178
413	263000247290	2026-05-07 21:58:41.590	2026-05-07 21:59:15.504	Default	1	1	0	0	7	14.4456254	1	33.9612597	0	29	1.28799998760223	3.0888055
412	263000247254	2026-05-07 21:58:38.688	2026-05-07 22:00:09.465	Default	1	3	0	0	6	17.9868316	1	90.8857597	0	80	4.99699985980988	10.0464176
414	263000247298	2026-05-07 21:59:58.279	2026-05-07 22:01:11.022	Default	1	1	0	0	8	25.5060447	1	72.7897279	0	74	3.63999999314547	8.7828155
417	263000247209	2026-05-07 22:02:03.360	2026-05-07 22:03:37.241	Default	1	4	0	0	6	14.8356259	0	0	3	94	2.56199995055795	10.4052184
418	263000247254	2026-05-07 22:03:37.241	2026-05-07 22:03:59.737	Default	1	4	0	0	2	6.6768118	0	0	3	57	0.896000016480684	7.5972133
419	263000247275	2026-05-07 22:03:59.737	2026-05-07 22:04:11.281	Default	1	4	0	0	2	2.277604	1	328.4741769	0	0	0	0
420	263000247275	2026-05-07 22:04:15.711	2026-05-07 22:07:10.619	Default	1	4	0	0	2	2.1684039	1	178.3707133	0	0	0	0
415	263000247238	2026-05-07 22:00:10.619	2026-05-07 22:08:30.194	Default	1	3	0	0	8	12.7296223	1	499.6532776	0	0	0	0
416	263000247231	2026-05-07 22:01:13.269	2026-05-07 22:08:40.958	Default	1	1	0	0	5	17.1756302	1	447.7987866	0	76	2.95400003530085	9.9166174
422	263000247290	2026-05-07 22:08:55.435	2026-05-07 22:09:11.035	Default	1	3	0	0	3	12.7296223	1	15.6312275	0	7	0.0980000030249357	1.5444027
423	263000247298	2026-05-07 22:09:11.612	2026-05-07 22:09:25.309	Default	1	3	0	0	3	8.8452155	1	13.7436242	0	4	0.181999996304512	0.6552012
425	263000247209	2026-05-07 22:09:27.368	2026-05-07 22:09:54.512	Default	1	3	0	0	3	3.3540059	1	27.2688478	0	0	0	0
424	263000247284	2026-05-07 22:09:15.247	2026-05-07 22:10:13.030	Default	1	4	0	0	2	1.9968035	1	66.050516	0	73	3.06600003689528	8.470815
427	263000247290	2026-05-07 22:10:50.298	2026-05-07 22:11:03.153	Default	1	4	0	0	2	4.3468076	1	12.8544226	0	0	0	0
426	263000247254	2026-05-07 22:09:55.308	2026-05-07 22:11:19.486	Default	1	3	0	0	3	13.9152244	1	84.240148	0	79	4.46600008010864	9.3600165
428	263000247219	2026-05-07 22:11:28.222	2026-05-07 22:12:03.649	Default	1	4	0	0	1	1.0140017	1	35.4276623	0	0	0	0
429	263000247208	2026-05-07 22:11:38.440	2026-05-07 22:12:16.348	Default	1	3	0	0	4	4.4304079	1	38.0796669	0	33	0.462000004947186	4.5754079
430	263000247290	2026-05-07 22:12:18.735	2026-05-07 22:12:35.723	Default	1	3	0	0	4	12.9324227	1	16.7232294	0	0	0	0
421	263000247234	2026-05-07 22:08:45.857	2026-05-07 22:15:59.350	Default	1	1	0	0	4	5.4132095	1	433.5247615	0	0	0	0
432	263000247284	2026-05-07 22:15:27.370	2026-05-07 22:17:15.166	Default	1	4	0	0	8	9.4224165	1	311.1425465	0	8	0.448000013828278	1.0140018
433	263000247208	2026-05-07 22:16:34.996	2026-05-07 22:17:39.097	Default	1	1	0	0	4	5.2778093	1	64.4593132	0	40	1.61000001803041	4.3680077
434	263000247254	2026-05-07 22:17:40.423	2026-05-07 22:20:03.038	Default	1	1	0	0	7	25.3812445	1	142.6778506	0	8	0.112000003457069	1.5756027
402	263000247241	2026-05-07 21:51:43.587	2026-05-07 22:20:36.750	Default	1	2	0	0	35	549.5421654	1	1733.1630442	0	123	6.83199977874756	15.7248276
437	263000247284	2026-05-07 22:21:19.416	2026-05-07 22:21:26.576	Default	1	2	0	0	4	6.7860119	0	0	3	0	0	0
438	263000247290	2026-05-07 22:21:26.576	2026-05-07 22:21:30.305	Default	1	2	0	0	1	1.716003	1	16.8636296	0	0	0	0
435	263000247209	2026-05-07 22:19:01.496	2026-05-07 22:23:28.023	Default	1	4	0	0	4	12.589222	0	0	3	128	6.45400001853704	16.1772282
439	263000247290	2026-05-07 22:21:31.568	2026-05-07 22:24:12.124	Default	1	2	0	0	6	14.742026	0	0	3	117	9.04399991035461	14.0662248
441	263000247284	2026-05-07 22:24:12.124	2026-05-07 22:24:28.395	Default	1	2	0	0	5	10.1556178	1	176.8263105	0	30	1.567999958992	3.7752066
442	263000247238	2026-05-07 22:25:17.020	2026-05-07 22:25:37.441	Default	1	2	0	0	3	4.7736084	1	20.4204359	0	0	0	0
443	263000247234	2026-05-07 22:26:02.135	2026-05-07 22:26:41.707	Default	1	2	0	0	9	13.618824	0	0	3	69	3.45799991674721	8.5020148
444	263000247208	2026-05-07 22:26:41.707	2026-05-07 22:26:42.305	Default	1	2	0	0	1	0.598801	0	0	3	0	0	0
436	263000247231	2026-05-07 22:20:35.362	2026-05-07 22:26:49.840	Default	1	1	0	0	3	4.0560071	1	374.5878579	0	0	0	0
445	263000247234	2026-05-07 22:26:42.305	2026-05-07 22:26:56.018	Default	1	2	0	0	1	5.2572093	1	53.8824946	0	0	0	0
431	263000247219	2026-05-07 22:13:09.263	2026-05-07 22:27:01.868	Default	1	3	0	0	11	23.2752408	1	852.4478972	0	71	3.30400002002716	8.8090154
446	263000247208	2026-05-07 22:26:50.792	2026-05-07 22:27:06.719	Default	1	1	0	0	5	9.7772171	1	16.0212281	0	0	0	0
440	263000247275	2026-05-07 22:23:28.023	2026-05-07 22:27:11.727	Default	1	4	0	0	4	11.1540196	0	0	1	84	1.1900000013411	12.3044211
449	263000247298	2026-05-07 22:27:12.491	2026-05-07 22:27:48.122	Default	1	2	0	0	4	9.9372174	1	35.6304625	0	0	0	0
447	263000247238	2026-05-07 22:27:07.468	2026-05-07 22:27:57.856	Default	1	1	0	0	6	22.8852403	1	50.4036885	0	51	1.4979999884963	6.4368113
450	263000247284	2026-05-07 22:27:40.759	2026-05-07 22:28:00.805	Default	1	4	0	0	3	3.0420053	0	0	3	12	0.308000009506941	1.8720034
451	263000247208	2026-05-07 22:28:00.805	2026-05-07 22:28:13.300	Default	1	4	0	0	1	3.993607	0	0	3	0	0	0
453	263000247254	2026-05-07 22:28:10.617	2026-05-07 22:28:58.291	Default	1	2	0	0	3	9.7188171	1	47.6736837	0	0	0	0
448	263000247275	2026-05-07 22:27:11.727	2026-05-07 22:29:07.588	Default	1	3	0	0	6	9.110416	0	0	3	36	2.11400008201599	4.7424083
455	263000247209	2026-05-07 22:29:07.588	2026-05-07 22:29:24.951	Default	1	3	0	0	1	2.3556042	0	0	1	0	0	0
452	263000247234	2026-05-07 22:28:08.480	2026-05-07 22:29:34.982	Default	1	1	0	0	2	9.4224166	1	86.5021519	0	16	0.224000006914139	3.0576053
454	263000247284	2026-05-07 22:28:13.300	2026-05-07 22:30:27.757	Default	1	4	0	0	2	2.7300047	1	686.2608053	0	0	0	0
457	263000247290	2026-05-07 22:30:51.219	2026-05-07 22:30:56.040	Default	1	4	0	0	2	3.4788061	1	4.9140086	0	0	0	0
456	263000247209	2026-05-07 22:29:25.076	2026-05-07 22:31:27.365	Default	1	2	0	0	9	18.9384333	1	122.2886148	0	63	3.2479999139905	8.0964143
458	263000247209	2026-05-07 22:31:59.579	2026-05-07 22:32:06.552	Default	1	4	0	0	2	2.4960043	1	6.9732123	0	0	0	0
459	263000247284	2026-05-07 22:32:04.992	2026-05-07 22:32:10.296	Default	1	1	0	0	2	3.0264053	1	8.6736152	0	0	0	0
461	263000247238	2026-05-07 22:32:13.556	2026-05-07 22:32:20.405	Default	1	1	0	0	2	3.5568062	1	6.8640121	0	0	0	0
462	263000247290	2026-05-07 22:32:20.717	2026-05-07 22:32:25.194	Default	1	2	0	0	2	3.8064067	1	4.3680077	0	0	0	0
464	263000247231	2026-05-07 22:32:25.756	2026-05-07 22:32:31.075	Default	1	2	0	0	2	2.4804043	1	4.8672085	0	0	0	0
465	263000247208	2026-05-07 22:32:31.434	2026-05-07 22:33:23.913	Default	1	2	0	0	6	22.6512397	1	52.4784921	0	36	1.65200001932681	4.4274078
466	263000247208	2026-05-07 22:33:24.927	2026-05-07 22:33:41.712	Default	1	2	0	0	3	10.8888191	1	16.7856295	0	21	0.853999994695187	2.324404
460	263000247298	2026-05-07 22:32:07.441	2026-05-07 22:34:41.959	Default	1	4	0	0	6	18.0804318	1	154.5338714	0	123	4.35399999655783	14.2710253
467	263000247208	2026-05-07 22:33:43.054	2026-05-07 22:35:08.714	Default	1	2	0	0	12	30.9892546	1	85.6697504	0	29	1.8480000346899	3.5724064
468	263000247238	2026-05-07 22:34:42.661	2026-05-07 22:35:17.574	Default	1	3	0	0	1	1.0764019	0	0	1	0	0	0
470	263000247254	2026-05-07 22:36:20.302	2026-05-07 22:37:16.041	Default	1	2	0	0	5	23.4156411	1	55.7388979	0	98	5.96400003135204	12.1524214
472	263000247254	2026-05-07 22:37:17.819	2026-05-07 22:37:47.444	Default	1	2	0	0	3	6.0684106	1	29.624452	0	0	0	0
463	263000247241	2026-05-07 22:32:21.029	2026-05-07 22:38:08.675	Default	1	1	0	0	5	153.6134699	0	0	3	13	0.182000003755093	2.4804043
473	263000247219	2026-05-07 22:38:01.250	2026-05-07 22:38:43.120	Default	1	2	0	0	2	2.1840039	1	52.4472921	0	48	2.04400001093745	6.1152108
474	263000247298	2026-05-07 22:38:08.675	2026-05-07 22:38:59.859	Default	1	1	0	0	2	7.4256131	0	0	3	0	0	0
471	263000247231	2026-05-07 22:37:08.350	2026-05-07 22:39:54.927	Default	1	3	0	0	1	3.6816065	0	0	3	0	0	0
477	263000247284	2026-05-07 22:40:21.088	2026-05-07 22:40:50.354	Default	1	2	0	0	5	6.1776109	1	117.1562058	0	4	0.112000003457069	0.5304009
478	263000247208	2026-05-07 22:41:46.733	2026-05-07 22:41:56.498	Default	1	2	0	0	2	3.1200055	1	9.7756171	0	0	0	0
475	263000247241	2026-05-07 22:38:59.859	2026-05-07 22:42:02.504	Default	1	1	0	0	13	80.9017422	1	581.5222214	0	80	3.75199997797608	9.746017
469	263000247238	2026-05-07 22:35:17.574	2026-05-07 22:42:13.003	Default	1	4	0	0	17	45.4584798	0	0	3	0	0	0
480	263000247231	2026-05-07 22:42:13.003	2026-05-07 22:42:36.185	Default	1	4	0	0	3	12.5736221	1	471.9476289	0	31	0.476000007241964	5.2372091
479	263000247208	2026-05-07 22:41:58.698	2026-05-07 22:42:52.752	Default	1	2	0	0	11	18.5952326	1	54.0540949	0	71	1.92400001548231	7.872614
482	263000247209	2026-05-07 22:43:01.441	2026-05-07 22:43:57.554	Default	1	1	0	0	10	29.8740524	1	56.1600987	0	135	5.82400013320148	17.0876303
476	263000247298	2026-05-07 22:39:54.927	2026-05-07 22:44:03.233	Default	1	3	0	0	1	2.7456048	0	0	3	0	0	0
483	263000247219	2026-05-07 22:43:58.631	2026-05-07 22:45:31.342	Default	1	1	0	0	4	9.6176168	1	92.7265629	0	26	1.12000000476837	3.0264053
484	263000247209	2026-05-07 22:44:03.233	2026-05-07 22:46:11.340	Default	1	3	0	0	2	9.9216175	0	0	3	0	0	0
481	263000247231	2026-05-07 22:42:45.919	2026-05-07 22:48:04.331	Default	1	4	0	0	10	20.6800365	1	318.4121593	0	1	0.0280000008642673	0.2184004
486	263000247238	2026-05-07 22:45:32.465	2026-05-07 22:48:47.294	Default	1	1	0	0	4	8.6892153	0	0	3	34	1.51199999451637	4.6332082
489	263000247298	2026-05-07 22:48:47.294	2026-05-07 22:48:53.347	Default	1	1	0	0	1	1.716003	0	0	3	0	0	0
485	263000247254	2026-05-07 22:45:22.122	2026-05-07 22:49:03.518	Default	1	2	0	0	17	71.4637257	1	221.3955889	0	85	6.99899977818131	10.7796189
487	263000247275	2026-05-07 22:46:11.340	2026-05-07 22:49:23.002	Default	1	3	0	0	3	64.8805141	1	1336.9535483	0	3	0.042000001296401	0.6552012
492	263000247209	2026-05-07 22:49:23.495	2026-05-07 22:49:34.546	Default	1	3	0	0	3	4.5144079	1	10.8732191	0	0	0	0
488	263000247234	2026-05-07 22:48:22.178	2026-05-07 22:49:36.871	Default	1	4	0	0	7	7.9248141	1	84.1621478	0	49	1.0770000051707	7.6908135
491	263000247290	2026-05-07 22:49:19.851	2026-05-07 22:49:44.359	Default	1	2	0	0	2	16.3176286	0	0	3	63	0.965999990701675	6.7392118
493	263000247209	2026-05-07 22:49:44.359	2026-05-07 22:49:46.995	Default	1	2	0	0	1	2.6364046	0	0	3	0	0	0
495	263000247209	2026-05-07 22:49:53.781	2026-05-07 22:50:02.330	Default	1	4	0	0	2	2.8080049	1	8.5488151	0	0	0	0
497	263000247208	2026-05-07 22:50:02.751	2026-05-07 22:50:05.809	Default	1	4	0	0	1	1.4040025	0	0	3	0	0	0
498	263000247209	2026-05-07 22:50:05.809	2026-05-07 22:50:09.085	Default	1	4	0	0	1	1.8408032	0	0	3	0	0	0
499	263000247208	2026-05-07 22:50:09.085	2026-05-07 22:50:13.172	Default	1	4	0	0	1	1.0140018	0	0	3	0	0	0
496	263000247284	2026-05-07 22:49:58.742	2026-05-07 22:51:33.699	Default	1	3	0	0	3	2.5272044	1	115.0814021	0	35	1.82000005245209	4.2744075
501	263000247208	2026-05-07 22:51:34.854	2026-05-07 22:52:31.263	Default	1	3	0	0	8	14.6484256	1	56.6280994	0	48	2.2399999499321	5.5848098
500	263000247209	2026-05-07 22:50:13.172	2026-05-07 22:53:53.881	Default	1	4	0	0	6	13.9152245	0	0	3	92	4.29800003767014	10.0932178
490	263000247238	2026-05-07 22:48:53.347	2026-05-07 22:53:57.173	Default	1	1	0	0	2	18.8760331	0	0	3	0	0	0
504	263000247241	2026-05-07 22:53:57.173	2026-05-07 22:53:58.452	Default	1	1	0	0	1	1.2792023	0	0	3	0	0	0
505	263000247238	2026-05-07 22:53:58.452	2026-05-07 22:53:59.029	Default	1	1	0	0	1	0.577201	0	0	3	0	0	0
506	263000247241	2026-05-07 22:53:59.029	2026-05-07 22:54:09.372	Default	1	1	0	0	2	9.7032171	0	0	3	0	0	0
494	263000247290	2026-05-07 22:49:46.995	2026-05-07 22:55:34.564	Default	1	2	0	0	2	4.9140086	1	374.7126582	0	93	5.66999992355704	11.41922
502	263000247208	2026-05-07 22:52:32.199	2026-05-07 22:56:22.019	Default	1	3	0	0	8	11.8092207	1	229.9132038	0	0	0	0
503	263000247219	2026-05-07 22:53:53.881	2026-05-07 22:57:06.651	Default	1	4	0	0	2	3.0108052	1	423.9463446	0	47	8.39999974146485	11.7936206
509	263000247234	2026-05-07 22:56:58.507	2026-05-07 22:57:09.583	Default	1	3	0	0	4	5.132409	1	18.0180317	0	19	1.00799997150898	2.4492042
510	263000247298	2026-05-07 22:57:12.313	2026-05-07 22:57:53.513	Default	1	4	0	0	2	3.6036063	1	41.1996723	0	0	0	0
511	263000247231	2026-05-07 22:57:14.170	2026-05-07 22:57:56.399	Default	1	3	0	0	3	3.8376067	1	42.2916743	0	55	2.30999994277954	6.4740114
512	263000247231	2026-05-07 22:58:06.056	2026-05-07 22:58:57.785	Default	1	4	0	0	4	4.7212084	1	51.7296908	0	0	0	0
507	263000247238	2026-05-07 22:54:09.372	2026-05-07 23:00:55.285	Default	1	1	0	0	16	206.5131624	1	922.8352209	0	29	1.41400004923344	4.0404071
513	263000247284	2026-05-07 22:59:49.640	2026-05-07 23:00:58.295	Default	1	4	0	0	2	2.4180042	1	77.2669357	0	70	1.35800001583993	7.6440134
508	263000247254	2026-05-07 22:56:52.579	2026-05-07 23:02:07.029	Default	1	2	0	0	27	115.2686024	1	314.4497523	0	0	0	0
516	263000247241	2026-05-07 23:04:53.294	2026-05-07 23:05:00.096	Default	1	2	0	0	1	1.9656034	0	0	3	0	0	0
517	263000247275	2026-05-07 23:05:00.096	2026-05-07 23:05:01.968	Default	1	2	0	0	1	1.5600027	0	0	3	0	0	0
514	263000247231	2026-05-07 23:00:27.298	2026-05-07 23:07:35.675	Default	1	3	0	0	4	7.6128133	1	428.4391526	0	0	0	0
515	263000247284	2026-05-07 23:01:05.737	2026-05-07 23:08:31.180	Default	1	4	0	0	3	3.3384059	1	451.2463925	0	0	0	0
518	263000247241	2026-05-07 23:05:01.968	2026-05-07 23:10:03.906	Default	1	2	0	0	42	124.3086176	1	310.6121455	0	95	3.51400002837181	11.2476198
519	263000247238	2026-05-07 23:07:37.110	2026-05-07 23:13:21.715	Default	1	3	0	0	2	2.340004	0	0	3	33	1.67999994754791	4.2900076
523	263000247241	2026-05-07 23:13:21.715	2026-05-07 23:14:13.117	Default	1	3	0	0	2	7.7220136	0	0	3	37	2.02999997138977	5.2170091
521	263000247219	2026-05-07 23:10:15.029	2026-05-07 23:15:27.326	Default	1	2	0	0	6	13.2444233	1	312.2969485	0	48	2.38000011444092	5.8188102
525	263000247209	2026-05-07 23:15:33.941	2026-05-07 23:15:52.583	Default	1	2	0	0	4	14.5860256	1	18.4236323	0	0	0	0
520	263000247254	2026-05-07 23:08:39.261	2026-05-07 23:16:56.309	Default	1	4	0	0	59	134.9246368	1	497.0948731	0	113	4.67600001208484	15.8160279
527	263000247290	2026-05-07 23:16:58.493	2026-05-07 23:17:59.411	Default	1	4	0	0	2	5.2104092	0	0	3	80	3.58299993537366	10.0570175
528	263000247284	2026-05-07 23:17:59.411	2026-05-07 23:19:16.912	Default	1	4	0	0	4	5.3040093	0	0	3	0	0	0
522	263000247298	2026-05-07 23:10:52.344	2026-05-07 23:20:29.858	Default	1	1	0	0	14	68.3905202	1	577.5442144	0	97	4.42400000989437	13.9632246
530	263000247231	2026-05-07 23:20:30.513	2026-05-07 23:20:36.441	Default	1	1	0	0	2	2.5584045	1	6.0060105	0	0	0	0
529	263000247209	2026-05-07 23:19:16.912	2026-05-07 23:20:54.740	Default	1	4	0	0	14	70.2983236	0	0	3	0	0	0
532	263000247290	2026-05-07 23:20:54.740	2026-05-07 23:22:39.759	Default	1	4	0	0	2	4.4772079	0	0	3	0	0	0
533	263000247284	2026-05-07 23:22:39.759	2026-05-07 23:23:34.390	Default	1	4	0	0	1	1.2480022	0	0	3	69	3.73799991607666	8.8452155
534	263000247254	2026-05-07 23:23:34.390	2026-05-07 23:24:04.451	Default	1	4	0	0	2	2.0904036	0	0	3	0	0	0
535	263000247284	2026-05-07 23:24:04.451	2026-05-07 23:24:09.615	Default	1	4	0	0	1	1.8096031	0	0	3	0	0	0
536	263000247231	2026-05-07 23:24:09.615	2026-05-07 23:27:11.870	Default	1	4	0	0	6	15.2256267	1	613.4086774	0	16	0.224000005051494	2.8518048
524	263000247238	2026-05-07 23:14:13.117	2026-05-07 23:28:22.351	Default	1	3	0	0	3	5.0232089	1	1245.2721872	0	0	0	0
537	263000247234	2026-05-07 23:29:00.056	2026-05-07 23:34:13.336	Default	1	4	0	0	3	3.1668054	1	316.6337561	0	59	2.44999995455146	8.4864147
539	263000247219	2026-05-07 23:37:34.249	2026-05-07 23:40:44.663	Default	1	3	0	0	1	1.0764019	1	715.8384573	0	0	0	0
526	263000247208	2026-05-07 23:15:53.441	2026-05-07 23:42:22.350	Default	1	2	0	0	65	368.7106475	0	0	3	108	4.31200005300343	12.9480228
541	263000247234	2026-05-07 23:42:22.350	2026-05-07 23:42:47.295	Default	1	2	0	0	5	14.2428249	0	0	3	0	0	0
542	263000247208	2026-05-07 23:42:47.295	2026-05-07 23:42:49.869	Default	1	2	0	0	1	1.3572024	1	1616.4280391	0	0	0	0
531	263000247275	2026-05-07 23:20:49.654	2026-05-07 23:44:36.323	Default	1	1	0	0	6	11.1540196	0	0	3	18	0.294000005349517	3.2136056
544	263000247298	2026-05-07 23:44:36.323	2026-05-07 23:45:03.342	Default	1	1	0	0	1	7.3476129	0	0	3	0	0	0
538	263000247290	2026-05-07 23:35:35.642	2026-05-07 23:46:03.839	Default	1	4	0	0	7	38.0952671	0	0	3	141	6.53800002858043	18.3144325
543	263000247234	2026-05-07 23:42:50.493	2026-05-07 23:46:29.033	Default	1	2	0	0	11	18.0492315	1	218.5407839	0	27	0.924000024795532	2.7300048
547	263000247290	2026-05-07 23:49:13.801	2026-05-07 23:49:22.381	Default	1	2	0	0	2	7.956014	1	8.4864149	0	0	0	0
546	263000247231	2026-05-07 23:46:03.839	2026-05-07 23:49:43.956	Default	1	4	0	0	4	8.8920157	1	848.31389	0	15	0.21000000461936	2.4804044
540	263000247241	2026-05-07 23:40:45.037	2026-05-07 23:49:46.327	Default	1	3	0	0	9	370.23545	1	541.2897507	0	17	0.727999992668629	2.4492044
548	263000247231	2026-05-07 23:49:49.041	2026-05-07 23:50:17.418	Default	1	2	0	0	3	6.7548119	1	28.3764498	0	0	0	0
549	263000247298	2026-05-07 23:50:18.011	2026-05-07 23:50:35.015	Default	1	2	0	0	3	12.3396217	1	17.0040298	0	65	5.69799995422363	8.2056144
545	263000247275	2026-05-07 23:45:03.342	2026-05-07 23:50:41.723	Default	1	1	0	0	4	8.6268152	1	1804.82957	0	0	0	0
552	263000247298	2026-05-07 23:50:55.326	2026-05-07 23:51:35.917	Default	1	4	0	0	3	4.8672085	0	0	3	48	1.62399995326996	5.116809
553	263000247284	2026-05-07 23:51:35.917	2026-05-07 23:51:43.265	Default	1	4	0	0	2	2.0280036	0	0	3	0	0	0
554	263000247298	2026-05-07 23:51:43.265	2026-05-07 23:51:47.056	Default	1	4	0	0	1	2.9328052	1	51.7296909	0	0	0	0
555	263000247284	2026-05-07 23:51:52.562	2026-05-07 23:53:23.245	Default	1	4	0	0	3	3.1512056	1	95.5189678	0	60	2.07199998572469	7.4060131
556	263000247234	2026-05-07 23:52:54.120	2026-05-07 23:54:59.061	Default	1	2	0	0	3	4.3368076	1	124.9406194	0	0	0	0
550	263000247238	2026-05-07 23:50:51.301	2026-05-07 23:55:22.929	Default	1	3	0	0	1	3.2136057	1	335.369389	0	0	0	0
558	263000247254	2026-05-07 23:55:53.021	2026-05-07 23:59:45.150	Default	1	3	0	0	2	11.4504202	0	0	3	76	4.57800006866455	9.5472168
560	263000247209	2026-05-07 23:59:45.150	2026-05-07 23:59:58.893	Default	1	3	0	0	1	2.9952053	0	0	3	0	0	0
559	263000247298	2026-05-07 23:59:21.157	2026-05-08 00:00:45.678	Default	1	2	0	0	4	10.7016189	1	84.5209484	0	0	0	0
561	263000247234	2026-05-07 23:59:58.893	2026-05-08 00:01:05.381	Default	1	3	0	0	2	2.0904037	0	0	3	0	0	0
551	263000247231	2026-05-07 23:50:55.201	2026-05-08 00:01:47.875	Default	1	1	0	0	30	79.3105394	1	652.7675465	0	0	0	0
563	263000247298	2026-05-08 00:01:05.381	2026-05-08 00:04:23.033	Default	1	3	0	0	1	2.4492043	0	0	1	0	0	0
562	263000247238	2026-05-08 00:00:57.768	2026-05-08 00:04:37.089	Default	1	2	0	0	3	6.1308107	0	0	3	53	1.00799999386072	6.0216106
565	263000247241	2026-05-08 00:04:37.089	2026-05-08 00:04:39.928	Default	1	2	0	0	1	2.8392049	0	0	3	0	0	0
557	263000247208	2026-05-07 23:53:35.413	2026-05-08 00:06:29.736	Default	1	4	0	0	4	9.094816	0	0	3	104	4.7319999653846	14.7420256
564	263000247298	2026-05-08 00:04:23.033	2026-05-08 00:10:33.970	Default	1	1	0	0	3	13.1664232	1	382.2630714	0	0	0	0
567	263000247234	2026-05-08 00:06:29.736	2026-05-08 00:11:50.301	Default	1	4	0	0	3	3.962407	0	0	3	46	1.79199996590614	5.3196093
568	263000247298	2026-05-08 00:11:38.773	2026-05-08 00:12:07.134	Default	1	3	0	0	1	1.0140018	0	0	3	0	0	0
570	263000247284	2026-05-08 00:11:50.301	2026-05-08 00:13:42.325	Default	1	4	0	0	3	2.2464038	0	0	3	0	0	0
572	263000247298	2026-05-08 00:13:42.325	2026-05-08 00:16:35.766	Default	1	4	0	0	3	11.0136194	0	0	3	0	0	0
573	263000247219	2026-05-08 00:16:35.766	2026-05-08 00:18:47.040	Default	1	4	0	0	7	8.7204154	0	0	3	121	4.21399997547269	16.1928284
571	263000247254	2026-05-08 00:12:07.134	2026-05-08 00:20:43.885	Default	1	3	0	0	1	2.7144048	0	0	3	0	0	0
575	263000247298	2026-05-08 00:20:43.885	2026-05-08 00:21:54.350	Default	1	3	0	0	4	26.9412474	0	0	1	29	0.420000003650784	4.7706087
574	263000247284	2026-05-08 00:18:47.040	2026-05-08 00:21:54.350	Default	1	4	0	0	1	1.0140018	0	0	3	23	0.350000005215406	3.9116069
577	263000247254	2026-05-08 00:23:58.573	2026-05-08 00:24:01.584	Default	1	3	0	0	1	1.2324022	1	1688.5937659	0	0	0	0
578	263000247231	2026-05-08 00:24:03.487	2026-05-08 00:24:28.556	Default	1	3	0	0	5	10.7016188	1	24.8352436	0	47	1.62399998679757	5.3976094
579	263000247231	2026-05-08 00:24:30.101	2026-05-08 00:24:43.517	Default	1	3	0	0	2	2.2464039	1	13.4688236	0	0	0	0
569	263000247241	2026-05-08 00:11:43.157	2026-05-08 00:25:49.505	Default	1	1	0	0	16	511.4936984	1	846.4106866	0	31	0.546000011265278	3.9624069
566	263000247238	2026-05-08 00:04:39.928	2026-05-08 00:25:59.598	Default	1	2	0	0	34	52.7904928	1	1501.8302379	0	0	0	0
580	263000247231	2026-05-08 00:25:22.111	2026-05-08 00:26:25.619	Default	1	3	0	0	9	11.6572205	1	84.6769488	0	17	0.475999996066093	1.8252032
581	263000247231	2026-05-08 00:26:29.519	2026-05-08 00:26:41.016	Default	1	3	0	0	2	4.7112083	1	11.5284202	0	0	0	0
583	263000247231	2026-05-08 00:26:45.930	2026-05-08 00:27:01.062	Default	1	3	0	0	3	3.6036063	1	18.5016325	0	0	0	0
582	263000247219	2026-05-08 00:26:39.362	2026-05-08 00:27:58.283	Default	1	2	0	0	2	2.266604	1	89.5909573	0	0	0	0
585	263000247234	2026-05-08 00:27:39.313	2026-05-08 00:28:42.665	Default	1	1	0	0	6	7.8246137	1	68.8117209	0	41	1.94600005447865	4.6956082
586	263000247275	2026-05-08 00:28:03.400	2026-05-08 00:28:48.765	Default	1	2	0	0	3	6.9888123	1	50.3412884	0	33	0.476000003516674	4.4878079
587	263000247208	2026-05-08 00:28:49.124	2026-05-08 00:29:00.293	Default	1	2	0	0	1	2.9328052	1	11.1696196	0	0	0	0
584	263000247231	2026-05-08 00:27:01.905	2026-05-08 00:30:19.962	Default	1	3	0	0	11	22.9164401	1	198.0735479	0	54	2.81400008499622	6.864012
589	263000247290	2026-05-08 00:29:35.159	2026-05-08 00:30:45.422	Default	1	2	0	0	4	25.5060449	1	70.2625234	0	185	6.93000002577901	16.2522285
591	263000247234	2026-05-08 00:30:55.375	2026-05-08 00:31:02.707	Default	1	2	0	0	1	1.7628031	0	0	3	0	0	0
592	263000247275	2026-05-08 00:31:02.707	2026-05-08 00:31:10.553	Default	1	2	0	0	1	1.0140018	0	0	1	0	0	0
588	263000247284	2026-05-08 00:29:08.842	2026-05-08 00:31:14.235	Default	1	1	0	0	5	5.9280105	1	140.3690465	0	16	0.601999999955297	1.9656035
594	263000247234	2026-05-08 00:31:26.809	2026-05-08 00:31:30.849	Default	1	2	0	0	2	2.0124034	1	44.8188787	0	3	0.167999997735023	0.5184009
595	263000247219	2026-05-08 00:31:57.420	2026-05-08 00:36:23.755	Default	1	2	0	0	1	1.0094017	1	278.6320894	0	0	0	0
576	263000247298	2026-05-08 00:21:54.350	2026-05-08 00:37:24.392	Default	1	4	0	0	14	59.4205043	0	0	3	83	3.36000010930002	11.2788198
597	263000247254	2026-05-08 00:37:24.392	2026-05-08 00:37:56.778	Default	1	4	0	0	1	6.3180111	0	0	3	0	0	0
598	263000247208	2026-05-08 00:37:56.778	2026-05-08 00:38:45.559	Default	1	4	0	0	2	2.6208047	0	0	3	0	0	0
599	263000247238	2026-05-08 00:38:45.559	2026-05-08 00:39:34.060	Default	1	4	0	0	1	3.4944061	0	0	3	0	0	0
600	263000247298	2026-05-08 00:39:34.060	2026-05-08 00:40:48.456	Default	1	4	0	0	4	59.8417052	0	0	3	0	0	0
596	263000247234	2026-05-08 00:36:26.298	2026-05-08 00:41:16.739	Default	1	2	0	0	7	11.6220203	1	290.4413101	0	0	0	0
590	263000247241	2026-05-08 00:30:37.590	2026-05-08 00:41:49.905	Default	1	3	0	0	8	225.8259967	1	672.0803805	0	25	0.96599998511374	3.6036064
602	263000247238	2026-05-08 00:41:41.793	2026-05-08 00:42:40.558	Default	1	2	0	0	5	7.3788131	1	58.7653033	0	54	2.75800001993775	6.8796121
603	263000247219	2026-05-08 00:42:17.205	2026-05-08 00:43:29.074	Default	1	3	0	0	2	2.0124036	1	71.8849263	0	163	8.03599983453751	18.5172324
593	263000247275	2026-05-08 00:31:19.477	2026-05-08 00:43:45.673	Default	1	1	0	0	10	19.6410346	0	0	3	36	0.518000008538365	5.9240103
606	263000247208	2026-05-08 00:43:45.673	2026-05-08 00:44:21.600	Default	1	1	0	0	1	6.6300117	0	0	3	1	0.0140000004321337	0.2028003
605	263000247238	2026-05-08 00:43:29.948	2026-05-08 00:46:34.122	Default	1	3	0	0	15	31.5376553	1	184.1739235	0	4	0.153999999165535	0.5460009
601	263000247284	2026-05-08 00:40:48.456	2026-05-08 00:46:39.675	Default	1	4	0	0	3	2.6364045	0	0	3	0	0	0
608	263000247208	2026-05-08 00:46:39.675	2026-05-08 00:46:41.001	Default	1	4	0	0	1	1.3260024	0	0	3	0	0	0
609	263000247284	2026-05-08 00:46:41.001	2026-05-08 00:47:33.137	Default	1	4	0	0	2	3.7128065	0	0	3	14	0.252000000327826	2.0748036
611	263000247219	2026-05-08 00:48:16.396	2026-05-08 00:50:26.905	Default	1	3	0	0	2	2.0748037	1	130.5410293	0	67	3.09399998188019	7.8156137
604	263000247231	2026-05-08 00:42:54.676	2026-05-08 00:53:10.035	Default	1	2	0	0	3	6.5520115	1	615.3586808	0	0	0	0
613	263000247290	2026-05-08 00:53:11.673	2026-05-08 00:53:25.744	Default	1	2	0	0	3	5.2104092	1	14.0712247	0	0	0	0
614	263000247290	2026-05-08 00:53:28.427	2026-05-08 00:55:55.754	Default	1	2	0	0	20	42.8532753	0	0	3	200	11.5840001311153	20.1552354
612	263000247234	2026-05-08 00:51:10.804	2026-05-08 00:55:55.770	Default	1	3	0	0	3	3.443006	0	0	3	29	1.51199996471405	3.5880063
616	263000247290	2026-05-08 00:55:55.770	2026-05-08 00:57:27.701	Default	1	3	0	0	2	3.7596066	0	0	3	0	0	0
617	263000247234	2026-05-08 00:57:27.701	2026-05-08 00:57:29.822	Default	1	3	0	0	1	0.9984018	1	420.9355394	0	0	0	0
607	263000247275	2026-05-08 00:44:21.600	2026-05-08 01:02:02.183	Default	1	1	0	0	3	5.0388089	1	1847.4176448	0	0	0	0
615	263000247284	2026-05-08 00:55:55.754	2026-05-08 01:03:10.932	Default	1	2	0	0	8	10.1868178	1	582.5050231	0	17	0.434000005945563	2.2932041
618	263000247219	2026-05-08 00:59:22.579	2026-05-08 01:03:47.187	Default	1	3	0	0	2	2.0904037	1	264.6232648	0	0	0	0
620	263000247219	2026-05-08 01:05:19.196	2026-05-08 01:05:29.929	Default	1	2	0	0	3	3.6348063	1	10.7328188	0	0	0	0
619	263000247241	2026-05-08 01:02:17.253	2026-05-08 01:06:20.005	Default	1	1	0	0	5	141.4766485	0	0	3	13	0.182000005617738	2.5896046
622	263000247290	2026-05-08 01:05:34.843	2026-05-08 01:07:19.378	Default	1	2	0	0	7	20.8728367	1	104.5357836	0	89	6.08999991416931	10.9044191
624	263000247290	2026-05-08 01:07:22.062	2026-05-08 01:07:43.543	Default	1	2	0	0	3	4.3368075	1	21.1224371	0	0	0	0
625	263000247290	2026-05-08 01:07:44.026	2026-05-08 01:08:32.870	Default	1	2	0	0	3	8.2368145	1	48.8436858	0	0	0	0
623	263000247238	2026-05-08 01:06:20.005	2026-05-08 01:10:06.267	Default	1	1	0	0	4	25.8664455	1	469.2488242	0	35	1.35799998790026	4.4616079
621	263000247231	2026-05-08 01:05:34.421	2026-05-08 01:11:26.670	Default	1	3	0	0	6	12.8856227	1	352.3266188	0	12	0.475999999791384	1.9812036
627	263000247284	2026-05-08 01:12:15.295	2026-05-08 01:14:48.768	Default	1	3	0	0	2	2.2620041	1	159.6506804	0	46	2.23999994248152	6.1776106
626	263000247275	2026-05-08 01:11:57.371	2026-05-08 01:16:38.078	Default	1	2	0	0	3	5.4132096	1	286.1357026	0	10	0.140000004321337	1.700403
610	263000247298	2026-05-08 00:47:33.137	2026-05-08 01:18:38.619	Default	1	4	0	0	9	186.3891273	0	0	3	72	2.40800006687641	10.2024178
630	263000247238	2026-05-08 01:18:38.619	2026-05-08 01:24:15.970	Default	1	4	0	0	1	1.4508025	1	5440.8683564	0	0	0	0
629	263000247234	2026-05-08 01:17:35.798	2026-05-08 01:29:50.278	Default	1	2	0	0	1	1.0608018	1	742.0309033	0	0	0	0
631	263000247290	2026-05-08 01:21:00.205	2026-05-08 01:30:36.922	Default	1	1	0	0	6	21.9492385	1	576.779813	0	19	0.26600000821054	3.963607
632	263000247238	2026-05-08 01:29:52.868	2026-05-08 01:31:36.000	Default	1	2	0	0	14	37.8924665	0	0	3	36	1.80600002408028	4.546208
634	263000247275	2026-05-08 01:31:36.000	2026-05-08 01:31:38.870	Default	1	2	0	0	1	1.9188034	0	0	3	0	0	0
635	263000247238	2026-05-08 01:31:38.870	2026-05-08 01:31:41.444	Default	1	2	0	0	1	1.9188034	0	0	3	0	0	0
633	263000247284	2026-05-08 01:30:42.835	2026-05-08 01:34:33.606	Default	1	1	0	0	5	5.3352094	1	236.2000148	0	72	1.69399999082088	7.8624138
637	263000247209	2026-05-08 01:33:23.063	2026-05-08 01:34:50.782	Default	1	4	0	0	5	27.4560483	1	87.7189541	0	113	5.40400004200637	17.22243
628	263000247231	2026-05-08 01:14:50.079	2026-05-08 01:35:50.514	Default	1	3	0	0	7	17.2178303	1	1260.4822139	0	40	2.15600004792213	6.1650108
638	263000247209	2026-05-08 01:34:58.488	2026-05-08 01:38:56.732	Default	1	4	0	0	8	21.652838	0	0	3	15	0.210000002756715	2.4492043
641	263000247238	2026-05-08 01:38:56.732	2026-05-08 01:39:35.919	Default	1	4	0	0	7	11.4972202	0	0	3	15	0.601999985054135	1.9812034
642	263000247284	2026-05-08 01:39:35.919	2026-05-08 01:39:38.571	Default	1	4	0	0	1	1.0140018	1	287.0249042	0	0	0	0
640	263000247290	2026-05-08 01:36:05.599	2026-05-08 01:39:49.678	Default	1	1	0	0	18	208.3695655	1	223.9851935	0	0	0	0
643	263000247238	2026-05-08 01:39:39.101	2026-05-08 01:40:06.651	Default	1	4	0	0	7	10.2492181	1	27.5652484	0	0	0	0
644	263000247238	2026-05-08 01:40:07.119	2026-05-08 01:41:02.328	Default	1	4	0	0	2	2.5896046	1	55.224097	0	39	2.08599996566772	5.0544089
645	263000247284	2026-05-08 01:40:32.313	2026-05-08 01:43:52.415	Default	1	1	0	0	5	5.3508094	1	208.6035664	0	69	3.51399993896484	8.5176149
647	263000247238	2026-05-08 01:43:53.117	2026-05-08 01:46:38.477	Default	1	1	0	0	5	6.4740113	1	165.4226905	0	76	3.94800007343292	10.1088178
646	263000247241	2026-05-08 01:43:28.001	2026-05-08 01:49:36.926	Default	1	4	0	0	6	17.5188306	0	0	3	143	5.30600007064641	19.2942339
636	263000247275	2026-05-08 01:31:41.444	2026-05-08 01:52:00.508	Default	1	2	0	0	8	18.4860325	1	1327.6403319	0	60	0.896000012755394	9.0636154
649	263000247284	2026-05-08 01:49:36.926	2026-05-08 01:52:14.642	Default	1	4	0	0	4	4.3524077	0	0	3	76	2.71600000932813	10.6392185
650	263000247234	2026-05-08 01:52:14.642	2026-05-08 01:52:29.852	Default	1	4	0	0	2	2.0280036	0	0	1	14	0.209999997168779	1.7538031
639	263000247254	2026-05-08 01:35:51.216	2026-05-08 01:52:29.852	Default	1	3	0	0	13	45.3492798	0	0	3	197	12.1240000724792	25.5528448
651	263000247284	2026-05-08 01:52:18.994	2026-05-08 01:52:34.984	Default	1	2	0	0	4	4.0404071	1	20.6544363	0	0	0	0
652	263000247234	2026-05-08 01:52:29.852	2026-05-08 01:55:17.443	Default	1	3	0	0	10	53.2584934	0	0	3	0	0	0
655	263000247254	2026-05-08 01:55:17.443	2026-05-08 01:55:53.167	Default	1	3	0	0	4	32.3076569	1	1201.9197111	0	6	0.084000002592802	1.185602
654	263000247284	2026-05-08 01:54:04.279	2026-05-08 01:56:13.182	Default	1	4	0	0	1	1.138802	1	139.1834444	0	0	0	0
648	263000247208	2026-05-08 01:48:29.752	2026-05-08 01:56:57.564	Default	1	1	0	0	4	56.1288985	1	507.858892	0	30	0.476000007241964	5.8032104
656	263000247284	2026-05-08 01:56:40.638	2026-05-08 01:58:15.580	Default	1	3	0	0	1	1.0764019	1	104.9725844	0	8	0.335999995470047	0.9516016
657	263000247234	2026-05-08 02:00:13.001	2026-05-08 02:00:16.293	Default	1	4	0	0	1	0.9984018	1	9.8592173	0	0	0	0
659	263000247234	2026-05-08 02:02:34.665	2026-05-08 02:02:37.894	Default	1	3	0	0	1	1.0140017	1	134.1134355	0	0	0	0
660	263000247284	2026-05-08 02:03:23.992	2026-05-08 02:06:16.685	Default	1	1	0	0	2	1.5288027	1	172.7079033	0	45	2.46400010958314	5.6940101
658	263000247231	2026-05-08 02:01:22.920	2026-05-08 02:08:43.871	Default	1	4	0	0	18	25.3032442	1	440.9503745	0	0	0	0
653	263000247290	2026-05-08 01:53:18.337	2026-05-08 02:10:26.004	Default	1	2	0	0	3	13.4940237	0	0	3	26	0.36400000192225	4.3524078
663	263000247254	2026-05-08 02:10:26.004	2026-05-08 02:12:05.954	Default	1	2	0	0	2	4.0872072	0	0	1	0	0	0
665	263000247290	2026-05-08 02:13:28.197	2026-05-08 02:13:37.463	Default	1	2	0	0	1	6.2088109	1	1219.1265413	0	0	0	0
664	263000247254	2026-05-08 02:12:06.016	2026-05-08 02:15:46.476	Default	1	4	0	0	21	48.1728843	1	220.4595872	0	0	0	0
666	263000247208	2026-05-08 02:14:52.671	2026-05-08 02:19:21.912	Default	1	2	0	0	3	6.1932108	1	269.2408729	0	0	0	0
668	263000247234	2026-05-08 02:20:26.714	2026-05-08 02:22:51.826	Default	1	2	0	0	1	1.0140018	1	208.8531668	0	0	0	0
669	263000247284	2026-05-08 02:23:01.872	2026-05-08 02:24:12.369	Default	1	2	0	0	13	13.4004238	1	74.5057309	0	91	4.52199993655086	11.7624206
667	263000247254	2026-05-08 02:17:45.270	2026-05-08 02:25:20.572	Default	1	4	0	0	33	67.8491187	1	455.3335998	0	30	0.42000000551343	4.7530081
670	263000247209	2026-05-08 02:25:30.260	2026-05-08 02:32:43.473	Default	1	4	0	0	3	6.2244109	0	0	3	77	4.18599987030029	9.9840176
671	263000247290	2026-05-08 02:25:38.715	2026-05-08 02:35:28.256	Default	1	2	0	0	4	586.40503	1	589.5406355	0	73	1.59599995799363	8.049614
672	263000247275	2026-05-08 02:32:43.473	2026-05-08 02:40:44.687	Default	1	4	0	0	10	13.0286228	0	0	3	160	9.08599983341992	21.7620383
674	263000247284	2026-05-08 02:40:44.687	2026-05-08 02:46:20.930	Default	1	4	0	0	11	13.634424	0	0	3	72	2.46399996243417	9.9840175
661	263000247238	2026-05-08 02:04:26.876	2026-05-08 02:47:58.570	Default	1	3	0	0	14	113.2817991	1	2611.6941871	0	10	0.419999998062849	1.4508025
673	263000247231	2026-05-08 02:37:14.351	2026-05-08 02:48:36.119	Default	1	2	0	0	19	30.7788539	1	681.7679975	0	0	0	0
677	263000247254	2026-05-08 02:48:37.321	2026-05-08 02:50:22.122	Default	1	2	0	0	3	16.7700295	1	104.8009841	0	58	0.812000010162592	8.0964142
675	263000247234	2026-05-08 02:46:20.930	2026-05-08 02:50:43.416	Default	1	4	0	0	2	4.040407	0	0	3	0	0	0
679	263000247231	2026-05-08 02:50:43.416	2026-05-08 02:56:00.751	Default	1	4	0	0	2	2.9640052	1	1830.4916151	0	0	0	0
676	263000247284	2026-05-08 02:48:03.625	2026-05-08 02:58:02.276	Default	1	3	0	0	3	5.5848098	0	0	3	71	3.61200004816055	9.1416162
681	263000247238	2026-05-08 02:58:02.276	2026-05-08 02:58:28.905	Default	1	3	0	0	1	1.4040025	0	0	1	0	0	0
678	263000247290	2026-05-08 02:50:24.181	2026-05-08 02:58:28.905	Default	1	2	0	0	12	52.1664917	0	0	3	122	12.2069997787476	18.782433
683	263000247231	2026-05-08 02:59:27.296	2026-05-08 03:02:57.662	Default	1	3	0	0	11	15.7092276	0	0	3	11	0.769999984651804	1.9656034
684	263000247234	2026-05-08 03:02:57.662	2026-05-08 03:07:10.414	Default	1	3	0	0	20	35.0532616	0	0	3	29	1.3999999910593	3.9156069
680	263000247208	2026-05-08 02:56:08.910	2026-05-08 03:07:53.844	Default	1	4	0	0	7	9.9684175	0	0	3	37	0.518000014126301	6.9546121
682	263000247238	2026-05-08 02:58:28.905	2026-05-08 03:10:48.799	Default	1	2	0	0	40	282.091295	0	0	3	66	3.96200004592538	9.2820163
687	263000247241	2026-05-08 03:10:48.799	2026-05-08 03:10:50.858	Default	1	2	0	0	1	1.2948023	0	0	3	0	0	0
688	263000247238	2026-05-08 03:10:50.858	2026-05-08 03:10:55.257	Default	1	2	0	0	2	2.1060037	0	0	3	0	0	0
689	263000247241	2026-05-08 03:10:55.257	2026-05-08 03:10:55.663	Default	1	2	0	0	1	0.4056007	0	0	3	0	0	0
685	263000247231	2026-05-08 03:07:10.414	2026-05-08 03:11:27.284	Default	1	3	0	0	2	2.870405	1	720.0972648	0	0	0	0
690	263000247238	2026-05-08 03:10:55.663	2026-05-08 03:13:44.736	Default	1	2	0	0	2	51.6516907	0	0	3	0	0	0
686	263000247284	2026-05-08 03:07:53.844	2026-05-08 03:18:42.400	Default	1	4	0	0	4	6.5364116	0	0	3	90	3.91999991424382	10.4988185
693	263000247241	2026-05-08 03:18:42.400	2026-05-08 03:19:34.816	Default	1	4	0	0	10	29.5464518	0	0	3	16	0.238000005483627	3.1668057
694	263000247284	2026-05-08 03:19:34.816	2026-05-08 03:19:39.792	Default	1	4	0	0	2	2.1060037	0	0	3	0	0	0
695	263000247241	2026-05-08 03:19:39.792	2026-05-08 03:21:13.626	Default	1	4	0	0	11	22.1942388	1	1505.0438435	0	103	4.75999976322055	12.3240216
691	263000247209	2026-05-08 03:12:40.978	2026-05-08 03:21:49.351	Default	1	3	0	0	35	119.6210099	1	548.4969634	0	21	0.42000000551343	3.6012062
692	263000247234	2026-05-08 03:13:44.736	2026-05-08 03:25:10.638	Default	1	2	0	0	2	4.5084079	0	0	1	0	0	0
697	263000247241	2026-05-08 03:22:01.285	2026-05-08 03:25:10.638	Default	1	4	0	0	15	27.1396478	0	0	3	0	0	0
698	263000247234	2026-05-08 03:25:10.638	2026-05-08 03:26:18.389	Default	1	4	0	0	1	1.2636022	0	0	3	0	0	0
699	263000247241	2026-05-08 03:26:18.389	2026-05-08 03:29:14.201	Default	1	4	0	0	4	8.4240147	1	432.9163604	0	34	1.41400000452995	4.3056075
701	263000247234	2026-05-08 03:30:48.331	2026-05-08 03:31:06.084	Default	1	2	0	0	1	1.8720033	0	0	3	0	0	0
700	263000247209	2026-05-08 03:30:15.057	2026-05-08 03:31:17.956	Default	1	4	0	0	2	4.555208	0	0	3	121	7.08400024473667	15.6624274
703	263000247234	2026-05-08 03:31:17.956	2026-05-08 03:31:53.524	Default	1	4	0	0	1	1.4352025	0	0	1	0	0	0
662	263000247298	2026-05-08 02:08:41.734	2026-05-08 03:31:53.524	Default	1	1	0	0	13	1207.3953205	0	0	3	84	1.52599998749793	9.5568168
704	263000247234	2026-05-08 03:31:53.524	2026-05-08 03:33:32.397	Default	1	1	0	0	1	1.0608019	0	0	3	0	0	0
696	263000247231	2026-05-08 03:21:57.026	2026-05-08 03:34:53.689	Default	1	3	0	0	11	19.6560344	1	776.6941641	0	0	0	0
706	263000247284	2026-05-08 03:34:14.236	2026-05-08 03:34:58.915	Default	1	4	0	0	2	3.392806	0	0	1	0	0	0
705	263000247298	2026-05-08 03:33:32.397	2026-05-08 03:42:35.902	Default	1	1	0	0	2	4.4460078	1	5634.215096	0	0	0	0
702	263000247238	2026-05-08 03:31:06.084	2026-05-08 03:49:23.609	Default	1	2	0	0	53	273.8272813	1	3539.4590168	0	0	0	0
710	263000247219	2026-05-08 03:50:43.340	2026-05-08 03:50:45.556	Default	1	2	0	0	1	1.107602	1	13.8684243	0	0	0	0
711	263000247219	2026-05-08 03:50:53.278	2026-05-08 03:51:00.235	Default	1	2	0	0	1	1.5756027	1	12.1680214	0	0	0	0
712	263000247275	2026-05-08 03:51:08.410	2026-05-08 03:51:15.398	Default	1	2	0	0	3	4.461608	1	13.9464245	0	0	0	0
707	263000247284	2026-05-08 03:34:58.915	2026-05-08 03:51:46.864	Default	1	3	0	0	5	6.3336113	1	1011.7553771	0	82	4.17199999094009	11.35682
713	263000247219	2026-05-08 03:51:31.357	2026-05-08 03:52:22.073	Default	1	2	0	0	8	23.3064409	1	61.9789088	0	166	8.94600009918213	20.5764362
708	263000247209	2026-05-08 03:36:52.249	2026-05-08 03:55:13.314	Default	1	4	0	0	5	9.5160167	0	0	3	18	0.252000000327826	3.0420053
715	263000247231	2026-05-08 03:53:53.754	2026-05-08 04:00:11.103	Default	1	2	0	0	9	34.2576601	1	377.3490627	0	78	4.26999980956316	10.0620176
716	263000247208	2026-05-08 03:55:13.314	2026-05-08 04:03:00.052	Default	1	4	0	0	5	8.0808141	0	0	3	70	3.52800011634827	8.9544158
709	263000247241	2026-05-08 03:43:37.631	2026-05-08 04:09:51.300	Default	1	1	0	0	76	677.025589	0	0	3	64	0.952000005170703	10.2960182
719	263000247238	2026-05-08 04:09:51.300	2026-05-08 04:15:42.753	Default	1	1	0	0	21	36.4728642	0	0	3	11	0.15400000475347	2.1216036
720	263000247219	2026-05-08 04:15:42.753	2026-05-08 04:16:01.109	Default	1	1	0	0	1	2.6832047	0	0	3	0	0	0
721	263000247238	2026-05-08 04:16:01.109	2026-05-08 04:16:44.373	Default	1	1	0	0	9	18.4754325	0	0	3	33	1.24599998816848	5.4444095
722	263000247219	2026-05-08 04:16:44.373	2026-05-08 04:16:47.664	Default	1	1	0	0	1	1.3416024	0	0	3	0	0	0
723	263000247238	2026-05-08 04:16:47.664	2026-05-08 04:16:56.978	Default	1	1	0	0	1	1.9344034	0	0	3	0	0	0
724	263000247219	2026-05-08 04:16:56.978	2026-05-08 04:17:01.642	Default	1	1	0	0	2	3.8064067	0	0	3	0	0	0
725	263000247238	2026-05-08 04:17:01.642	2026-05-08 04:17:21.594	Default	1	1	0	0	2	6.3960112	0	0	3	0	0	0
726	263000247208	2026-05-08 04:17:21.594	2026-05-08 04:17:36.898	Default	1	1	0	0	1	0.9984018	0	0	1	0	0	0
714	263000247284	2026-05-08 03:51:59.609	2026-05-08 04:23:07.275	Default	1	3	0	0	4	25.6464449	0	0	3	48	2.53399991989136	6.6924118
727	263000247254	2026-05-08 04:23:07.275	2026-05-08 04:23:33.842	Default	1	3	0	0	1	1.7628031	0	0	3	0	0	0
728	263000247209	2026-05-08 04:23:33.842	2026-05-08 04:24:38.442	Default	1	3	0	0	1	2.5584045	0	0	3	0	0	0
729	263000247284	2026-05-08 04:24:38.442	2026-05-08 04:24:41.562	Default	1	3	0	0	1	1.170002	0	0	3	0	0	0
730	263000247219	2026-05-08 04:24:41.562	2026-05-08 04:24:56.210	Default	1	3	0	0	2	4.7892084	1	1981.1410797	0	0	0	0
717	263000247298	2026-05-08 04:00:37.280	2026-05-08 04:25:25.897	Default	1	2	0	0	37	711.73965	1	1488.6170146	0	112	2.39400000497699	12.2098214
731	263000247219	2026-05-08 04:25:17.036	2026-05-08 04:32:03.620	Default	1	3	0	0	4	7.1760126	1	426.0523483	0	51	2.18399995192885	6.2400111
732	263000247231	2026-05-08 04:26:53.226	2026-05-08 04:35:39.790	Default	1	2	0	0	6	18.735633	1	526.5633249	0	29	0.406000005081296	5.1324093
718	263000247275	2026-05-08 04:03:00.052	2026-05-08 04:36:37.042	Default	1	4	0	0	23	48.7812853	1	3981.9849939	0	199	10.0099998340011	25.8216453
735	263000247234	2026-05-08 04:39:18.346	2026-05-08 04:50:21.191	Default	1	2	0	0	24	42.9312755	0	0	3	36	1.11999997496605	5.3000093
734	263000247238	2026-05-08 04:38:03.060	2026-05-08 04:52:58.283	Default	1	1	0	0	5	645.2327332	1	4160.7145079	0	8	0.126000000163913	1.2792023
737	263000247231	2026-05-08 04:50:21.191	2026-05-08 04:53:29.437	Default	1	2	0	0	15	41.7300732	1	853.8830998	0	90	3.97600006870925	12.1132214
739	263000247231	2026-05-08 04:56:51.441	2026-05-08 04:57:20.099	Default	1	1	0	0	3	6.3960114	1	28.5480501	0	0	0	0
740	263000247231	2026-05-08 04:57:21.612	2026-05-08 04:57:34.809	Default	1	1	0	0	3	3.4944062	1	13.2600233	0	0	0	0
741	263000247231	2026-05-08 04:57:36.354	2026-05-08 04:58:32.810	Default	1	1	0	0	7	12.9324227	1	56.6436995	0	11	0.154000002890825	2.0124037
742	263000247238	2026-05-08 04:58:33.871	2026-05-08 04:58:51.499	Default	1	1	0	0	4	9.4692167	0	0	3	0	0	0
743	263000247231	2026-05-08 04:58:51.499	2026-05-08 04:59:12.840	Default	1	1	0	0	6	15.2100268	0	0	3	0	0	0
738	263000247241	2026-05-08 04:56:28.400	2026-05-08 05:05:23.481	Default	1	2	0	0	5	512.7729005	1	535.0809399	0	104	2.32399999164045	10.9824192
736	263000247298	2026-05-08 04:40:34.895	2026-05-08 05:06:41.934	Default	1	4	0	0	3	5.3196094	1	1567.0383524	0	25	1.13400000333786	3.2604057
745	263000247231	2026-05-08 05:07:30.496	2026-05-08 05:10:33.547	Default	1	2	0	0	2	3.385206	1	183.0507215	0	0	0	0
746	263000247290	2026-05-08 05:10:26.153	2026-05-08 05:10:55.918	Default	1	4	0	0	4	19.2192339	1	29.7648523	0	17	0.238000007346272	3.2292057
747	263000247275	2026-05-08 05:11:18.756	2026-05-08 05:12:15.259	Default	1	2	0	0	8	12.511222	1	59.3113042	0	101	3.29000002332032	12.473622
748	263000247275	2026-05-08 05:12:21.281	2026-05-08 05:13:03.105	Default	1	2	0	0	7	9.594017	1	41.8236735	0	42	3.05200004577637	5.4404096
744	263000247238	2026-05-08 04:59:12.840	2026-05-08 05:20:13.463	Default	1	1	0	0	30	54.9120961	0	0	3	0	0	0
733	263000247209	2026-05-08 04:32:24.306	2026-05-08 05:21:23.944	Default	1	3	0	0	3	12.8850227	1	2939.6379632	0	118	6.99899989366531	15.3816271
750	263000247231	2026-05-08 05:13:30.842	2026-05-08 05:23:24.844	Default	1	4	0	0	9	16.9884298	0	0	3	41	1.94599997997284	5.3820094
752	263000247275	2026-05-08 05:23:24.844	2026-05-08 05:23:36.107	Default	1	4	0	0	3	4.8828086	0	0	3	0	0	0
753	263000247231	2026-05-08 05:23:36.107	2026-05-08 05:23:45.701	Default	1	4	0	0	2	2.293204	0	0	3	0	0	0
749	263000247290	2026-05-08 05:13:03.744	2026-05-08 05:26:14.073	Default	1	2	0	0	10	166.6550925	1	790.3753882	0	132	7.72799980640411	15.9900281
756	263000247290	2026-05-08 05:28:47.546	2026-05-08 05:34:05.116	Default	1	3	0	0	3	6.5988115	1	317.678958	0	34	1.59600001573563	4.1652073
751	263000247241	2026-05-08 05:20:13.463	2026-05-08 05:45:05.012	Default	1	1	0	0	18	480.9066445	1	2791.1569024	0	169	7.79799995943904	21.2940375
757	263000247231	2026-05-08 05:37:40.817	2026-05-08 05:45:16.182	Default	1	3	0	0	5	7.0668124	1	455.4583999	0	0	0	0
754	263000247275	2026-05-08 05:23:45.701	2026-05-08 05:46:11.188	Default	1	4	0	0	4	5.3976095	1	1960.3462431	0	80	2.35099996440113	8.6892153
758	263000247208	2026-05-08 05:46:34.291	2026-05-08 05:47:48.875	Default	1	4	0	0	10	17.8978313	1	75.0361318	0	109	8.34400007687509	16.9104297
759	263000247290	2026-05-08 05:48:21.417	2026-05-08 05:48:24.537	Default	1	4	0	0	1	3.1200055	1	2.6364046	0	0	0	0
755	263000247209	2026-05-08 05:27:17.955	2026-05-08 05:57:22.956	Default	1	2	0	0	45	148.0754606	0	0	3	97	5.12399990111589	13.8840244
762	263000247208	2026-05-08 05:57:22.956	2026-05-08 05:57:33.237	Default	1	2	0	0	1	1.0764019	0	0	1	0	0	0
764	263000247275	2026-05-08 05:58:05.731	2026-05-08 05:58:57.055	Default	1	2	0	0	1	1.4508025	0	0	1	0	0	0
761	263000247284	2026-05-08 05:51:19.912	2026-05-08 05:58:57.055	Default	1	4	0	0	1	1.4976026	0	0	3	65	3.40200001932681	8.6268152
765	263000247275	2026-05-08 05:58:57.055	2026-05-08 05:59:06.228	Default	1	4	0	0	1	1.684803	0	0	1	34	1.62399995326996	4.4928079
763	263000247208	2026-05-08 05:57:33.237	2026-05-08 05:59:06.228	Default	1	3	0	0	5	8.6112152	0	0	3	97	5.37599992752075	12.1680214
766	263000247275	2026-05-08 05:59:06.228	2026-05-08 05:59:15.854	Default	1	3	0	0	2	2.6832047	0	0	3	0	0	0
767	263000247209	2026-05-08 05:59:14.294	2026-05-08 05:59:16.852	Default	1	2	0	0	1	1.2012021	0	0	3	0	0	0
768	263000247208	2026-05-08 05:59:15.854	2026-05-08 05:59:19.052	Default	1	3	0	0	2	2.7768049	1	105.939786	0	0	0	0
760	263000247231	2026-05-08 05:49:03.506	2026-05-08 06:00:17.364	Default	1	1	0	0	17	125.9078214	1	673.8743836	0	0	0	0
769	263000247290	2026-05-08 05:59:16.852	2026-05-08 06:00:35.850	Default	1	2	0	0	2	6.0060106	0	0	1	0	0	0
772	263000247290	2026-05-08 06:00:35.850	2026-05-08 06:01:44.023	Default	1	1	0	0	6	13.3068233	1	68.2657199	0	61	3.12199997901917	7.0618124
774	263000247209	2026-05-08 06:03:47.528	2026-05-08 06:06:15.681	Default	1	2	0	0	11	35.0844617	1	2337.726506	0	0	0	0
775	263000247290	2026-05-08 06:06:17.007	2026-05-08 06:07:15.570	Default	1	2	0	0	10	25.2720446	1	58.5625029	0	37	1.8619999922812	3.7752067
776	263000247290	2026-05-08 06:07:21.170	2026-05-08 06:07:51.466	Default	1	2	0	0	4	12.9908229	0	0	3	23	1.25999999046326	2.1684038
777	263000247254	2026-05-08 06:07:51.466	2026-05-08 06:08:00.654	Default	1	2	0	0	1	3.4788061	0	0	3	0	0	0
778	263000247290	2026-05-08 06:08:00.654	2026-05-08 06:08:03.618	Default	1	2	0	0	1	1.684803	0	0	3	0	0	0
779	263000247254	2026-05-08 06:08:03.618	2026-05-08 06:08:35.099	Default	1	2	0	0	3	18.1272319	0	0	3	116	3.87799996137619	12.8076224
780	263000247290	2026-05-08 06:08:35.099	2026-05-08 06:09:52.787	Default	1	2	0	0	1	1.0764019	0	0	3	0	0	0
773	263000247234	2026-05-08 06:02:11.354	2026-05-08 06:18:08.946	Default	1	1	0	0	15	36.816065	0	0	3	165	3.83599994704127	20.2332356
781	263000247254	2026-05-08 06:09:52.787	2026-05-08 06:20:46.491	Default	1	2	0	0	35	142.6310505	1	805.3202145	0	0	0	0
770	263000247275	2026-05-08 05:59:28.068	2026-05-08 06:24:27.122	Default	1	3	0	0	44	106.3921871	1	1507.617848	0	110	6.05300009250641	14.8920261
784	263000247209	2026-05-08 06:24:29.243	2026-05-08 06:25:02.409	Default	1	3	0	0	2	3.2604057	0	0	3	59	1.62399995326996	5.6472099
783	263000247241	2026-05-08 06:20:58.721	2026-05-08 06:25:56.775	Default	1	2	0	0	5	291.0965113	1	298.0541235	0	0	0	0
785	263000247254	2026-05-08 06:25:02.409	2026-05-08 06:26:22.952	Default	1	3	0	0	1	2.0436036	0	0	3	0	0	0
771	263000247284	2026-05-08 06:00:15.134	2026-05-08 06:27:24.650	Default	1	4	0	0	8	10.5456185	1	2171.0090131	0	19	0.266000000759959	2.756205
786	263000247290	2026-05-08 06:25:57.150	2026-05-08 06:28:27.534	Default	1	2	0	0	9	15.9744281	1	150.3842641	0	98	5.97700023651123	12.0120211
782	263000247219	2026-05-08 06:18:08.946	2026-05-08 06:30:22.038	Default	1	1	0	0	7	17.2536304	1	1692.2753723	0	0	0	0
788	263000247231	2026-05-08 06:28:38.220	2026-05-08 06:30:40.399	Default	1	2	0	0	8	23.4156411	1	122.1794146	0	64	2.99600005149841	8.0496142
790	263000247208	2026-05-08 06:30:24.066	2026-05-08 06:35:21.886	Default	1	1	0	0	9	11.0604195	0	0	3	76	3.48600009083748	8.0340142
789	263000247254	2026-05-08 06:29:53.022	2026-05-08 06:35:25.880	Default	1	4	0	0	8	25.7868453	1	332.8577847	0	24	0.336000010371208	4.383608
792	263000247241	2026-05-08 06:35:21.886	2026-05-08 06:36:12.727	Default	1	1	0	0	1	5.3508094	0	0	3	0	0	0
787	263000247209	2026-05-08 06:26:22.952	2026-05-08 06:39:49.676	Default	1	3	0	0	11	27.3624479	1	920.4484167	0	48	2.35199999809265	6.3024111
795	263000247290	2026-05-08 06:39:51.439	2026-05-08 06:40:23.965	Default	1	3	0	0	6	18.951433	1	32.4792571	0	29	0.756000010296702	4.7112083
793	263000247208	2026-05-08 06:36:12.727	2026-05-08 06:41:54.040	Default	1	1	0	0	18	38.7122679	1	690.1920122	0	7	0.0980000011622906	1.1856021
797	263000247275	2026-05-08 06:41:59.999	2026-05-08 06:42:16.519	Default	1	1	0	0	3	6.5520115	1	22.1052388	0	13	0.182000001892447	2.1136036
791	263000247284	2026-05-08 06:32:55.495	2026-05-08 06:43:41.633	Default	1	2	0	0	13	28.0800494	0	0	3	33	0.490000003948808	4.6408081
799	263000247209	2026-05-08 06:43:41.633	2026-05-08 06:43:53.661	Default	1	2	0	0	2	3.3696059	1	666.7451711	0	0	0	0
796	263000247234	2026-05-08 06:41:00.532	2026-05-08 06:44:38.870	Default	1	3	0	0	4	4.5240079	0	0	3	29	1.3860000371933	3.7908067
800	263000247209	2026-05-08 06:43:57.748	2026-05-08 06:44:45.858	Default	1	2	0	0	5	15.7092277	1	48.1104845	0	0	0	0
801	263000247241	2026-05-08 06:44:38.870	2026-05-08 06:48:14.945	Default	1	3	0	0	1	1.2792022	0	0	1	0	0	0
798	263000247275	2026-05-08 06:43:01.619	2026-05-08 06:48:14.945	Default	1	1	0	0	9	13.4940237	0	0	3	82	2.98200001008809	9.6358167
803	263000247241	2026-05-08 06:48:14.945	2026-05-08 06:48:25.132	Default	1	1	0	0	1	9.5628168	0	0	3	18	0.252000004053116	2.839205
804	263000247275	2026-05-08 06:48:25.132	2026-05-08 06:48:32.184	Default	1	1	0	0	2	4.1340072	1	334.3553873	0	0	0	0
806	263000247208	2026-05-08 06:50:13.396	2026-05-08 06:51:23.051	Default	1	3	0	0	1	1.7472031	1	69.7789226	0	0	0	0
802	263000247238	2026-05-08 06:44:48.308	2026-05-08 06:51:54.204	Default	1	2	0	0	2	2.854805	0	0	3	75	3.83599996566772	9.5004167
808	263000247241	2026-05-08 06:51:54.204	2026-05-08 06:51:55.389	Default	1	2	0	0	1	1.1856021	0	0	3	0	0	0
805	263000247231	2026-05-08 06:48:33.478	2026-05-08 06:54:49.018	Default	1	1	0	0	6	24.0396423	1	375.6642598	0	84	3.55599990859628	10.7796191
794	263000247254	2026-05-08 06:37:21.164	2026-05-08 06:56:57.188	Default	1	4	0	0	71	683.3362005	0	0	3	40	0.854000005871058	6.2400108
810	263000247241	2026-05-08 06:56:57.188	2026-05-08 06:57:08.903	Default	1	4	0	0	1	4.9764088	0	0	1	0	0	0
807	263000247298	2026-05-08 06:51:24.751	2026-05-08 06:57:08.903	Default	1	3	0	0	2	5.3664095	0	0	3	0	0	0
811	263000247241	2026-05-08 06:57:08.903	2026-05-08 06:58:04.299	Default	1	3	0	0	1	4.6488082	0	0	1	0	0	0
812	263000247254	2026-05-08 06:57:15.143	2026-05-08 06:59:27.026	Default	1	4	0	0	1	2.0592036	1	1325.8619287	0	0	0	0
814	263000247275	2026-05-08 06:58:12.676	2026-05-08 07:00:36.321	Default	1	3	0	0	1	11.2320198	0	0	3	46	2.43600010871887	6.0684106
815	263000247298	2026-05-08 07:00:36.321	2026-05-08 07:03:13.679	Default	1	3	0	0	6	23.1972408	1	709.0056453	0	15	0.671999983489513	2.1996039
809	263000247238	2026-05-08 06:51:55.389	2026-05-08 07:05:15.203	Default	1	2	0	0	16	116.3762043	1	1226.895355	0	161	8.95999975129962	22.6980399
817	263000247290	2026-05-08 07:04:49.260	2026-05-08 07:05:28.993	Default	1	4	0	0	4	18.2318321	1	39.7332698	0	28	0.392000002786517	4.6318081
813	263000247241	2026-05-08 06:58:04.299	2026-05-08 07:05:36.934	Default	1	1	0	0	21	107.3281884	0	0	3	209	8.73599999025464	26.4576465
819	263000247290	2026-05-08 07:05:36.934	2026-05-08 07:05:39.243	Default	1	1	0	0	1	2.3088041	0	0	3	0	0	0
821	263000247208	2026-05-08 07:06:01.161	2026-05-08 07:06:16.932	Default	1	4	0	0	3	6.3648112	1	15.927628	0	28	0.448000000789762	3.6736065
816	263000247275	2026-05-08 07:03:30.823	2026-05-08 07:06:34.607	Default	1	3	0	0	3	6.5520116	0	0	3	49	2.22600002028048	6.9576122
822	263000247209	2026-05-08 07:06:18.024	2026-05-08 07:06:46.463	Default	1	4	0	0	3	9.2926164	1	28.43885	0	73	3.55599999427795	8.4864149
823	263000247208	2026-05-08 07:06:34.607	2026-05-08 07:07:03.951	Default	1	3	0	0	4	17.3784306	0	0	3	0	0	0
820	263000247241	2026-05-08 07:05:39.243	2026-05-08 07:07:08.350	Default	1	1	0	0	4	11.934021	1	544.0665556	0	0	0	0
824	263000247275	2026-05-08 07:07:03.951	2026-05-08 07:07:15.713	Default	1	3	0	0	2	5.2728092	1	240.2092219	0	0	0	0
825	263000247208	2026-05-08 07:07:17.101	2026-05-08 07:09:21.106	Default	1	3	0	0	8	10.3272181	1	124.1918182	0	44	2.07199995964766	6.2542112
827	263000247208	2026-05-08 07:10:26.423	2026-05-08 07:10:39.699	Default	1	1	0	0	1	1.4040025	0	0	3	0	0	0
828	263000247298	2026-05-08 07:10:39.699	2026-05-08 07:10:43.069	Default	1	1	0	0	1	1.4976026	1	17.4408306	0	0	0	0
826	263000247209	2026-05-08 07:09:21.917	2026-05-08 07:10:59.667	Default	1	3	0	0	3	14.773226	1	97.7653717	0	92	4.90000004321337	11.3412199
830	263000247238	2026-05-08 07:11:01.055	2026-05-08 07:11:23.613	Default	1	3	0	0	2	6.1152107	1	22.5676396	0	1	0.0419999994337559	0.2184004
831	263000247209	2026-05-08 07:11:25.376	2026-05-08 07:11:49.681	Default	1	3	0	0	2	7.7688137	1	24.3672428	0	0	0	0
829	263000247298	2026-05-08 07:10:44.005	2026-05-08 07:11:57.231	Default	1	1	0	0	8	16.9416299	1	73.2733287	0	12	0.182000003755093	2.1060037
833	263000247241	2026-05-08 07:12:04.158	2026-05-08 07:12:09.415	Default	1	1	0	0	2	2.9796052	1	4.8984086	0	0	0	0
834	263000247238	2026-05-08 07:12:09.462	2026-05-08 07:12:43.407	Default	1	1	0	0	5	11.5284203	1	33.9768597	0	34	1.74999997019768	4.6956082
832	263000247290	2026-05-08 07:11:51.709	2026-05-08 07:12:54.124	Default	1	3	0	0	5	9.6252169	1	62.4625097	0	32	1.67999995499849	3.978007
835	263000247290	2026-05-08 07:13:06.932	2026-05-08 07:14:22.514	Default	1	1	0	0	6	19.2192339	1	75.5041326	0	24	0.573999991640449	3.3510059
837	263000247290	2026-05-08 07:14:24.355	2026-05-08 07:14:37.568	Default	1	1	0	0	3	6.240011	1	13.2288232	0	0	0	0
836	263000247241	2026-05-08 07:13:24.919	2026-05-08 07:15:16.771	Default	1	3	0	0	7	22.4952396	1	111.9457967	0	110	3.84999992512167	14.3386252
838	263000247290	2026-05-08 07:14:39.284	2026-05-08 07:15:32.558	Default	1	1	0	0	5	8.7204154	1	53.3520937	0	0	0	0
818	263000247231	2026-05-08 07:05:22.301	2026-05-08 07:15:34.118	Default	1	2	0	0	5	10.3584182	1	611.8174746	0	0	0	0
839	263000247298	2026-05-08 07:15:36.630	2026-05-08 07:16:04.538	Default	1	4	0	0	1	9.5004167	0	0	1	0	0	0
841	263000247234	2026-05-08 07:16:05.006	2026-05-08 07:16:52.056	Default	1	2	0	0	6	7.7532138	1	77.1733355	0	83	4.06599993444979	9.6564169
844	263000247290	2026-05-08 07:17:00.574	2026-05-08 07:17:19.637	Default	1	2	0	0	5	15.7092278	1	18.9540333	0	0	0	0
843	263000247234	2026-05-08 07:17:00.324	2026-05-08 07:17:20.963	Default	1	4	0	0	3	11.4036201	0	0	3	0	0	0
846	263000247284	2026-05-08 07:17:20.963	2026-05-08 07:17:23.584	Default	1	4	0	0	1	1.0140018	0	0	3	0	0	0
845	263000247208	2026-05-08 07:17:20.339	2026-05-08 07:17:32.226	Default	1	2	0	0	3	6.4116114	1	11.8872209	0	0	0	0
847	263000247234	2026-05-08 07:17:23.584	2026-05-08 07:17:50.634	Default	1	4	0	0	1	1.0140018	0	0	3	7	0.0980000011622906	1.1544021
842	263000247275	2026-05-08 07:16:34.100	2026-05-08 07:18:18.309	Default	1	3	0	0	4	15.7872277	1	115.6898032	0	69	2.01599993556738	8.0496141
850	263000247209	2026-05-08 07:18:18.917	2026-05-08 07:18:26.389	Default	1	3	0	0	2	4.7424083	1	7.4880131	0	0	0	0
848	263000247290	2026-05-08 07:17:32.944	2026-05-08 07:18:56.404	Default	1	2	0	0	5	12.4332219	0	0	3	34	1.35799994692206	3.8688068
851	263000247275	2026-05-08 07:18:31.023	2026-05-08 07:19:07.745	Default	1	3	0	0	2	6.3336112	1	40.7940716	0	0	0	0
852	263000247231	2026-05-08 07:18:56.404	2026-05-08 07:19:10.444	Default	1	2	0	0	2	6.3492112	1	97.5157713	0	0	0	0
853	263000247290	2026-05-08 07:19:12.144	2026-05-08 07:19:24.375	Default	1	2	0	0	5	8.4240147	1	12.2460216	0	0	0	0
854	263000247290	2026-05-08 07:19:25.092	2026-05-08 07:21:00.955	Default	1	2	0	0	4	9.2352162	0	0	3	0	0	0
856	263000247275	2026-05-08 07:21:00.955	2026-05-08 07:21:25.353	Default	1	2	0	0	2	10.9980192	0	0	3	0	0	0
857	263000247290	2026-05-08 07:21:25.353	2026-05-08 07:21:28.832	Default	1	2	0	0	1	1.669203	0	0	3	0	0	0
855	263000247234	2026-05-08 07:20:31.564	2026-05-08 07:21:48.550	Default	1	3	0	0	2	3.0466053	1	142.7714508	0	36	1.51199999824166	4.6298081
858	263000247238	2026-05-08 07:21:28.832	2026-05-08 07:22:39.453	Default	1	2	0	0	10	36.9902652	1	194.3607414	0	22	0.420000001788139	3.2604057
860	263000247208	2026-05-08 07:22:43.182	2026-05-08 07:23:23.820	Default	1	2	0	0	5	11.7156206	0	0	3	33	1.12000001966953	3.5100062
861	263000247241	2026-05-08 07:23:23.820	2026-05-08 07:23:25.598	Default	1	2	0	0	1	1.107602	0	0	3	0	0	0
862	263000247208	2026-05-08 07:23:25.598	2026-05-08 07:23:27.142	Default	1	2	0	0	1	0.9984018	0	0	3	0	0	0
859	263000247231	2026-05-08 07:21:50.188	2026-05-08 07:23:38.624	Default	1	3	0	0	4	11.8404207	0	0	3	26	0.378000007942319	3.8376069
863	263000247241	2026-05-08 07:23:27.142	2026-05-08 07:24:04.598	Default	1	2	0	0	5	8.5488149	1	81.447743	0	15	0.224000003188848	2.4804042
864	263000247238	2026-05-08 07:23:38.624	2026-05-08 07:24:31.539	Default	1	3	0	0	3	9.5316167	0	0	3	0	0	0
865	263000247241	2026-05-08 07:24:05.612	2026-05-08 07:25:52.472	Default	1	2	0	0	11	26.5018466	1	106.8601877	0	0	0	0
849	263000247284	2026-05-08 07:17:50.634	2026-05-08 07:27:13.249	Default	1	4	0	0	4	14.3052251	0	0	3	0	0	0
867	263000247219	2026-05-08 07:26:57.322	2026-05-08 07:28:07.334	Default	1	2	0	0	9	22.9320403	1	70.012923	0	125	6.71999979019165	15.7636276
868	263000247238	2026-05-08 07:27:13.249	2026-05-08 07:28:13.887	Default	1	4	0	0	2	2.262004	0	0	3	50	2.68799996376038	6.271211
870	263000247254	2026-05-08 07:28:13.887	2026-05-08 07:28:17.880	Default	1	4	0	0	2	2.1372037	0	0	3	0	0	0
869	263000247290	2026-05-08 07:28:08.536	2026-05-08 07:28:36.070	Default	1	2	0	0	6	9.0636159	1	27.5340484	0	0	0	0
871	263000247238	2026-05-08 07:28:17.880	2026-05-08 07:28:45.789	Default	1	4	0	0	5	12.9012226	1	1317.9371148	0	0	0	0
866	263000247231	2026-05-08 07:24:31.539	2026-05-08 07:28:46.615	Default	1	3	0	0	1	1.170002	0	0	3	0	0	0
872	263000247219	2026-05-08 07:28:37.396	2026-05-08 07:29:04.165	Default	1	2	0	0	2	2.3400041	1	26.769647	0	0	0	0
875	263000247219	2026-05-08 07:29:18.143	2026-05-08 07:29:42.775	Default	1	2	0	0	2	2.0124035	1	24.6324432	0	0	0	0
876	263000247234	2026-05-08 07:29:44.101	2026-05-08 07:30:24.927	Default	1	2	0	0	5	5.69401	1	40.8252718	0	2	0.0280000008642673	0.2652005
874	263000247238	2026-05-08 07:29:13.525	2026-05-08 07:30:36.471	Default	1	4	0	0	12	36.8196646	1	82.9453457	0	27	1.23199997842312	3.6036063
877	263000247234	2026-05-08 07:30:26.721	2026-05-08 07:30:37.516	Default	1	2	0	0	2	2.1996037	1	10.795219	0	0	0	0
879	263000247290	2026-05-08 07:30:49.965	2026-05-08 07:30:55.518	Default	1	4	0	0	2	3.3384059	1	5.5536098	0	0	0	0
880	263000247238	2026-05-08 07:30:57.796	2026-05-08 07:31:18.060	Default	1	4	0	0	3	6.848412	1	20.2644356	0	0	0	0
840	263000247298	2026-05-08 07:16:04.538	2026-05-08 07:31:41.024	Default	1	1	0	0	20	74.3809306	1	936.563245	0	52	2.54200001806021	5.71721
882	263000247275	2026-05-08 07:32:00.087	2026-05-08 07:32:36.170	Default	1	4	0	0	4	8.8296154	0	0	3	4	0.0560000017285347	0.8580014
873	263000247254	2026-05-08 07:28:46.615	2026-05-08 07:33:05.061	Default	1	3	0	0	2	6.1620108	0	0	1	0	0	0
881	263000247238	2026-05-08 07:31:41.523	2026-05-08 07:33:05.061	Default	1	1	0	0	7	41.8392736	0	0	3	31	1.37199997901917	4.1592073
884	263000247254	2026-05-08 07:33:05.061	2026-05-08 07:33:08.275	Default	1	1	0	0	2	2.3088041	0	0	3	0	0	0
885	263000247238	2026-05-08 07:33:08.275	2026-05-08 07:33:09.211	Default	1	1	0	0	1	0.9360016	0	0	3	0	0	0
886	263000247254	2026-05-08 07:33:09.211	2026-05-08 07:33:12.065	Default	1	1	0	0	2	2.5272045	0	0	3	0	0	0
887	263000247238	2026-05-08 07:33:12.065	2026-05-08 07:34:01.627	Default	1	1	0	0	8	24.1020424	1	140.1662462	0	0	0	0
883	263000247241	2026-05-08 07:32:36.170	2026-05-08 07:34:14.840	Default	1	4	0	0	8	24.0240422	0	0	3	73	3.37400002032518	9.5004165
878	263000247234	2026-05-08 07:30:43.772	2026-05-08 07:36:22.713	Default	1	2	0	0	9	18.5328326	1	338.9417954	0	65	1.23200001008809	7.3170125
891	263000247254	2026-05-08 07:36:34.788	2026-05-08 07:37:57.125	Default	1	2	0	0	3	27.6120485	1	82.3369446	0	91	1.51199998520315	11.3674201
892	263000247208	2026-05-08 07:38:01.680	2026-05-08 07:38:33.988	Default	1	2	0	0	6	9.0948159	1	32.3700568	0	43	1.04999998956919	5.7564102
893	263000247275	2026-05-08 07:38:38.870	2026-05-08 07:38:49.307	Default	1	2	0	0	3	7.1760127	1	14.9604262	0	0	0	0
889	263000247209	2026-05-08 07:34:33.732	2026-05-08 07:39:02.005	Default	1	3	0	0	4	7.8936139	1	268.2892713	0	107	5.67000007629395	13.5096237
890	263000247219	2026-05-08 07:34:41.859	2026-05-08 07:39:09.930	Default	1	1	0	0	44	126.937423	1	272.0020778	0	126	6.24399992823601	15.6202273
894	263000247208	2026-05-08 07:38:50.524	2026-05-08 07:39:23.190	Default	1	2	0	0	6	11.39802	1	32.6664574	0	44	1.80600002594292	4.4616079
897	263000247290	2026-05-08 07:39:24.188	2026-05-08 07:41:48.333	Default	1	2	0	0	15	26.1456458	1	144.1754533	0	108	7.99400008842349	13.0154229
888	263000247298	2026-05-08 07:34:14.840	2026-05-08 07:43:00.857	Default	1	4	0	0	7	40.9032719	0	0	3	0	0	0
898	263000247290	2026-05-08 07:41:49.628	2026-05-08 07:43:55.863	Default	1	2	0	0	6	10.0464174	0	0	3	0	0	0
900	263000247254	2026-05-08 07:43:55.863	2026-05-08 07:43:58.749	Default	1	2	0	0	1	2.4024042	0	0	3	0	0	0
901	263000247290	2026-05-08 07:43:58.749	2026-05-08 07:44:02.727	Default	1	2	0	0	1	1.2012021	0	0	3	0	0	0
899	263000247275	2026-05-08 07:43:00.857	2026-05-08 07:44:25.971	Default	1	4	0	0	6	16.1772284	0	0	3	58	1.2460000179708	5.5380098
903	263000247231	2026-05-08 07:44:25.971	2026-05-08 07:44:36.907	Default	1	4	0	0	2	4.024807	1	763.0441402	0	0	0	0
904	263000247231	2026-05-08 07:44:38.966	2026-05-08 07:47:51.673	Default	1	4	0	0	8	25.4904447	0	0	3	30	1.44199997186661	3.8844068
905	263000247219	2026-05-08 07:47:51.673	2026-05-08 07:48:20.486	Default	1	4	0	0	4	4.1964075	1	221.5671892	0	0	0	0
906	263000247231	2026-05-08 07:48:41.921	2026-05-08 07:48:50.033	Default	1	4	0	0	2	3.5256063	1	8.1220143	0	0	0	0
902	263000247254	2026-05-08 07:44:02.727	2026-05-08 07:49:09.860	Default	1	2	0	0	14	35.5524624	1	440.2327732	0	73	1.38399999402463	7.5036132
908	263000247208	2026-05-08 07:49:23.822	2026-05-08 07:49:58.798	Default	1	2	0	0	2	3.447606	1	34.9908614	0	0	0	0
895	263000247238	2026-05-08 07:39:10.804	2026-05-08 07:50:08.860	Default	1	1	0	0	17	293.4365155	0	0	3	0	0	0
910	263000247241	2026-05-08 07:50:08.860	2026-05-08 07:50:09.593	Default	1	1	0	0	1	0.7332013	0	0	3	0	0	0
911	263000247238	2026-05-08 07:50:09.593	2026-05-08 07:50:11.309	Default	1	1	0	0	1	1.716003	0	0	3	0	0	0
909	263000247208	2026-05-08 07:50:00.217	2026-05-08 07:50:40.528	Default	1	2	0	0	8	15.9588282	0	0	3	21	0.61599999666214	1.9500034
913	263000247275	2026-05-08 07:50:40.528	2026-05-08 07:50:48.374	Default	1	2	0	0	3	4.9296087	1	48.1572846	0	0	0	0
914	263000247208	2026-05-08 07:50:49.014	2026-05-08 07:51:00.059	Default	1	2	0	0	1	1.6380029	1	11.2008196	0	0	0	0
915	263000247275	2026-05-08 07:51:07.110	2026-05-08 07:51:12.726	Default	1	2	0	0	2	3.2292057	1	12.3552217	0	0	0	0
916	263000247208	2026-05-08 07:51:13.693	2026-05-08 07:51:50.353	Default	1	2	0	0	4	8.0496142	1	36.6600644	0	0	0	0
917	263000247219	2026-05-08 07:52:00.696	2026-05-08 07:52:20.695	Default	1	2	0	0	2	2.0124036	1	29.6400521	0	0	0	0
912	263000247241	2026-05-08 07:50:11.309	2026-05-08 07:52:27.996	Default	1	1	0	0	2	4.5708081	0	0	1	0	0	0
896	263000247284	2026-05-08 07:39:18.151	2026-05-08 07:52:27.996	Default	1	3	0	0	11	33.5712588	0	0	3	28	1.20399997755885	3.8648067
919	263000247241	2026-05-08 07:52:27.996	2026-05-08 07:52:33.924	Default	1	3	0	0	2	3.3384059	1	811.2638249	0	0	0	0
918	263000247290	2026-05-08 07:52:26.733	2026-05-08 07:54:31.860	Default	1	2	0	0	9	19.8120349	1	125.1278198	0	0	0	0
920	263000247241	2026-05-08 07:52:35.531	2026-05-08 07:54:52.047	Default	1	3	0	0	9	22.4796394	1	136.5938399	0	93	3.89200003445148	10.9980193
921	263000247290	2026-05-08 07:54:54.215	2026-05-08 07:55:22.077	Default	1	3	0	0	4	8.5176151	1	27.892849	0	20	0.867999970912933	2.277604
923	263000247209	2026-05-08 07:55:34.401	2026-05-08 07:55:43.621	Default	1	2	0	0	1	1.0140018	0	0	1	0	0	0
924	263000247219	2026-05-08 07:55:44.557	2026-05-08 07:55:53.807	Default	1	2	0	0	2	2.1372038	1	49.6080871	0	0	0	0
922	263000247290	2026-05-08 07:55:33.949	2026-05-08 07:55:54.603	Default	1	3	0	0	3	13.088423	1	20.5296361	0	0	0	0
925	263000247209	2026-05-08 07:55:58.129	2026-05-08 07:56:10.453	Default	1	3	0	0	2	3.7596066	1	12.2460215	0	0	0	0
926	263000247219	2026-05-08 07:56:09.782	2026-05-08 07:56:11.326	Default	1	2	0	0	1	1.0140018	1	11.8872209	0	0	0	0
907	263000247231	2026-05-08 07:49:01.655	2026-05-08 07:56:25.257	Default	1	4	0	0	6	9.2352162	0	0	3	0	0	0
928	263000247290	2026-05-08 07:56:28.143	2026-05-08 07:57:14.522	Default	1	2	0	0	5	13.5358238	1	46.3788815	0	22	1.14800000190735	2.3400041
927	263000247234	2026-05-08 07:56:25.257	2026-05-08 07:58:18.123	Default	1	4	0	0	1	1.2012021	0	0	1	0	0	0
931	263000247254	2026-05-08 07:57:41.058	2026-05-08 07:58:18.123	Default	1	1	0	0	1	2.2308039	0	0	3	0	0	0
930	263000247290	2026-05-08 07:57:17.782	2026-05-08 07:58:43.926	Default	1	2	0	0	7	17.5450307	1	86.1433513	0	2	0.0280000008642673	0.3588006
933	263000247290	2026-05-08 07:58:45.704	2026-05-08 07:58:53.676	Default	1	2	0	0	2	5.0700088	1	7.971614	0	0	0	0
932	263000247234	2026-05-08 07:58:18.123	2026-05-08 07:58:55.173	Default	1	1	0	0	2	3.1512054	0	0	3	0	0	0
934	263000247241	2026-05-08 07:58:55.173	2026-05-08 07:59:03.504	Default	1	1	0	0	1	7.2384128	0	0	3	0	0	0
935	263000247290	2026-05-08 07:58:57.888	2026-05-08 07:59:26.249	Default	1	2	0	0	3	7.893614	1	28.3608498	0	0	0	0
937	263000247219	2026-05-08 07:59:27.231	2026-05-08 07:59:39.633	Default	1	2	0	0	2	2.0748036	1	12.4020218	0	0	0	0
939	263000247234	2026-05-08 08:00:19.195	2026-05-08 08:00:52.345	Default	1	4	0	0	1	1.2324022	0	0	1	0	0	0
929	263000247298	2026-05-08 07:56:48.330	2026-05-08 08:01:40.674	Default	1	3	0	0	6	10.5768186	1	292.3601135	0	70	2.78600003011525	8.7984155
941	263000247234	2026-05-08 08:05:44.939	2026-05-08 08:08:25.167	Default	1	3	0	0	2	2.1372037	0	0	3	0	0	0
940	263000247231	2026-05-08 08:05:00.495	2026-05-08 08:09:01.812	Default	1	4	0	0	23	26.8008468	0	0	3	0	0	0
938	263000247219	2026-05-08 07:59:44.282	2026-05-08 08:09:22.232	Default	1	2	0	0	19	55.5516976	0	0	3	30	6.00600004196167	7.8156138
944	263000247208	2026-05-08 08:09:22.232	2026-05-08 08:09:32.809	Default	1	2	0	0	1	1.4196025	0	0	3	0	0	0
945	263000247298	2026-05-08 08:09:32.809	2026-05-08 08:09:37.473	Default	1	2	0	0	1	1.0140018	0	0	1	0	0	0
936	263000247238	2026-05-08 07:59:03.504	2026-05-08 08:09:42.528	Default	1	1	0	0	17	381.3894698	0	0	3	14	0.21000000461936	2.6676047
946	263000247208	2026-05-08 08:09:42.528	2026-05-08 08:09:43.136	Default	1	1	0	0	1	0.608401	0	0	3	0	0	0
942	263000247209	2026-05-08 08:08:25.167	2026-05-08 08:09:44.680	Default	1	3	0	0	1	1.0920019	0	0	1	0	0	0
947	263000247238	2026-05-08 08:09:43.136	2026-05-08 08:09:44.680	Default	1	1	0	0	1	1.5444027	0	0	3	0	0	0
948	263000247209	2026-05-08 08:09:44.680	2026-05-08 08:09:45.741	Default	1	1	0	0	1	1.0140018	0	0	3	0	0	0
943	263000247275	2026-05-08 08:09:01.812	2026-05-08 08:09:46.537	Default	1	4	0	0	6	16.3176286	0	0	3	0	0	0
950	263000247298	2026-05-08 08:09:46.537	2026-05-08 08:09:56.380	Default	1	4	0	0	2	3.931207	0	0	3	0	0	0
949	263000247238	2026-05-08 08:09:45.741	2026-05-08 08:09:59.657	Default	1	1	0	0	2	4.6800082	0	0	3	0	0	0
952	263000247208	2026-05-08 08:09:59.657	2026-05-08 08:10:16.302	Default	1	1	0	0	4	7.1604126	0	0	3	0	0	0
953	263000247238	2026-05-08 08:10:16.302	2026-05-08 08:10:33.540	Default	1	1	0	0	2	7.2072127	0	0	3	0	0	0
954	263000247208	2026-05-08 08:10:33.540	2026-05-08 08:10:35.022	Default	1	1	0	0	1	1.2480021	0	0	3	0	0	0
951	263000247284	2026-05-08 08:09:56.380	2026-05-08 08:10:41.995	Default	1	4	0	0	10	13.4160237	0	0	3	0	0	0
956	263000247209	2026-05-08 08:10:41.995	2026-05-08 08:10:47.174	Default	1	4	0	0	1	1.9032033	0	0	1	0	0	0
957	263000247209	2026-05-08 08:10:47.174	2026-05-08 08:10:52.135	Default	1	3	0	0	1	3.0576054	0	0	1	0	0	0
955	263000247238	2026-05-08 08:10:35.022	2026-05-08 08:11:34.068	Default	1	1	0	0	3	12.5112219	1	1943.3110133	0	0	0	0
958	263000247209	2026-05-08 08:10:52.135	2026-05-08 08:12:18.746	Default	1	4	0	0	1	1.9344034	0	0	3	0	0	0
961	263000247254	2026-05-08 08:13:13.331	2026-05-08 08:13:21.630	Default	1	3	0	0	2	5.8656103	0	0	1	0	0	0
960	263000247241	2026-05-08 08:12:18.746	2026-05-08 08:13:36.294	Default	1	4	0	0	3	4.586408	0	0	3	0	0	0
962	263000247234	2026-05-08 08:13:35.358	2026-05-08 08:13:37.636	Default	1	3	0	0	1	1.0140018	1	679.4591934	0	0	0	0
964	263000247298	2026-05-08 08:13:55.404	2026-05-08 08:14:11.659	Default	1	2	0	0	2	3.1512056	0	0	3	0	0	0
965	263000247275	2026-05-08 08:13:56.839	2026-05-08 08:14:29.521	Default	1	3	0	0	5	7.7532136	1	38.8128681	0	12	0.168000005185604	2.4024043
967	263000247298	2026-05-08 08:14:32.267	2026-05-08 08:19:13.192	Default	1	3	0	0	8	20.2956357	1	280.9876936	0	86	3.92000002041459	10.6352185
966	263000247219	2026-05-08 08:14:11.659	2026-05-08 08:19:30.914	Default	1	2	0	0	5	76.5649346	1	1188.222887	0	0	0	0
963	263000247254	2026-05-08 08:13:36.294	2026-05-08 08:19:32.318	Default	1	4	0	0	4	30.3108533	0	0	1	38	0.532000008970499	6.5818118
968	263000247254	2026-05-08 08:19:32.380	2026-05-08 08:19:50.242	Default	1	2	0	0	3	9.5784167	0	0	3	23	0.336000004783273	3.2866058
969	263000247208	2026-05-08 08:19:50.242	2026-05-08 08:20:18.151	Default	1	2	0	0	1	1.3572023	0	0	3	0	0	0
970	263000247238	2026-05-08 08:20:14.032	2026-05-08 08:20:19.446	Default	1	3	0	0	1	1.0718019	0	0	3	0	0	0
972	263000247209	2026-05-08 08:20:19.446	2026-05-08 08:20:26.918	Default	1	3	0	0	1	1.6068029	0	0	3	0	0	0
971	263000247290	2026-05-08 08:20:18.151	2026-05-08 08:20:27.027	Default	1	2	0	0	1	4.3212076	0	0	1	0	0	0
973	263000247238	2026-05-08 08:20:26.918	2026-05-08 08:20:27.979	Default	1	3	0	0	1	1.0608018	0	0	3	0	0	0
959	263000247284	2026-05-08 08:11:39.762	2026-05-08 08:20:31.988	Default	1	1	0	0	10	21.6996381	0	0	3	96	4.53399992361665	11.934021
974	263000247209	2026-05-08 08:20:27.979	2026-05-08 08:20:37.448	Default	1	3	0	0	4	7.4568132	0	0	3	0	0	0
976	263000247238	2026-05-08 08:20:37.448	2026-05-08 08:20:38.790	Default	1	3	0	0	1	1.2012021	0	0	3	0	0	0
977	263000247209	2026-05-08 08:20:38.790	2026-05-08 08:20:39.585	Default	1	3	0	0	1	0.7956014	0	0	3	0	0	0
978	263000247238	2026-05-08 08:20:39.585	2026-05-08 08:20:39.850	Default	1	3	0	0	1	0.2652005	0	0	3	0	0	0
979	263000247209	2026-05-08 08:20:39.850	2026-05-08 08:20:46.324	Default	1	3	0	0	3	4.1652073	0	0	3	0	0	0
981	263000247238	2026-05-08 08:20:46.324	2026-05-08 08:20:46.683	Default	1	3	0	0	1	0.3588006	0	0	3	0	0	0
975	263000247290	2026-05-08 08:20:31.988	2026-05-08 08:20:50.006	Default	1	1	0	0	3	7.5972133	0	0	1	0	0	0
982	263000247209	2026-05-08 08:20:46.683	2026-05-08 08:20:50.178	Default	1	3	0	0	2	2.293204	0	0	3	0	0	0
983	263000247238	2026-05-08 08:20:50.178	2026-05-08 08:20:52.549	Default	1	3	0	0	1	1.0140018	1	38.5164677	0	0	0	0
980	263000247208	2026-05-08 08:20:45.747	2026-05-08 08:21:48.787	Default	1	2	0	0	2	6.4896115	0	0	3	0	0	0
986	263000247275	2026-05-08 08:22:09.800	2026-05-08 08:22:29.612	Default	1	1	0	0	4	9.4536166	0	0	1	0	0	0
985	263000247254	2026-05-08 08:21:48.787	2026-05-08 08:22:29.612	Default	1	2	0	0	6	17.8308312	0	0	3	1	0.0700000002980232	0.2808005
987	263000247275	2026-05-08 08:22:29.612	2026-05-08 08:22:45.337	Default	1	2	0	0	1	1.4040024	0	0	3	0	0	0
988	263000247254	2026-05-08 08:22:45.337	2026-05-08 08:23:03.480	Default	1	2	0	0	3	7.3788131	0	0	3	0	0	0
989	263000247208	2026-05-08 08:23:03.480	2026-05-08 08:23:28.097	Default	1	2	0	0	3	5.0388088	1	235.716414	0	26	0.364000007510185	3.8382068
990	263000247241	2026-05-08 08:23:28.378	2026-05-08 08:24:48.780	Default	1	2	0	0	10	28.5948502	0	0	3	12	0.433999998494983	2.0592036
991	263000247234	2026-05-08 08:24:48.780	2026-05-08 08:26:01.273	Default	1	2	0	0	6	7.2540127	1	152.8958685	0	104	5.12399991042912	13.9596243
984	263000247209	2026-05-08 08:20:53.251	2026-05-08 08:27:01.552	Default	1	3	0	0	4	10.186818	0	0	3	88	4.64800000190735	10.7640189
993	263000247241	2026-05-08 08:27:01.552	2026-05-08 08:27:05.608	Default	1	3	0	0	1	2.0436036	0	0	3	0	0	0
994	263000247238	2026-05-08 08:27:05.608	2026-05-08 08:27:41.831	Default	1	3	0	0	5	10.7328188	0	0	3	0	0	0
995	263000247209	2026-05-08 08:27:41.831	2026-05-08 08:27:45.450	Default	1	3	0	0	1	2.6208046	1	412.230724	0	0	0	0
997	263000247241	2026-05-08 08:27:55.216	2026-05-08 08:28:38.834	Default	1	1	0	0	4	9.9840174	0	0	3	30	0.42000000923872	5.9562102
998	263000247284	2026-05-08 08:28:38.834	2026-05-08 08:28:52.047	Default	1	1	0	0	3	8.595615	1	1036.762221	0	0	0	0
992	263000247290	2026-05-08 08:26:43.331	2026-05-08 08:29:12.296	Default	1	2	0	0	12	23.938042	0	0	3	79	4.56400001049042	9.126016
1000	263000247275	2026-05-08 08:29:12.296	2026-05-08 08:29:16.414	Default	1	2	0	0	1	4.1184073	0	0	3	0	0	0
1001	263000247290	2026-05-08 08:29:16.414	2026-05-08 08:29:17.881	Default	1	2	0	0	1	1.4664026	0	0	3	0	0	0
1002	263000247275	2026-05-08 08:29:17.881	2026-05-08 08:29:22.420	Default	1	2	0	0	2	4.2432074	0	0	3	0	0	0
999	263000247241	2026-05-08 08:28:52.593	2026-05-08 08:29:38.644	Default	1	1	0	0	5	15.4284271	0	0	3	3	0.042000001296401	0.7020013
1004	263000247275	2026-05-08 08:29:38.644	2026-05-08 08:29:54.993	Default	1	1	0	0	1	4.539608	0	0	3	0	0	0
1003	263000247290	2026-05-08 08:29:22.420	2026-05-08 08:30:03.417	Default	1	2	0	0	5	9.6876171	0	0	3	0	0	0
1005	263000247241	2026-05-08 08:29:54.993	2026-05-08 08:30:16.755	Default	1	1	0	0	3	9.0480159	1	84.240148	0	9	0.238000005483627	1.0236018
1006	263000247298	2026-05-08 08:30:03.417	2026-05-08 08:30:21.107	Default	1	2	0	0	1	1.0764019	0	0	3	0	0	0
1007	263000247254	2026-05-08 08:30:18.362	2026-05-08 08:31:37.282	Default	1	1	0	0	6	28.47005	1	78.9829387	0	118	4.18599988520145	11.6688204
1009	263000247298	2026-05-08 08:31:39.747	2026-05-08 08:31:57.625	Default	1	1	0	0	4	5.69401	1	18.2052319	0	0	0	0
1010	263000247254	2026-05-08 08:31:59.528	2026-05-08 08:32:05.409	Default	1	1	0	0	2	3.6036063	1	6.1152107	0	0	0	0
996	263000247238	2026-05-08 08:27:47.478	2026-05-08 08:34:12.674	Default	1	3	0	0	10	16.8480295	1	385.2582766	0	39	1.6940000243485	5.2260093
1012	263000247231	2026-05-08 08:33:37.122	2026-05-08 08:34:57.025	Default	1	4	0	0	2	2.1840038	0	0	3	0	0	0
1011	263000247254	2026-05-08 08:32:09.730	2026-05-08 08:35:06.931	Default	1	1	0	0	17	45.4272797	1	177.2943114	0	113	4.3399999551475	12.4800219
1013	263000247298	2026-05-08 08:34:57.025	2026-05-08 08:35:14.029	Default	1	4	0	0	1	4.3056076	0	0	1	0	0	0
1015	263000247298	2026-05-08 08:35:14.029	2026-05-08 08:35:32.172	Default	1	1	0	0	2	3.4944061	1	18.189632	0	0	0	0
1016	263000247241	2026-05-08 08:35:32.874	2026-05-08 08:37:44.351	Default	1	1	0	0	16	40.3572708	1	131.539431	0	42	1.58200002089143	4.8828085
1017	263000247275	2026-05-08 08:35:47.023	2026-05-08 08:38:20.262	Default	1	4	0	0	4	10.3584182	0	0	1	0	0	0
1014	263000247209	2026-05-08 08:35:09.115	2026-05-08 08:38:20.262	Default	1	3	0	0	2	3.1044054	0	0	3	72	3.98999992012978	9.3912165
1018	263000247238	2026-05-08 08:38:15.972	2026-05-08 08:43:02.826	Default	1	1	0	0	4	9.8124173	1	286.8533038	0	67	3.61199998855591	8.6736153
1020	263000247241	2026-05-08 08:43:10.766	2026-05-08 08:43:17.583	Default	1	1	0	0	2	2.3868042	1	6.848412	0	0	0	0
1019	263000247275	2026-05-08 08:38:20.262	2026-05-08 08:45:19.201	Default	1	3	0	0	8	15.1632268	0	0	1	0	0	0
1021	263000247234	2026-05-08 08:43:57.972	2026-05-08 08:45:19.201	Default	1	1	0	0	4	10.5014184	0	0	3	12	0.168000003322959	1.9656035
1024	263000247208	2026-05-08 08:45:51.509	2026-05-08 08:46:51.553	Default	1	4	0	0	4	4.6644081	0	0	3	4	0.0700000002980232	0.3432006
1025	263000247231	2026-05-08 08:46:51.553	2026-05-08 08:47:07.621	Default	1	4	0	0	1	1.1544021	0	0	3	0	0	0
1026	263000247208	2026-05-08 08:47:07.621	2026-05-08 08:47:34.516	Default	1	4	0	0	3	6.6924118	1	3512.86097	0	0	0	0
1027	263000247208	2026-05-08 08:47:43.688	2026-05-08 08:49:02.391	Default	1	4	0	0	9	17.4408306	0	0	3	107	5.65600015595555	13.704424
1022	263000247275	2026-05-08 08:45:19.201	2026-05-08 08:49:35.182	Default	1	1	0	0	1	1.0140018	0	0	3	0	0	0
1008	263000247290	2026-05-08 08:30:21.107	2026-05-08 08:49:49.830	Default	1	2	0	0	24	113.1313991	0	0	3	19	2.58999991416931	3.4008059
1028	263000247298	2026-05-08 08:49:02.391	2026-05-08 08:49:58.910	Default	1	4	0	0	8	14.1180248	0	0	3	92	3.54200000688434	10.5894185
1031	263000247208	2026-05-08 08:49:58.910	2026-05-08 08:50:23.682	Default	1	4	0	0	2	2.6832048	1	160.1342812	0	10	0.209999993443489	0.8736015
1032	263000247208	2026-05-08 08:50:23.963	2026-05-08 08:50:32.699	Default	1	4	0	0	1	1.6536029	0	0	3	0	0	0
1033	263000247298	2026-05-08 08:50:32.699	2026-05-08 08:50:40.016	Default	1	4	0	0	2	2.6052046	0	0	3	0	0	0
1034	263000247208	2026-05-08 08:50:40.016	2026-05-08 08:50:57.690	Default	1	4	0	0	2	2.0748036	0	0	3	0	0	0
1035	263000247298	2026-05-08 08:50:57.690	2026-05-08 08:51:13.493	Default	1	4	0	0	3	5.1480089	1	49.5924871	0	0	0	0
1036	263000247208	2026-05-08 08:51:14.226	2026-05-08 08:51:41.355	Default	1	4	0	0	1	1.2324022	0	0	3	0	0	0
1037	263000247298	2026-05-08 08:51:41.355	2026-05-08 08:51:53.757	Default	1	4	0	0	2	3.8064067	0	0	3	0	0	0
1038	263000247254	2026-05-08 08:51:53.757	2026-05-08 08:52:02.961	Default	1	4	0	0	2	3.0420054	0	0	3	0	0	0
1039	263000247298	2026-05-08 08:52:02.961	2026-05-08 08:52:13.647	Default	1	4	0	0	3	5.5848098	1	59.7169049	0	0	0	0
1040	263000247254	2026-05-08 08:52:14.723	2026-05-08 08:52:24.005	Default	1	4	0	0	2	4.8048084	1	9.7188171	0	0	0	0
1041	263000247298	2026-05-08 08:52:25.394	2026-05-08 08:52:51.992	Default	1	4	0	0	4	15.0670264	1	26.6916469	0	31	1.65199998393655	4.524008
1042	263000247254	2026-05-08 08:52:56.110	2026-05-08 08:53:02.054	Default	1	4	0	0	2	3.4320061	1	6.0684107	0	0	0	0
1029	263000247234	2026-05-08 08:49:35.182	2026-05-08 08:53:16.967	Default	1	1	0	0	7	9.609617	1	559.1361821	0	0	0	0
1030	263000247275	2026-05-08 08:49:49.830	2026-05-08 08:53:28.433	Default	1	2	0	0	10	17.3628305	0	0	1	0	0	0
1043	263000247298	2026-05-08 08:53:03.458	2026-05-08 08:53:28.433	Default	1	4	0	0	3	8.1432144	0	0	3	0	0	0
1044	263000247254	2026-05-08 08:53:17.248	2026-05-08 08:53:29.447	Default	1	1	0	0	3	7.0824124	1	12.3084216	0	0	0	0
1045	263000247275	2026-05-08 08:53:28.433	2026-05-08 08:53:53.362	Default	1	4	0	0	5	12.8700228	0	0	3	42	1.666000014171	4.5084077
1047	263000247298	2026-05-08 08:53:53.362	2026-05-08 08:53:56.982	Default	1	4	0	0	1	3.5724063	0	0	3	0	0	0
1048	263000247275	2026-05-08 08:53:56.982	2026-05-08 08:54:14.188	Default	1	4	0	0	2	2.4648043	1	70.7305242	0	27	0.797999983653426	3.2760058
1049	263000247298	2026-05-08 08:54:15.920	2026-05-08 08:54:25.732	Default	1	4	0	0	2	2.7612049	0	0	3	0	0	0
1050	263000247275	2026-05-08 08:54:25.732	2026-05-08 08:54:30.069	Default	1	4	0	0	2	3.9624069	0	0	3	0	0	0
1051	263000247298	2026-05-08 08:54:30.069	2026-05-08 08:54:32.830	Default	1	4	0	0	1	1.6224028	1	16.9884298	0	0	0	0
1052	263000247275	2026-05-08 08:54:33.002	2026-05-08 08:54:43.860	Default	1	4	0	0	3	3.8220068	1	10.8576191	0	0	0	0
1053	263000247275	2026-05-08 08:54:58.867	2026-05-08 08:55:04.732	Default	1	4	0	0	2	3.2136056	1	19.7964348	0	0	0	0
1054	263000247275	2026-05-08 08:55:09.054	2026-05-08 08:55:22.485	Default	1	4	0	0	5	8.5332151	1	16.7856294	0	6	0.0979999992996454	1.0140017
1023	263000247284	2026-05-08 08:45:25.238	2026-05-08 08:55:30.831	Default	1	3	0	0	37	122.0234141	0	0	3	0	0	0
1055	263000247275	2026-05-08 08:55:25.933	2026-05-08 08:55:38.507	Default	1	4	0	0	4	9.172816	1	15.8964279	0	0	0	0
1056	263000247209	2026-05-08 08:55:30.831	2026-05-08 08:55:41.315	Default	1	3	0	0	1	10.3272181	1	1232.2461643	0	0	0	0
1057	263000247298	2026-05-08 08:55:40.753	2026-05-08 08:55:46.837	Default	1	4	0	0	1	2.3088041	0	0	3	0	0	0
1058	263000247275	2026-05-08 08:55:46.837	2026-05-08 08:55:47.711	Default	1	4	0	0	1	0.8736015	0	0	3	0	0	0
1059	263000247298	2026-05-08 08:55:47.711	2026-05-08 08:55:49.770	Default	1	4	0	0	1	1.2948023	0	0	3	0	0	0
1060	263000247275	2026-05-08 08:55:49.770	2026-05-08 09:01:46.823	Default	1	4	0	0	16	27.2376477	0	0	3	31	0.71399999037385	4.4430078
1063	263000247241	2026-05-08 09:01:46.823	2026-05-08 09:02:13.515	Default	1	4	0	0	2	8.7672153	0	0	3	0	0	0
1064	263000247275	2026-05-08 09:02:13.515	2026-05-08 09:02:38.147	Default	1	4	0	0	2	7.1760125	0	0	3	0	0	0
1065	263000247241	2026-05-08 09:02:38.147	2026-05-08 09:03:06.477	Default	1	4	0	0	3	20.5452362	0	0	3	14	0.21000000461936	2.6348044
1066	263000247275	2026-05-08 09:03:06.477	2026-05-08 09:03:30.891	Default	1	4	0	0	5	13.6344239	0	0	3	39	1.35800001956522	5.257209
1067	263000247241	2026-05-08 09:03:30.891	2026-05-08 09:03:33.683	Default	1	4	0	0	1	2.2308039	0	0	3	0	0	0
1068	263000247275	2026-05-08 09:03:33.683	2026-05-08 09:04:33.650	Default	1	4	0	0	4	6.4116111	0	0	3	49	1.16199999861419	6.4584113
1069	263000247234	2026-05-08 09:04:33.650	2026-05-08 09:04:56.800	Default	1	4	0	0	2	2.5740045	0	0	3	0	0	0
1061	263000247208	2026-05-08 08:59:31.119	2026-05-08 09:05:05.365	Default	1	2	0	0	2	8.1588144	0	0	3	0	0	0
1071	263000247290	2026-05-08 09:05:05.365	2026-05-08 09:05:27.408	Default	1	2	0	0	1	1.7628031	0	0	3	0	0	0
1062	263000247238	2026-05-08 08:59:49.839	2026-05-08 09:05:49.372	Default	1	3	0	0	25	131.4152307	0	0	3	1	0.0419999994337559	0.2184004
1070	263000247241	2026-05-08 09:04:56.800	2026-05-08 09:05:49.700	Default	1	4	0	0	6	15.8340276	0	0	3	0	0	0
1074	263000247275	2026-05-08 09:05:49.700	2026-05-08 09:05:55.940	Default	1	4	0	0	2	4.0560071	0	0	3	0	0	0
1073	263000247234	2026-05-08 09:05:49.372	2026-05-08 09:06:15.549	Default	1	3	0	0	1	1.6692029	0	0	1	0	0	0
1075	263000247241	2026-05-08 09:05:55.940	2026-05-08 09:06:15.549	Default	1	4	0	0	2	3.1356056	0	0	3	9	0.15400000475347	1.4508025
1076	263000247234	2026-05-08 09:06:15.549	2026-05-08 09:06:18.357	Default	1	4	0	0	1	2.262004	0	0	3	0	0	0
1077	263000247241	2026-05-08 09:06:18.357	2026-05-08 09:06:23.926	Default	1	4	0	0	1	1.2948023	0	0	3	0	0	0
1078	263000247234	2026-05-08 09:06:23.926	2026-05-08 09:09:08.023	Default	1	4	0	0	6	9.2976163	1	807.317018	0	105	5.26399996504188	13.7990244
1072	263000247298	2026-05-08 09:05:27.408	2026-05-08 09:09:14.045	Default	1	2	0	0	2	10.4832184	0	0	1	0	0	0
1080	263000247298	2026-05-08 09:09:14.045	2026-05-08 09:09:34.855	Default	1	4	0	0	3	8.9232156	1	20.8214365	0	15	0.210000002756715	2.6364045
1079	263000247208	2026-05-08 09:07:15.282	2026-05-08 09:10:07.178	Default	1	3	0	0	6	13.3536235	0	0	1	0	0	0
1081	263000247208	2026-05-08 09:10:07.178	2026-05-08 09:11:39.827	Default	1	4	0	0	1	3.0888054	1	92.7335628	0	0	0	0
1046	263000247254	2026-05-08 08:53:48.979	2026-05-08 09:18:13.962	Default	1	1	0	0	21	80.5273417	0	0	3	100	3.43000004254282	12.2148214
1083	263000247275	2026-05-08 09:14:11.100	2026-05-08 09:20:25.298	Default	1	2	0	0	20	80.7301417	0	0	3	22	0.322000006213784	3.4788061
1082	263000247298	2026-05-08 09:12:50.448	2026-05-08 09:20:58.714	Default	1	3	0	0	2	4.3992077	0	0	1	0	0	0
1085	263000247208	2026-05-08 09:20:25.298	2026-05-08 09:20:58.714	Default	1	2	0	0	4	26.0208458	0	0	3	0	0	0
1086	263000247298	2026-05-08 09:20:58.714	2026-05-08 09:21:11.225	Default	1	2	0	0	1	1.4820026	0	0	1	0	0	0
1088	263000247208	2026-05-08 09:21:15.967	2026-05-08 09:22:16.729	Default	1	2	0	0	6	23.7900418	0	0	3	1	0.0419999994337559	0.2184004
1090	263000247208	2026-05-08 09:22:21.144	2026-05-08 09:23:03.373	Default	1	3	0	0	4	5.6004098	0	0	1	0	0	0
1087	263000247298	2026-05-08 09:21:11.318	2026-05-08 09:23:49.861	Default	1	4	0	0	11	19.5624344	1	158.5430785	0	66	2.45000001788139	7.2330128
1091	263000247298	2026-05-08 09:23:58.176	2026-05-08 09:24:07.568	Default	1	4	0	0	2	2.9740051	1	9.3912165	0	0	0	0
1084	263000247231	2026-05-08 09:18:13.962	2026-05-08 09:25:10.139	Default	1	1	0	0	5	20.498436	0	0	3	0	0	0
1093	263000247254	2026-05-08 09:25:10.139	2026-05-08 09:25:19.468	Default	1	1	0	0	1	1.5756028	0	0	3	0	0	0
1092	263000247241	2026-05-08 09:25:08.236	2026-05-08 09:28:09.571	Default	1	4	0	0	10	28.1268494	1	181.3347185	0	140	5.23599998094141	17.6280312
1095	263000247241	2026-05-08 09:28:11.583	2026-05-08 09:29:03.547	Default	1	4	0	0	3	5.72521	0	0	3	0	0	0
1096	263000247298	2026-05-08 09:29:03.547	2026-05-08 09:29:14.732	Default	1	4	0	0	2	3.2604058	1	63.164511	0	0	0	0
1097	263000247241	2026-05-08 09:29:15.153	2026-05-08 09:31:43.728	Default	1	4	0	0	12	21.4812377	0	0	3	20	0.685999995097518	2.7300048
1094	263000247231	2026-05-08 09:25:19.468	2026-05-08 09:32:00.716	Default	1	1	0	0	16	39.3276689	0	0	3	0	0	0
1089	263000247290	2026-05-08 09:22:16.729	2026-05-08 09:35:30.584	Default	1	2	0	0	22	64.5685128	1	4127.2524491	0	0	0	0
1100	263000247290	2026-05-08 09:35:46.074	2026-05-08 09:37:55.570	Default	1	2	0	0	7	43.9920773	0	0	3	0	0	0
1101	263000247254	2026-05-08 09:37:55.570	2026-05-08 09:46:08.250	Default	1	2	0	0	2	20.467236	0	0	3	0	0	0
1099	263000247298	2026-05-08 09:32:00.716	2026-05-08 09:48:06.920	Default	1	1	0	0	1	5.6160099	0	0	1	2	0.0979999974370003	0.3432006
1103	263000247275	2026-05-08 09:46:41.728	2026-05-08 09:48:06.920	Default	1	3	0	0	4	14.5860255	0	0	3	0	0	0
1104	263000247298	2026-05-08 09:48:06.920	2026-05-08 09:49:41.799	Default	1	3	0	0	1	2.4492043	0	0	1	0	0	0
1098	263000247208	2026-05-08 09:31:43.728	2026-05-08 09:49:41.799	Default	1	4	0	0	16	147.98186	0	0	3	133	5.06799997016788	17.1842304
1105	263000247298	2026-05-08 09:49:41.799	2026-05-08 09:50:01.018	Default	1	4	0	0	4	9.8280172	0	0	3	0	0	0
1107	263000247298	2026-05-08 09:56:22.595	2026-05-08 09:56:26.401	Default	1	1	0	0	1	2.5896045	0	0	1	0	0	0
1106	263000247254	2026-05-08 09:50:01.018	2026-05-08 09:56:32.361	Default	1	4	0	0	21	48.1104846	1	1637.2228756	0	110	4.70399994589388	14.2428249
1102	263000247290	2026-05-08 09:46:08.250	2026-05-08 09:57:39.472	Default	1	2	0	0	3	12.5580221	0	0	3	0	0	0
1109	263000247241	2026-05-08 09:57:39.472	2026-05-08 10:00:50.057	Default	1	2	0	0	1	1.2636022	0	0	3	0	0	0
1110	263000247275	2026-05-08 09:57:47.069	2026-05-08 10:04:02.655	Default	1	3	0	0	11	22.8540401	0	0	3	0	0	0
1113	263000247238	2026-05-08 10:04:02.655	2026-05-08 10:04:06.399	Default	1	3	0	0	2	3.3072059	1	3856.5607737	0	0	0	0
1108	263000247298	2026-05-08 09:57:10.846	2026-05-08 10:06:38.266	Default	1	4	0	0	18	53.0244932	1	567.4197967	0	107	3.03800003230572	13.8478244
1114	263000247241	2026-05-08 10:05:20.359	2026-05-08 10:07:14.473	Default	1	3	0	0	7	23.8056417	1	114.1142004	0	73	2.5899999961257	9.6564171
1111	263000247254	2026-05-08 09:59:14.211	2026-05-08 10:07:15.160	Default	1	1	0	0	13	45.6768801	0	0	1	0	0	0
1115	263000247254	2026-05-08 10:07:15.160	2026-05-08 10:07:40.432	Default	1	3	0	0	2	4.1964074	1	25.3500445	0	0	0	0
1118	263000247208	2026-05-08 10:08:00.915	2026-05-08 10:08:49.992	Default	1	4	0	0	2	2.1840038	1	49.2648865	0	48	2.07200002111495	4.4148076
1116	263000247254	2026-05-08 10:07:42.491	2026-05-08 10:14:30.619	Default	1	3	0	0	8	24.554443	0	0	3	101	5.60799992084503	11.5198202
1119	263000247238	2026-05-08 10:14:30.619	2026-05-08 10:17:59.815	Default	1	3	0	0	8	29.3280515	0	0	3	0	0	0
1121	263000247254	2026-05-08 10:17:59.815	2026-05-08 10:18:06.539	Default	1	3	0	0	1	6.3336112	1	624.0634961	0	0	0	0
1122	263000247209	2026-05-08 10:19:45.505	2026-05-08 10:20:02.931	Default	1	3	0	0	3	6.4272113	1	17.4252306	0	12	0.588000014424324	1.6380029
1123	263000247298	2026-05-08 10:20:04.397	2026-05-08 10:20:19.716	Default	1	3	0	0	2	3.400806	1	15.334827	0	0	0	0
1124	263000247209	2026-05-08 10:20:20.247	2026-05-08 10:20:39.747	Default	1	3	0	0	2	3.6504063	1	19.5312343	0	0	0	0
1125	263000247298	2026-05-08 10:20:40.277	2026-05-08 10:20:56.564	Default	1	3	0	0	2	3.447606	0	0	3	0	0	0
1126	263000247209	2026-05-08 10:20:56.564	2026-05-08 10:21:02.008	Default	1	3	0	0	1	3.1044054	0	0	3	0	0	0
1127	263000247298	2026-05-08 10:21:02.008	2026-05-08 10:21:08.326	Default	1	3	0	0	3	4.4928079	1	27.908449	0	0	0	0
1128	263000247209	2026-05-08 10:21:08.810	2026-05-08 10:22:36.575	Default	1	3	0	0	4	9.2040161	1	87.8125542	0	78	3.33200004138052	9.032416
1129	263000247298	2026-05-08 10:22:37.964	2026-05-08 10:23:19.631	Default	1	3	0	0	5	10.4364183	1	41.7144733	0	3	0.167999997735023	0.546001
1120	263000247284	2026-05-08 10:15:03.769	2026-05-08 10:23:48.850	Default	1	4	0	0	1	1.0140018	0	0	3	53	1.45600002445281	5.74081
1131	263000247208	2026-05-08 10:23:48.850	2026-05-08 10:24:00.472	Default	1	4	0	0	3	3.2292057	0	0	3	0	0	0
1130	263000247241	2026-05-08 10:23:23.843	2026-05-08 10:24:05.324	Default	1	3	0	0	7	13.2132231	1	41.4914728	0	3	0.140000000596046	0.4524008
1117	263000247231	2026-05-08 10:07:43.599	2026-05-08 10:24:52.654	Default	1	1	0	0	7	24.7728435	0	0	3	3	0.042000001296401	0.6708012
1133	263000247209	2026-05-08 10:24:52.654	2026-05-08 10:25:55.351	Default	1	1	0	0	1	2.6832048	0	0	1	0	0	0
1134	263000247298	2026-05-08 10:26:15.241	2026-05-08 10:28:22.007	Default	1	3	0	0	5	8.5800149	1	126.7814227	0	45	1.86200002580881	5.3292092
1135	263000247231	2026-05-08 10:27:42.195	2026-05-08 10:28:26.702	Default	1	1	0	0	1	0.9984018	0	0	3	0	0	0
1132	263000247284	2026-05-08 10:24:00.472	2026-05-08 10:32:24.946	Default	1	4	0	0	4	22.4640395	0	0	3	0	0	0
1138	263000247209	2026-05-08 10:32:24.946	2026-05-08 10:33:02.542	Default	1	4	0	0	5	11.6376203	0	0	3	0	0	0
1136	263000247238	2026-05-08 10:28:24.144	2026-05-08 10:33:23.430	Default	1	3	0	0	1	1.0764019	0	0	3	1	0.0280000008642673	0.2028003
1112	263000247290	2026-05-08 10:00:50.057	2026-05-08 10:38:31.749	Default	1	2	0	0	16	56.1756987	0	0	3	1	0.126000002026558	0.3588007
1137	263000247254	2026-05-08 10:28:26.702	2026-05-08 10:40:48.203	Default	1	1	0	0	3	59.202104	0	0	3	11	0.238000003620982	1.9254031
1141	263000247208	2026-05-08 10:38:31.749	2026-05-08 10:41:31.727	Default	1	2	0	0	2	3.1200055	0	0	3	0	0	0
1143	263000247290	2026-05-08 10:41:31.727	2026-05-08 10:41:38.014	Default	1	2	0	0	1	4.9452087	1	3951.9393413	0	0	0	0
1140	263000247241	2026-05-08 10:33:23.430	2026-05-08 10:41:59.401	Default	1	3	0	0	1	4.8360085	0	0	1	0	0	0
1144	263000247241	2026-05-08 10:41:59.589	2026-05-08 10:42:33.409	Default	1	2	0	0	6	18.2520322	0	0	3	0	0	0
1145	263000247208	2026-05-08 10:42:33.409	2026-05-08 10:43:14.625	Default	1	2	0	0	4	22.1364388	0	0	3	74	2.89700003154576	9.4692167
1146	263000247241	2026-05-08 10:43:14.625	2026-05-08 10:43:23.470	Default	1	2	0	0	2	3.432006	0	0	3	0	0	0
1147	263000247275	2026-05-08 10:43:23.470	2026-05-08 10:43:30.303	Default	1	2	0	0	1	2.9484052	0	0	3	0	0	0
1148	263000247298	2026-05-08 10:43:30.303	2026-05-08 10:43:48.508	Default	1	2	0	0	2	11.9496209	0	0	3	0	0	0
1149	263000247208	2026-05-08 10:43:48.508	2026-05-08 10:44:03.874	Default	1	2	0	0	2	2.1528037	0	0	1	1	0.0560000017285347	0.2808005
1151	263000247275	2026-05-08 10:44:09.381	2026-05-08 10:44:13.109	Default	1	2	0	0	1	2.3088041	0	0	3	0	0	0
1139	263000247284	2026-05-08 10:33:02.542	2026-05-08 10:44:18.881	Default	1	4	0	0	13	41.574073	0	0	3	56	2.6040000654757	8.2650145
1150	263000247208	2026-05-08 10:44:03.827	2026-05-08 10:44:43.904	Default	1	3	0	0	1	1.0140018	0	0	3	0	0	0
1153	263000247208	2026-05-08 10:44:18.881	2026-05-08 10:45:00.065	Default	1	4	0	0	3	10.5300185	0	0	3	0	0	0
1155	263000247284	2026-05-08 10:45:00.065	2026-05-08 10:45:01.703	Default	1	4	0	0	1	1.0140018	0	0	3	0	0	0
1154	263000247275	2026-05-08 10:44:43.904	2026-05-08 10:45:53.433	Default	1	3	0	0	2	2.3088041	0	0	1	0	0	0
1152	263000247241	2026-05-08 10:44:13.109	2026-05-08 10:45:53.433	Default	1	2	0	0	8	14.0088245	0	0	3	45	2.04400002211332	5.4132097
1157	263000247275	2026-05-08 10:45:53.433	2026-05-08 10:46:05.741	Default	1	2	0	0	3	9.5316168	0	0	3	0	0	0
1158	263000247241	2026-05-08 10:46:05.741	2026-05-08 10:46:12.746	Default	1	2	0	0	1	6.255611	1	253.1572446	0	0	0	0
1156	263000247208	2026-05-08 10:45:01.703	2026-05-08 10:47:27.532	Default	1	4	0	0	4	6.3648113	0	0	1	0	0	0
1142	263000247231	2026-05-08 10:40:48.203	2026-05-08 10:52:48.253	Default	1	1	0	0	2	2.1372037	0	0	3	0	0	0
1162	263000247241	2026-05-08 10:52:48.253	2026-05-08 10:55:47.342	Default	1	1	0	0	8	65.8009156	0	0	3	2	0.0980000011622906	0.4368009
1161	263000247290	2026-05-08 10:48:26.750	2026-05-08 10:59:59.188	Default	1	4	0	0	2	4.5864081	0	0	3	0	0	0
1163	263000247231	2026-05-08 10:55:47.342	2026-05-08 11:10:07.231	Default	1	1	0	0	53	466.9200201	0	0	3	0	0	0
1164	263000247284	2026-05-08 10:59:59.188	2026-05-08 11:14:09.780	Default	1	4	0	0	3	4.7268082	1	3573.6386768	0	2	0.0280000008642673	0.4524008
1165	263000247290	2026-05-08 11:10:07.231	2026-05-08 11:16:37.684	Default	1	1	0	0	1	24.3204428	0	0	3	17	0.252000005915761	3.2448057
1166	263000247231	2026-05-08 11:16:37.684	2026-05-08 11:18:06.058	Default	1	1	0	0	1	1.0140018	0	0	3	0	0	0
1167	263000247290	2026-05-08 11:18:06.058	2026-05-08 11:20:20.780	Default	1	1	0	0	8	26.0988457	0	0	3	2	0.0559999998658895	0.4212007
1160	263000247208	2026-05-08 10:47:27.532	2026-05-08 11:26:56.880	Default	1	3	0	0	66	196.341945	1	3512.7361698	0	82	2.8000000230968	10.2352181
1159	263000247275	2026-05-08 10:46:13.167	2026-05-08 11:52:44.637	Default	1	2	0	0	62	197.901948	1	3991.4698107	0	93	4.15799994021654	13.665624
1169	263000247284	2026-05-08 11:25:20.409	2026-05-08 12:15:21.699	Default	1	4	0	0	5	5.2728092	0	0	3	11	0.433999985456467	1.3884024
1170	263000247234	2026-05-08 11:49:09.310	2026-05-08 12:27:04.340	Default	1	3	0	0	4	5.8032101	0	0	3	1	0.0280000008642673	0.2184004
1173	263000247241	2026-05-08 12:27:04.340	2026-05-08 12:28:24.430	Default	1	3	0	0	3	15.6780275	0	0	1	21	0.686000000685453	3.7128065
1171	263000247275	2026-05-08 12:01:41.964	2026-05-08 12:28:24.430	Default	1	2	0	0	53	101.431378	0	0	3	16	0.979999996721745	2.854805
1174	263000247241	2026-05-08 12:28:24.430	2026-05-08 12:28:42.916	Default	1	2	0	0	1	4.1184073	0	0	1	0	0	0
1168	263000247231	2026-05-08 11:20:20.780	2026-05-08 12:37:53.379	Default	1	1	0	0	35	183.1287217	0	0	3	21	0.434000000357628	4.0098073
1177	263000247208	2026-05-08 12:37:53.379	2026-05-08 12:38:45.810	Default	1	1	0	0	5	5.9904106	0	0	3	19	0.294000009074807	3.7284063
1176	263000247234	2026-05-08 12:36:30.745	2026-05-08 12:38:52.893	Default	1	3	0	0	3	3.8220067	1	3040.6013406	0	1	0.0979999974370003	0.2808005
1178	263000247231	2026-05-08 12:38:45.810	2026-05-08 12:50:01.884	Default	1	1	0	0	11	37.1124654	0	0	3	15	0.657999996095896	2.355604
1180	263000247254	2026-05-08 12:50:01.884	2026-05-08 12:50:14.864	Default	1	1	0	0	3	11.5440203	0	0	3	0	0	0
1175	263000247275	2026-05-08 12:31:46.170	2026-05-08 12:50:38.872	Default	1	2	0	0	16	303.2333328	0	0	3	0	0	0
1182	263000247254	2026-05-08 12:50:38.872	2026-05-08 12:51:33.691	Default	1	2	0	0	2	5.179209	0	0	1	0	0	0
1172	263000247238	2026-05-08 12:15:21.699	2026-05-08 12:51:33.691	Default	1	4	0	0	7	17.5188309	0	0	3	4	0.195999998599291	0.9828017
1183	263000247254	2026-05-08 12:51:33.691	2026-05-08 12:52:55.279	Default	1	4	0	0	10	50.9340894	0	0	3	95	2.94000002741814	12.7764221
1181	263000247231	2026-05-08 12:50:14.864	2026-05-08 12:54:56.928	Default	1	1	0	0	7	16.3800289	1	14467.9958117	0	0	0	0
1184	263000247238	2026-05-08 12:52:55.279	2026-05-08 13:16:21.450	Default	1	4	0	0	22	897.1263758	1	6794.4983339	0	0	0	0
1187	263000247298	2026-05-08 13:17:01.620	2026-05-08 13:17:20.402	Default	1	4	0	0	2	6.6768118	1	18.782433	0	3	0.0700000002980232	0.4318008
1188	263000247298	2026-05-08 13:23:35.318	2026-05-08 13:23:41.027	Default	1	4	0	0	2	2.901605	1	5.70961	0	0	0	0
1185	263000247275	2026-05-08 12:58:31.319	2026-05-08 13:32:19.946	Default	1	2	0	0	19	43.867277	1	5437.9823513	0	0	0	0
1190	263000247275	2026-05-08 13:39:21.506	2026-05-08 13:51:34.848	Default	1	2	0	0	9	20.2176356	1	741.9685032	0	9	0.238000001758337	1.3884024
1179	263000247208	2026-05-08 12:38:56.824	2026-05-08 13:52:03.786	Default	1	3	0	0	19	91.5097606	1	4387.3049059	0	47	1.76400000415742	8.0340139
1192	263000247290	2026-05-08 13:52:32.552	2026-05-08 13:53:15.905	Default	1	3	0	0	5	20.3580357	1	43.1652758	0	24	0.881999988108873	4.056007
1193	263000247290	2026-05-08 13:53:21.645	2026-05-08 13:53:30.974	Default	1	3	0	0	2	6.271211	1	9.0012158	0	0	0	0
1191	263000247241	2026-05-08 13:52:14.706	2026-05-08 13:54:50.191	Default	1	2	0	0	4	15.5376272	0	0	3	21	0.616000007838011	3.2760057
1195	263000247275	2026-05-08 13:54:50.191	2026-05-08 13:54:53.920	Default	1	2	0	0	1	1.0608019	0	0	3	0	0	0
1196	263000247234	2026-05-08 13:54:53.920	2026-05-08 13:55:07.008	Default	1	2	0	0	1	2.2464039	0	0	3	0	0	0
1197	263000247241	2026-05-08 13:55:07.008	2026-05-08 13:55:08.989	Default	1	2	0	0	1	1.7940031	0	0	3	0	0	0
1198	263000247290	2026-05-08 13:55:08.989	2026-05-08 13:55:11.189	Default	1	2	0	0	1	2.1996038	0	0	3	0	0	0
1189	263000247298	2026-05-08 13:24:02.898	2026-05-08 13:56:57.753	Default	1	4	0	0	11	63.6793118	1	1974.8542687	0	59	1.70800003223121	8.9514157
1200	263000247208	2026-05-08 13:56:58.611	2026-05-08 13:57:07.815	Default	1	4	0	0	1	1.138802	1	9.3600165	0	0	0	0
1199	263000247241	2026-05-08 13:55:11.189	2026-05-08 14:04:39.903	Default	1	2	0	0	15	47.1120828	0	0	3	23	0.82599999755621	4.0560071
1201	263000247290	2026-05-08 14:04:39.903	2026-05-08 14:04:48.655	Default	1	2	0	0	1	7.5192132	0	0	3	0	0	0
1202	263000247241	2026-05-08 14:04:48.655	2026-05-08 14:05:04.630	Default	1	2	0	0	2	5.1168089	0	0	3	0	0	0
1203	263000247290	2026-05-08 14:05:04.630	2026-05-08 14:05:39.792	Default	1	2	0	0	4	24.1644425	0	0	3	2	0.0280000008642673	0.2652005
1204	263000247241	2026-05-08 14:05:39.792	2026-05-08 14:05:47.483	Default	1	2	0	0	1	4.1652073	1	812.7770275	0	0	0	0
1205	263000247290	2026-05-08 14:05:49.168	2026-05-08 14:06:12.614	Default	1	2	0	0	4	12.4644217	0	0	3	60	2.22599996626377	6.5520115
1206	263000247275	2026-05-08 14:06:12.614	2026-05-08 14:08:45.932	Default	1	2	0	0	3	8.9856157	0	0	3	157	8.87599992752075	19.6872346
1186	263000247231	2026-05-08 13:00:26.510	2026-05-08 14:15:13.358	Default	1	1	0	0	43	109.1009918	0	0	3	10	0.462000001221895	2.2464039
1208	263000247241	2026-05-08 14:15:13.358	2026-05-08 14:15:38.006	Default	1	1	0	0	1	3.6816065	0	0	3	0	0	0
1194	263000247219	2026-05-08 13:54:28.226	2026-05-08 14:25:03.585	Default	1	3	0	0	18	30.3888534	1	1844.4224396	0	128	6.55200019478798	16.5984292
1207	263000247290	2026-05-08 14:08:45.932	2026-05-08 14:26:16.001	Default	1	2	0	0	5	8.7984154	1	1226.8953549	0	0	0	0
1209	263000247231	2026-05-08 14:15:38.006	2026-05-08 14:26:31.554	Default	1	1	0	0	10	94.1149656	1	5164.6230711	0	0	0	0
1210	263000247234	2026-05-08 14:21:49.552	2026-05-08 14:27:02.879	Default	1	4	0	0	11	15.8522279	1	1665.6305255	0	0	0	0
1211	263000247298	2026-05-08 14:25:38.248	2026-05-08 14:27:48.103	Default	1	3	0	0	11	25.4280447	1	129.3554272	0	4	0.30800000205636	0.8736016
1212	263000247298	2026-05-08 14:27:48.790	2026-05-08 14:27:52.924	Default	1	4	0	0	2	2.0748036	1	3.5724062	0	0	0	0
